"Status";"Gas Day Start (status at 6AM  CEST)";"Gas Day End";"Gas in storage (TWh)";"Full (%)";"Trend (%)";"Consumption (TWh)";"Stock/Cons (%)";"Injection (GWh/d)";"Withdrawal (GWh/d)";"Technical Capacity (TWh)";"Injection capacity (GWh/d)";"Withdrawal capacity (GWh/d)";"Contracted Capacity (TWh)";"Available Capacity (TWh)"
"C";"2026-05-28";"2026-05-29";"16.3346";"36.06";"0.28";"77.05";"21.2";"130.35";"1.1";"45.3034";"564.33";"733.7";"38.779";"6.5249"
"C";"2026-05-27";"2026-05-28";"16.2064";"35.77";"0.31";"77.05";"21.03";"143.34";"1.1";"45.3034";"564.33";"733.7";"38.779";"6.5249"
"C";"2026-05-26";"2026-05-27";"16.0641";"35.46";"0.23";"77.05";"20.85";"105.63";"2.7";"45.3034";"564.33";"733.7";"38.779";"6.5249"
"C";"2026-05-25";"2026-05-26";"15.9616";"35.23";"0.31";"77.05";"20.72";"142.28";"1.8";"45.3034";"564.33";"733.7";"38.779";"6.5249"
"C";"2026-05-24";"2026-05-25";"15.8218";"34.92";"0.31";"77.05";"20.53";"144.26";"1.9";"45.3034";"564.33";"733.7";"38.779";"6.5249"
"C";"2026-05-23";"2026-05-24";"15.68";"34.61";"0.31";"77.05";"20.35";"141.15";"1.9";"45.3034";"564.33";"733.7";"38.779";"6.5249"
"C";"2026-05-22";"2026-05-23";"15.5413";"34.31";"0.23";"77.05";"20.17";"108.2";"2.8";"45.3034";"564.33";"733.7";"38.779";"6.5249"
"C";"2026-05-21";"2026-05-22";"15.4365";"34.07";"0.26";"77.05";"20.03";"122.19";"5.6";"45.3034";"564.33";"733.7";"38.779";"6.5249"
"C";"2026-05-20";"2026-05-21";"15.3204";"33.82";"0.15";"77.05";"19.88";"80.03";"10";"45.3034";"564.33";"733.7";"38.779";"6.5249"
"C";"2026-05-19";"2026-05-20";"15.2508";"33.66";"0.08";"77.05";"19.79";"95.45";"10.6";"45.3034";"564.33";"733.7";"38.779";"6.5249"
"C";"2026-05-18";"2026-05-19";"15.216";"33.59";"0.18";"77.05";"19.75";"81.58";"2.1";"45.3034";"564.33";"733.7";"38.779";"6.5249"
"C";"2026-05-17";"2026-05-18";"15.1367";"33.41";"0.2";"77.05";"19.65";"93.86";"4.7";"45.3034";"564.33";"733.7";"38.779";"6.5249"
"C";"2026-05-16";"2026-05-17";"15.0478";"33.22";"0.23";"77.05";"19.53";"104.27";"1.2";"45.3034";"564.33";"733.7";"38.779";"6.5249"
"C";"2026-05-15";"2026-05-16";"14.9452";"32.99";"0.19";"77.05";"19.4";"93.08";"8.5";"45.3034";"564.33";"733.7";"38.779";"6.5249"
"C";"2026-05-14";"2026-05-15";"14.8607";"32.8";"0.18";"77.05";"19.29";"88.45";"6.8";"45.3034";"564.33";"733.7";"38.779";"6.5249"
"C";"2026-05-13";"2026-05-14";"14.7792";"32.62";"0.16";"77.05";"19.18";"87.58";"16.7";"45.3034";"564.33";"733.7";"38.779";"6.5249"
"C";"2026-05-12";"2026-05-13";"14.7084";"32.47";"0.2";"77.05";"19.09";"99.38";"10.8";"45.3034";"564.33";"733.7";"38.779";"6.5249"
"C";"2026-05-11";"2026-05-12";"14.6199";"32.27";"0.27";"77.05";"18.97";"126.31";"4";"45.3034";"564.33";"733.7";"38.779";"6.5249"
"C";"2026-05-10";"2026-05-11";"14.4978";"32";"0.29";"77.05";"18.82";"132.35";"1.6";"45.3034";"564.33";"733.7";"38.779";"6.5249"
"C";"2026-05-09";"2026-05-10";"14.3673";"31.71";"0.28";"77.05";"18.65";"129.37";"1.6";"45.3034";"564.33";"733.7";"38.779";"6.5249"
"C";"2026-05-08";"2026-05-09";"14.2397";"31.43";"0.26";"77.05";"18.48";"122.01";"1";"45.3034";"564.33";"733.7";"38.779";"6.5249"
"C";"2026-05-07";"2026-05-08";"14.1198";"31.17";"0.29";"77.05";"18.33";"133.43";"1.6";"45.3034";"564.33";"733.7";"38.779";"6.5249"
"C";"2026-05-06";"2026-05-07";"13.9891";"30.88";"0.27";"77.05";"18.16";"127.44";"5.8";"45.3034";"564.33";"733.7";"38.779";"6.5249"
"C";"2026-05-05";"2026-05-06";"13.8686";"30.61";"0.26";"77.05";"18";"135.89";"14.9";"45.3034";"564.33";"733.7";"38.779";"6.5249"
"C";"2026-05-04";"2026-05-05";"13.7488";"30.35";"0.26";"77.05";"17.84";"120.9";"1";"45.3034";"564.33";"733.7";"38.979";"6.3249"
"C";"2026-05-03";"2026-05-04";"13.63";"30.09";"0.27";"77.05";"17.69";"122.38";"1";"45.3034";"564.33";"733.7";"38.779";"6.5249"
"C";"2026-05-02";"2026-05-03";"13.5098";"29.82";"0.26";"77.05";"17.53";"120.36";"1";"45.3034";"564.33";"733.7";"38.809";"6.4949"
"C";"2026-05-01";"2026-05-02";"13.3915";"29.56";"-0.37";"77.05";"17.38";"111.27";"9.6";"45.3034";"564.33";"733.7";"38.809";"6.4949"
"C";"2026-04-30";"2026-05-01";"13.5609";"29.93";"0.17";"77.05";"17.6";"97.33";"21.4";"45.3034";"564.33";"733.7";"39.079";"6.2249"
"C";"2026-04-29";"2026-04-30";"13.486";"29.77";"0.15";"77.05";"17.5";"83.5";"16";"45.3034";"564.33";"733.7";"39.079";"6.2249"
"C";"2026-04-28";"2026-04-29";"13.4195";"29.62";"0.16";"77.05";"17.42";"91.22";"16";"45.3034";"564.33";"733.7";"39.079";"6.2249"
"C";"2026-04-27";"2026-04-28";"13.3453";"29.46";"0.15";"77.05";"17.32";"90.97";"21.9";"45.3034";"564.33";"733.7";"39.079";"6.2249"
"C";"2026-04-26";"2026-04-27";"13.2772";"29.31";"0.22";"77.05";"17.23";"116.69";"15";"45.3034";"564.33";"733.7";"39.079";"6.2249"
"C";"2026-04-25";"2026-04-26";"13.1765";"29.09";"0.24";"77.05";"17.1";"125.65";"15";"45.3034";"564.33";"733.7";"39.079";"6.2249"
"C";"2026-04-24";"2026-04-25";"13.067";"28.84";"0.17";"77.05";"16.96";"97.05";"15.1";"45.3034";"564.33";"733.7";"39.079";"6.2249"
"C";"2026-04-23";"2026-04-24";"12.9881";"28.67";"0.09";"77.05";"16.86";"61.43";"22.5";"45.3034";"564.33";"733.7";"39.079";"6.2249"
"C";"2026-04-22";"2026-04-23";"12.9493";"28.58";"-0.06";"77.05";"16.81";"53.79";"81.8";"45.3034";"564.33";"733.7";"39.079";"6.2249"
"C";"2026-04-21";"2026-04-22";"12.9783";"28.65";"-0.01";"77.05";"16.84";"54.92";"56.9";"45.3034";"564.33";"733.7";"39.079";"6.2249"
"C";"2026-04-20";"2026-04-21";"12.9812";"28.65";"0.07";"77.05";"16.85";"66.67";"33.7";"45.3034";"564.33";"733.7";"39.079";"6.2249"
"C";"2026-04-19";"2026-04-20";"12.9483";"28.58";"0.2";"77.05";"16.81";"105.11";"15";"45.3034";"564.33";"733.7";"39.0594";"6.2445"
"C";"2026-04-18";"2026-04-19";"12.8591";"28.38";"0.2";"77.05";"16.69";"106.34";"16.4";"45.3034";"564.33";"733.7";"39.0594";"6.2445"
"C";"2026-04-17";"2026-04-18";"12.7701";"28.19";"-0.07";"77.05";"16.57";"57.61";"89.7";"45.3034";"564.33";"733.7";"39.0594";"6.2445"
"C";"2026-04-16";"2026-04-17";"12.8031";"28.26";"-0.14";"77.05";"16.62";"44.72";"106.5";"45.3034";"564.33";"733.7";"39.0594";"6.2445"
"C";"2026-04-15";"2026-04-16";"12.8651";"28.4";"-0.24";"77.05";"16.7";"28.4";"136.8";"45.3034";"564.33";"733.7";"39.0594";"6.2445"
"C";"2026-04-14";"2026-04-15";"12.9746";"28.64";"-0.14";"77.05";"16.84";"17.94";"80.3";"45.3034";"564.33";"733.7";"39.059";"6.2449"
"C";"2026-04-13";"2026-04-14";"13.037";"28.78";"-0.11";"77.05";"16.92";"31.71";"79.3";"45.3034";"564.33";"733.7";"39.059";"6.2449"
"C";"2026-04-12";"2026-04-13";"13.0848";"28.88";"-0.09";"77.05";"16.98";"35.68";"76.8";"45.3034";"564.33";"733.7";"39.059";"6.2449"
"C";"2026-04-11";"2026-04-12";"13.1261";"28.97";"-0.13";"77.05";"17.04";"29.3";"86.3";"45.3034";"564.33";"733.7";"39.059";"6.2449"
"C";"2026-04-10";"2026-04-11";"13.1833";"29.1";"-0.18";"77.05";"17.11";"38.9";"118.5";"45.3034";"564.33";"733.7";"39.059";"6.2449"
"C";"2026-04-09";"2026-04-10";"13.2641";"29.28";"-0.14";"77.05";"17.21";"31.22";"95.6";"45.3034";"564.33";"733.7";"39.059";"6.2449"
"C";"2026-04-08";"2026-04-09";"13.3297";"29.42";"-0.1";"77.05";"17.3";"28.71";"71.7";"45.3034";"564.33";"733.7";"39.059";"6.2449"
"C";"2026-04-07";"2026-04-08";"13.3747";"29.52";"-0.08";"77.05";"17.36";"28.83";"61.7";"45.3034";"564.33";"733.7";"39.059";"6.2449"
"C";"2026-04-06";"2026-04-07";"13.4098";"29.6";"0.04";"77.05";"17.4";"60.32";"42.2";"45.3034";"564.33";"733.7";"39.059";"6.2449"
"C";"2026-04-05";"2026-04-06";"13.3939";"29.56";"0.02";"77.05";"17.38";"53.56";"42.3";"45.3034";"564.33";"733.7";"39.059";"6.2449"
"C";"2026-04-04";"2026-04-05";"13.3848";"29.54";"-0.01";"77.05";"17.37";"48.8";"49.4";"45.3034";"564.33";"733.7";"39.059";"6.2449"
"C";"2026-04-03";"2026-04-04";"13.3876";"29.55";"-0.04";"77.05";"17.38";"45.86";"62.5";"45.3034";"564.33";"733.7";"39.059";"6.2449"
"C";"2026-04-02";"2026-04-03";"13.4064";"29.59";"-0.16";"77.05";"17.4";"17.39";"87.9";"45.3034";"564.33";"733.7";"39.059";"6.2449"
"C";"2026-04-01";"2026-04-02";"13.479";"29.75";"0.48";"77.05";"17.49";"25.14";"104";"45.3034";"564.33";"733.7";"39.059";"6.2449"
"C";"2026-03-31";"2026-04-01";"13.26";"28.18";"-0.27";"77.05";"17.21";"5.87";"128.8";"47.0535";"558.17";"732.07";"47.3783";"0.5847"
"C";"2026-03-30";"2026-03-31";"13.3857";"28.45";"-0.19";"77.05";"17.37";"28.94";"115.2";"47.0535";"558.17";"732.07";"47.3783";"0.5847"
"C";"2026-03-29";"2026-03-30";"13.4753";"28.64";"-0.14";"77.05";"17.49";"41.53";"103.3";"47.0535";"558.17";"732.07";"47.3783";"0.5847"
"E";"2026-03-28";"2026-03-29";"13.5432";"28.78";"-0.12";"77.05";"17.58";"39.98";"96.3";"47.0535";"555.11";"728.08";"47.3783";"0.5847"
"C";"2026-03-27";"2026-03-28";"13.6006";"28.9";"-0.16";"77.05";"17.65";"13.68";"84.5";"47.0535";"558.17";"732.07";"47.3783";"0.5847"
"C";"2026-03-26";"2026-03-27";"13.6751";"29.06";"-0.18";"77.05";"17.75";"16.49";"100.7";"47.0535";"558.17";"732.07";"47.3783";"0.5847"
"C";"2026-03-25";"2026-03-26";"13.76";"29.24";"-0.1";"77.05";"17.86";"38.73";"83.9";"47.0535";"558.17";"732.07";"47.3783";"0.5847"
"C";"2026-03-24";"2026-03-25";"13.8067";"29.34";"-0.03";"77.05";"17.92";"65.27";"79.5";"47.0535";"558.17";"732.07";"47.3783";"0.5847"
"C";"2026-03-23";"2026-03-24";"13.8225";"29.38";"-0.07";"77.05";"17.94";"43.25";"76.7";"47.0535";"558.17";"732.07";"47.3783";"0.5847"
"C";"2026-03-22";"2026-03-23";"13.8563";"29.45";"-0.02";"77.05";"17.98";"47.41";"58.2";"47.0535";"558.17";"732.07";"47.3783";"0.5847"
"C";"2026-03-21";"2026-03-22";"13.8675";"29.47";"-0.03";"77.05";"18";"47.55";"59.3";"47.0535";"558.17";"732.07";"47.3783";"0.5847"
"C";"2026-03-20";"2026-03-21";"13.8797";"29.5";"-0.06";"77.05";"18.01";"47.96";"74.7";"47.0535";"558.17";"732.07";"47.3783";"0.5847"
"C";"2026-03-19";"2026-03-20";"13.908";"29.56";"-0.08";"77.05";"18.05";"55.47";"91";"47.0535";"558.17";"732.07";"47.3783";"0.5847"
"C";"2026-03-18";"2026-03-19";"13.9453";"29.64";"-0.15";"77.05";"18.1";"17.4";"88.3";"47.0535";"558.17";"732.07";"47.365";"0.5979"
"C";"2026-03-17";"2026-03-18";"14.0175";"29.79";"-0.14";"77.05";"18.19";"46.96";"102.1";"47.0535";"558.17";"732.07";"47.365";"0.5979"
"C";"2026-03-16";"2026-03-17";"14.0834";"29.93";"-0.13";"77.05";"18.28";"31.61";"90.9";"47.0535";"558.17";"732.07";"47.365";"0.5979"
"C";"2026-03-15";"2026-03-16";"14.1431";"30.06";"-0.05";"77.05";"18.36";"36.81";"59.4";"47.0535";"558.17";"732.07";"47.343";"0.6199"
"C";"2026-03-14";"2026-03-15";"14.1661";"30.11";"-0.05";"77.05";"18.39";"39.29";"61.5";"47.0535";"558.17";"732.07";"47.343";"0.6199"
"C";"2026-03-13";"2026-03-14";"14.1897";"30.16";"-0.02";"77.05";"18.42";"40.95";"50.2";"47.0535";"558.17";"732.07";"47.343";"0.6199"
"C";"2026-03-12";"2026-03-13";"14.1999";"30.18";"-0.07";"77.05";"18.43";"20.04";"54.1";"47.0535";"558.17";"732.07";"47.343";"0.6199"
"C";"2026-03-11";"2026-03-12";"14.235";"30.25";"0";"77.05";"18.48";"51.18";"51.9";"47.0535";"558.17";"732.07";"47.343";"0.6199"
"C";"2026-03-10";"2026-03-11";"14.2367";"30.26";"-0.07";"77.05";"18.48";"30.45";"62.8";"47.0535";"558.17";"732.07";"47.343";"0.6199"
"C";"2026-03-09";"2026-03-10";"14.2701";"30.33";"-0.07";"77.05";"18.52";"37.58";"68.6";"47.0535";"558.17";"732.07";"47.3211";"0.6418"
"C";"2026-03-08";"2026-03-09";"14.3024";"30.4";"-0.03";"77.05";"18.56";"52.04";"64.3";"47.0535";"558.17";"732.07";"47.3211";"0.6418"
"C";"2026-03-07";"2026-03-08";"14.3156";"30.42";"-0.02";"77.05";"18.58";"51.84";"58.6";"47.0535";"558.17";"732.07";"47.3211";"0.6418"
"C";"2026-03-06";"2026-03-07";"14.3234";"30.44";"-0.08";"77.05";"18.59";"39.97";"75.7";"47.0535";"558.17";"732.07";"47.2991";"0.6638"
"C";"2026-03-05";"2026-03-06";"14.3608";"30.52";"-0.2";"77.05";"18.64";"50.24";"141.2";"47.0535";"558.17";"732.07";"47.2991";"0.6638"
"C";"2026-03-04";"2026-03-05";"14.4534";"30.72";"-0.18";"77.05";"18.76";"62.94";"144.3";"47.0535";"558.17";"732.07";"47.2991";"0.6638"
"C";"2026-03-03";"2026-03-04";"14.5364";"30.89";"-0.36";"77.05";"18.87";"42.06";"142.7";"47.0535";"558.17";"732.07";"47.2991";"0.6638"
"E";"2026-03-02";"2026-03-03";"14.7062";"31.25";"-0.04";"77.05";"19.09";"41.27";"61.3";"47.0535";"558.17";"732.07";"47.2991";"0.6638"
"C";"2026-03-01";"2026-03-02";"14.7266";"31.3";"0.31";"77.05";"19.11";"36.88";"65.9";"47.0535";"558.17";"732.07";"47.2991";"0.6638"
"C";"2026-02-28";"2026-03-01";"14.5811";"30.99";"-0.06";"77.05";"18.92";"43.22";"71.7";"47.0535";"558.17";"732.07";"47.4241";"0.6638"
"C";"2026-02-27";"2026-02-28";"14.61";"31.05";"-0.14";"77.05";"18.96";"24.4";"88.9";"47.0535";"558.17";"732.07";"47.4241";"0.6638"
"C";"2026-02-26";"2026-02-27";"14.6754";"31.19";"-0.28";"77.05";"19.05";"30.77";"163.1";"47.0535";"558.17";"732.07";"47.4241";"0.6638"
"C";"2026-02-25";"2026-02-26";"14.8082";"31.47";"-0.38";"77.05";"19.22";"12.05";"191.8";"47.0535";"558.17";"732.07";"47.4241";"0.6638"
"C";"2026-02-24";"2026-02-25";"14.9877";"31.85";"-0.35";"77.05";"19.45";"7.97";"171.5";"47.0535";"558.17";"732.07";"47.4241";"0.6638"
"C";"2026-02-23";"2026-02-24";"15.1514";"32.2";"-0.3";"77.05";"19.66";"16.52";"158.4";"47.0535";"558.17";"732.07";"47.4241";"0.6638"
"C";"2026-02-22";"2026-02-23";"15.2931";"32.5";"-0.35";"77.05";"19.85";"15.04";"181.9";"47.0535";"558.17";"732.07";"47.4241";"0.6638"
"C";"2026-02-21";"2026-02-22";"15.4598";"32.86";"-0.39";"77.05";"20.06";"6.43";"191.3";"47.0535";"558.17";"732.07";"47.4241";"0.6638"
"C";"2026-02-20";"2026-02-21";"15.6444";"33.25";"-0.6";"77.05";"20.3";"5.69";"287.2";"47.0535";"558.17";"732.07";"47.4241";"0.6638"
"C";"2026-02-19";"2026-02-20";"15.9257";"33.85";"-0.77";"77.05";"20.67";"6.88";"368";"47.0535";"558.17";"732.07";"47.4241";"0.6638"
"C";"2026-02-18";"2026-02-19";"16.2865";"34.61";"-0.77";"77.05";"21.14";"1.15";"363.1";"47.0535";"558.17";"732.07";"47.4241";"0.6638"
"C";"2026-02-17";"2026-02-18";"16.647";"35.38";"-0.82";"77.05";"21.61";"0.09";"386";"47.0535";"558.17";"732.07";"47.4241";"0.6638"
"C";"2026-02-16";"2026-02-17";"17.0321";"36.2";"-0.71";"77.05";"22.11";"0.06";"332.8";"47.0535";"558.17";"732.07";"47.4241";"0.6638"
"C";"2026-02-15";"2026-02-16";"17.3646";"36.9";"-0.63";"77.05";"22.54";"3.8";"301.1";"47.0535";"558.17";"732.07";"47.4241";"0.6638"
"C";"2026-02-14";"2026-02-15";"17.6617";"37.54";"-0.59";"77.05";"22.92";"5.1";"283.2";"47.0535";"558.17";"732.07";"47.4241";"0.6638"
"C";"2026-02-13";"2026-02-14";"17.9395";"38.13";"-0.49";"77.05";"23.28";"6.93";"238.3";"47.0535";"558.17";"732.07";"47.4241";"0.6638"
"C";"2026-02-12";"2026-02-13";"18.1705";"38.62";"-0.58";"77.05";"23.58";"6.39";"279.6";"47.0535";"558.17";"732.07";"47.4241";"0.6638"
"C";"2026-02-11";"2026-02-12";"18.4435";"39.2";"-0.62";"77.05";"23.94";"0.14";"293.2";"47.0535";"558.17";"732.07";"47.4241";"0.6638"
"C";"2026-02-10";"2026-02-11";"18.7362";"39.82";"-0.7";"77.05";"24.32";"0.07";"335.5";"47.0535";"558.17";"732.07";"47.4241";"0.6638"
"C";"2026-02-09";"2026-02-10";"19.0652";"40.52";"-0.72";"77.05";"24.74";"0.05";"340.5";"47.0535";"558.17";"732.07";"47.4241";"0.6638"
"C";"2026-02-08";"2026-02-09";"19.4049";"41.24";"-0.58";"77.05";"25.18";"0.05";"275.6";"47.0535";"558.17";"732.07";"47.4241";"0.6638"
"C";"2026-02-07";"2026-02-08";"19.6796";"41.82";"-0.58";"77.05";"25.54";"0.52";"276.2";"47.0535";"558.17";"732.07";"47.4241";"0.6638"
"C";"2026-02-06";"2026-02-07";"19.9544";"42.41";"-0.57";"77.05";"25.9";"1.65";"333.5";"47.0535";"558.17";"732.07";"47.4241";"0.6638"
"C";"2026-02-05";"2026-02-06";"20.2221";"42.98";"-0.92";"77.05";"26.25";"0.14";"435.4";"47.0535";"558.17";"732.07";"47.4241";"0.6638"
"C";"2026-02-04";"2026-02-05";"20.6558";"43.9";"-0.9";"77.05";"26.81";"0.06";"423.2";"47.0535";"558.17";"732.07";"47.4241";"0.6638"
"C";"2026-02-03";"2026-02-04";"21.0775";"44.79";"-0.09";"77.05";"27.36";"0.06";"441.7";"47.0535";"558.17";"732.07";"47.4241";"0.6638"
"C";"2026-02-02";"2026-02-03";"21.1177";"44.88";"-0.7";"77.05";"27.41";"1.33";"426.5";"47.0535";"558.17";"732.07";"47.4241";"0.6638"
"E";"2026-02-01";"2026-02-02";"21.4467";"45.58";"-0.73";"77.05";"27.83";"0.54";"344.5";"47.0535";"558.17";"732.07";"47.1746";"0.6638"
"C";"2026-01-31";"2026-02-01";"21.7899";"46.31";"-0.49";"77.05";"28.28";"2.55";"356.9";"47.0535";"558.17";"732.07";"47.1746";"0.6638"
"C";"2026-01-30";"2026-01-31";"22.0225";"46.8";"-0.86";"77.05";"28.58";"2.33";"412.3";"47.0535";"558.17";"732.07";"47.1746";"0.6638"
"C";"2026-01-29";"2026-01-30";"22.4294";"47.67";"-0.77";"77.05";"29.11";"2.37";"418";"47.0535";"558.17";"732.07";"47.1541";"0.6843"
"C";"2026-01-28";"2026-01-29";"22.7927";"48.44";"-0.87";"77.05";"29.58";"2.5";"416.8";"47.0535";"558.17";"732.07";"47.1541";"0.6843"
"C";"2026-01-27";"2026-01-28";"23.2038";"49.31";"-0.46";"77.05";"30.12";"1.34";"419.5";"47.0535";"558.17";"732.07";"47.1336";"0.7048"
"C";"2026-01-26";"2026-01-27";"23.4188";"49.77";"-0.86";"77.05";"30.39";"0.72";"407.4";"47.0535";"558.17";"732.07";"46.9876";"0.7253"
"C";"2026-01-25";"2026-01-26";"23.8224";"50.63";"-0.85";"77.05";"30.92";"0.72";"403.1";"47.0535";"558.17";"732.07";"46.9876";"0.7253"
"C";"2026-01-24";"2026-01-25";"24.2215";"51.48";"-0.87";"77.05";"31.44";"0.72";"411.2";"47.0535";"558.17";"732.07";"46.9876";"0.7253"
"C";"2026-01-23";"2026-01-24";"24.6288";"52.34";"-0.93";"77.05";"31.96";"0.73";"443.3";"47.0535";"558.17";"732.07";"46.9262";"0.7868"
"C";"2026-01-22";"2026-01-23";"25.0681";"53.28";"-0.96";"77.05";"32.53";"0.74";"453.9";"47.0535";"558.17";"732.07";"46.6057";"0.8073"
"C";"2026-01-21";"2026-01-22";"25.5181";"54.23";"-0.94";"77.05";"33.12";"0.76";"444.7";"47.0535";"558.17";"732.07";"46.4057";"0.8073"
"C";"2026-01-20";"2026-01-21";"25.9588";"55.17";"-0.85";"77.05";"33.69";"5.28";"409.2";"47.0535";"558.17";"732.07";"46.4057";"0.8073"
"C";"2026-01-19";"2026-01-20";"26.3583";"56.02";"-0.71";"77.05";"34.21";"0.79";"335.1";"47.0535";"558.17";"732.07";"46.386";"0.8269"
"C";"2026-01-18";"2026-01-19";"26.691";"56.72";"-0.55";"77.05";"34.64";"0.79";"259.4";"47.0535";"558.17";"732.07";"46.386";"0.8269"
"C";"2026-01-17";"2026-01-18";"26.9477";"57.27";"-0.52";"77.05";"34.97";"0.79";"248.6";"47.0535";"558.17";"732.07";"46.386";"0.8269"
"C";"2026-01-16";"2026-01-17";"27.1936";"57.79";"-0.55";"77.05";"35.29";"1.79";"263.6";"47.0535";"558.17";"732.07";"46.386";"0.8269"
"C";"2026-01-15";"2026-01-16";"27.4545";"58.35";"-0.55";"77.05";"35.63";"0.9";"261.4";"47.0535";"558.17";"732.07";"46.386";"0.8269"
"C";"2026-01-14";"2026-01-15";"27.7119";"58.89";"-0.62";"77.05";"35.97";"0.85";"294.9";"47.0535";"558.17";"732.07";"46.386";"0.8269"
"C";"2026-01-13";"2026-01-14";"28.0028";"59.51";"-0.77";"77.05";"36.34";"0.95";"368.2";"47.0535";"558.17";"732.07";"46.386";"0.8269"
"C";"2026-01-12";"2026-01-13";"28.3671";"60.29";"-0.84";"77.05";"36.82";"0.99";"395.4";"47.0535";"558.17";"732.07";"46.386";"0.8269"
"C";"2026-01-11";"2026-01-12";"28.7606";"61.12";"-0.77";"77.05";"37.33";"0.99";"366.6";"47.0535";"558.17";"732.07";"46.386";"0.8269"
"C";"2026-01-10";"2026-01-11";"29.1236";"61.89";"-0.71";"77.05";"37.8";"0.99";"334.3";"47.0535";"558.17";"732.07";"46.386";"0.8269"
"C";"2026-01-09";"2026-01-10";"29.456";"62.6";"-0.73";"77.05";"38.23";"0.91";"346.2";"47.0535";"558.17";"732.07";"46.386";"0.8269"
"C";"2026-01-08";"2026-01-09";"29.8004";"63.33";"-0.79";"77.05";"38.68";"0.91";"375.3";"47.0535";"558.17";"732.07";"46.386";"0.8269"
"C";"2026-01-07";"2026-01-08";"30.1738";"64.13";"-0.79";"77.05";"39.16";"0.9";"374.5";"47.0535";"558.17";"732.07";"46.386";"0.8269"
"C";"2026-01-06";"2026-01-07";"30.5456";"64.92";"-0.78";"77.05";"39.64";"0.91";"370.5";"47.0535";"558.17";"732.07";"46.386";"0.8269"
"C";"2026-01-05";"2026-01-06";"30.9121";"65.7";"-0.68";"77.05";"40.12";"6.64";"327.7";"47.0535";"558.17";"732.07";"46.386";"0.8269"
"C";"2026-01-04";"2026-01-05";"31.2323";"66.38";"-0.6";"77.05";"40.54";"10.22";"294.5";"47.0535";"558.17";"732.07";"46.386";"0.8269"
"C";"2026-01-03";"2026-01-04";"31.5166";"66.98";"-0.55";"77.05";"40.9";"10.17";"268.7";"47.0535";"558.17";"732.07";"46.386";"0.8269"
"C";"2026-01-02";"2026-01-03";"31.775";"67.53";"-0.44";"77.05";"41.24";"8.78";"217.5";"47.0535";"558.17";"732.07";"46.386";"0.8269"
"C";"2026-01-01";"2026-01-02";"31.982";"67.97";"0";"77.05";"41.51";"7.77";"212.3";"47.0535";"558.17";"732.07";"46.386";"0.8269"
"C";"2025-12-31";"2026-01-01";"32.1847";"68.4";"-0.63";"77.05";"41.77";"3.42";"300.4";"47.0535";"558.17";"732.07";"46.4024";"0.8106"
"C";"2025-12-30";"2025-12-31";"32.4798";"69.03";"-0.63";"77.05";"42.15";"8.03";"303.1";"47.0535";"558.17";"732.07";"46.4024";"0.8106"
"C";"2025-12-29";"2025-12-30";"32.7743";"69.65";"-0.69";"77.05";"42.54";"10.31";"334.5";"47.0535";"558.17";"732.07";"46.4024";"0.8106"
"C";"2025-12-28";"2025-12-29";"33.0975";"70.34";"-0.65";"77.05";"42.96";"11.1";"316.1";"47.0535";"558.17";"732.07";"46.4024";"0.8106"
"C";"2025-12-27";"2025-12-28";"33.4016";"70.99";"-0.66";"77.05";"43.35";"10.69";"323.9";"47.0535";"558.17";"732.07";"46.4024";"0.8106"
"C";"2025-12-26";"2025-12-27";"33.7138";"71.65";"-0.65";"77.05";"43.76";"9.19";"318";"47.0535";"558.17";"732.07";"46.4024";"0.8106"
"C";"2025-12-25";"2025-12-26";"34.0216";"72.3";"-0.59";"77.05";"44.16";"9.2";"286.1";"47.0535";"558.17";"732.07";"46.4024";"0.8106"
"C";"2025-12-24";"2025-12-25";"34.2976";"72.89";"-0.53";"77.05";"44.51";"14.83";"262.1";"47.0535";"558.17";"732.07";"46.4024";"0.8106"
"C";"2025-12-23";"2025-12-24";"34.5458";"73.42";"-0.59";"77.05";"44.84";"12.18";"290.7";"47.0535";"558.17";"732.07";"46.4024";"0.8106"
"C";"2025-12-22";"2025-12-23";"34.8251";"74.01";"-0.56";"77.05";"45.2";"10.89";"275.9";"47.0535";"558.17";"732.07";"46.4024";"0.8106"
"C";"2025-12-21";"2025-12-22";"35.0882";"74.57";"-0.55";"77.05";"45.54";"18.67";"278.3";"47.0535";"558.17";"732.07";"46.4024";"0.8106"
"C";"2025-12-20";"2025-12-21";"35.3457";"75.12";"-0.56";"77.05";"45.87";"20.27";"285.3";"47.0535";"558.17";"732.07";"46.4024";"0.8106"
"C";"2025-12-19";"2025-12-20";"35.6089";"75.68";"-0.59";"77.05";"46.22";"12.44";"290.5";"47.0535";"558.17";"732.07";"46.4014";"0.8106"
"C";"2025-12-18";"2025-12-19";"35.8851";"76.26";"-0.64";"77.05";"46.57";"9.35";"313.8";"47.0535";"558.17";"732.07";"46.4014";"0.8106"
"C";"2025-12-17";"2025-12-18";"36.1877";"76.91";"-0.63";"77.05";"46.97";"14.07";"310.6";"47.0535";"558.17";"732.07";"46.4014";"0.8106"
"C";"2025-12-16";"2025-12-17";"36.4823";"77.53";"-0.56";"77.05";"47.35";"8.29";"274.6";"47.0535";"558.17";"732.07";"46.4014";"0.8106"
"C";"2025-12-15";"2025-12-16";"36.7477";"78.1";"-0.45";"77.05";"47.69";"9.45";"223.3";"47.0535";"558.17";"732.07";"46.4014";"0.8106"
"C";"2025-12-14";"2025-12-15";"36.9611";"78.55";"-0.4";"77.05";"47.97";"8.95";"196.9";"47.0535";"558.17";"732.07";"46.4014";"0.8106"
"C";"2025-12-13";"2025-12-14";"37.1493";"78.95";"-0.39";"77.05";"48.21";"11.72";"192.9";"47.0535";"558.17";"732.07";"46.4014";"0.8106"
"C";"2025-12-12";"2025-12-13";"37.3308";"79.34";"-0.4";"77.05";"48.45";"12.11";"202.7";"47.0535";"558.17";"732.07";"46.4014";"0.8106"
"C";"2025-12-11";"2025-12-12";"37.521";"79.74";"-0.36";"77.05";"48.7";"26.01";"197.1";"47.0535";"558.17";"732.07";"46.4014";"0.8106"
"C";"2025-12-10";"2025-12-11";"37.6903";"80.1";"-0.26";"77.05";"48.92";"18.97";"140.7";"47.0535";"558.17";"732.07";"46.4014";"0.8106"
"C";"2025-12-09";"2025-12-10";"37.8116";"80.36";"-0.27";"77.05";"49.07";"17.19";"142";"47.0535";"558.17";"732.07";"46.4014";"0.8106"
"C";"2025-12-08";"2025-12-09";"37.9366";"80.62";"-0.4";"77.05";"49.24";"17.31";"208.3";"47.0535";"558.17";"732.07";"46.4014";"0.8106"
"C";"2025-12-07";"2025-12-08";"38.1269";"81.03";"-0.38";"77.05";"49.48";"21.69";"202";"47.0535";"558.17";"732.07";"46.4014";"0.8106"
"C";"2025-12-06";"2025-12-07";"38.3067";"81.41";"-0.39";"77.05";"49.72";"21.61";"203.6";"47.0535";"558.17";"732.07";"46.4014";"0.8106"
"C";"2025-12-05";"2025-12-06";"38.488";"81.8";"-0.46";"77.05";"49.95";"23.94";"240.9";"47.0535";"558.17";"732.07";"46.4014";"0.8106"
"C";"2025-12-04";"2025-12-05";"38.7044";"82.26";"-0.52";"77.05";"50.23";"14.09";"259";"47.0535";"558.17";"732.07";"46.4014";"0.8106"
"C";"2025-12-03";"2025-12-04";"38.9495";"82.78";"-0.41";"77.05";"50.55";"16.03";"210.5";"47.0535";"558.17";"732.07";"46.4014";"0.8106"
"C";"2025-12-02";"2025-12-03";"39.1442";"83.19";"-0.43";"77.05";"50.8";"14.61";"217.3";"47.0535";"558.17";"732.07";"46.4014";"0.8106"
"C";"2025-12-01";"2025-12-02";"39.3462";"83.62";"-0.43";"77.05";"51.07";"23.41";"226.1";"47.0535";"558.17";"732.07";"46.4014";"0.8106"
"C";"2025-11-30";"2025-12-01";"39.5491";"84.05";"-0.43";"77.05";"51.33";"1.98";"205.4";"47.0535";"558.17";"732.07";"46.6418";"0.5701"
"C";"2025-11-29";"2025-11-30";"39.7525";"84.48";"-0.43";"77.05";"51.59";"1.98";"204.4";"47.0535";"558.17";"732.07";"46.6418";"0.5701"
"C";"2025-11-28";"2025-11-29";"39.955";"84.91";"-0.49";"77.05";"51.86";"2.2";"230.4";"47.0535";"558.17";"732.07";"46.6418";"0.5701"
"C";"2025-11-27";"2025-11-28";"40.1834";"85.4";"-0.46";"77.05";"52.15";"2.2";"217.9";"47.0535";"558.17";"732.07";"46.6418";"0.5701"
"C";"2025-11-26";"2025-11-27";"40.3992";"85.86";"-0.48";"77.05";"52.43";"5.92";"235.1";"47.0535";"558.17";"732.07";"46.6418";"0.5701"
"C";"2025-11-25";"2025-11-26";"40.6272";"86.34";"-0.4";"77.05";"52.73";"11.68";"201.6";"47.0535";"558.17";"732.07";"46.6418";"0.5701"
"C";"2025-11-24";"2025-11-25";"40.8165";"86.74";"-0.41";"77.05";"52.97";"9.86";"204.6";"47.0535";"558.17";"732.07";"46.6418";"0.5701"
"C";"2025-11-23";"2025-11-24";"41.0093";"87.15";"-0.39";"77.05";"53.22";"9.84";"195.2";"47.0535";"558.17";"732.07";"46.6418";"0.5701"
"C";"2025-11-22";"2025-11-23";"41.1948";"87.55";"-0.38";"77.05";"53.47";"9.84";"189.6";"47.0535";"558.17";"732.07";"46.6418";"0.5701"
"C";"2025-11-21";"2025-11-22";"41.3747";"87.93";"-0.38";"77.05";"53.7";"9.43";"186";"47.0535";"558.17";"732.07";"46.6418";"0.5701"
"C";"2025-11-20";"2025-11-21";"41.5514";"88.31";"-0.36";"77.05";"53.93";"18.3";"188.1";"47.0535";"558.17";"732.07";"46.6418";"0.5701"
"C";"2025-11-19";"2025-11-20";"41.7214";"88.67";"-0.3";"77.05";"54.15";"13.15";"153.7";"47.0535";"558.17";"732.07";"46.6418";"0.5701"
"C";"2025-11-18";"2025-11-19";"41.8621";"88.97";"-0.26";"77.05";"54.33";"10.95";"131.7";"47.0535";"558.17";"732.07";"46.6418";"0.5701"
"C";"2025-11-17";"2025-11-18";"41.983";"89.22";"-0.18";"77.05";"54.49";"19.32";"102.9";"47.0535";"558.17";"732.07";"46.6418";"0.5701"
"C";"2025-11-16";"2025-11-17";"42.0668";"89.4";"-0.14";"77.05";"54.6";"21.07";"87.3";"47.0535";"558.17";"732.07";"46.6418";"0.5701"
"C";"2025-11-15";"2025-11-16";"42.1333";"89.54";"-0.16";"77.05";"54.68";"18.75";"92.6";"47.0535";"558.17";"732.07";"46.6418";"0.5701"
"C";"2025-11-14";"2025-11-15";"42.2073";"89.7";"0.63";"77.05";"54.78";"17.51";"121.2";"47.0535";"558.17";"732.07";"46.6418";"0.5701"
"C";"2025-11-13";"2025-11-14";"41.9117";"89.07";"-0.2";"77.05";"54.4";"18.5";"114";"47.0535";"558.17";"732.07";"46.6418";"0.5701"
"C";"2025-11-12";"2025-11-13";"42.0079";"89.28";"-0.16";"77.05";"54.52";"25.14";"100.2";"47.0535";"558.17";"732.07";"46.6418";"0.5701"
"C";"2025-11-11";"2025-11-12";"42.0836";"89.44";"-0.18";"77.05";"54.62";"26.16";"110.6";"47.0535";"558.17";"732.07";"46.6418";"0.5701"
"C";"2025-11-10";"2025-11-11";"42.1683";"89.62";"-0.17";"77.05";"54.73";"13.5";"91.4";"47.0535";"558.17";"732.07";"46.6418";"0.5701"
"C";"2025-11-09";"2025-11-10";"42.2464";"89.78";"-0.14";"77.05";"54.83";"26.63";"90.4";"47.0535";"558.17";"732.07";"46.6418";"0.5701"
"C";"2025-11-08";"2025-11-09";"42.3104";"89.92";"0.51";"77.05";"54.91";"27.01";"86.2";"47.0535";"558.17";"732.07";"46.6418";"0.5701"
"C";"2025-11-07";"2025-11-08";"42.0699";"89.41";"-0.17";"77.05";"54.6";"20.09";"99.4";"47.0535";"558.17";"732.07";"46.5942";"0.5944"
"C";"2025-11-06";"2025-11-07";"42.1495";"89.58";"-0.16";"77.05";"54.7";"11.14";"86.4";"47.0535";"558.17";"732.07";"46.5649";"0.6237"
"C";"2025-11-05";"2025-11-06";"42.2249";"89.74";"-0.14";"77.05";"54.8";"15.12";"80.8";"47.0535";"558.17";"732.07";"46.5649";"0.6237"
"C";"2025-11-04";"2025-11-05";"42.2907";"89.88";"-0.16";"77.05";"54.89";"19.05";"93";"47.0535";"558.17";"732.07";"46.5649";"0.6237"
"C";"2025-11-03";"2025-11-04";"42.3654";"90.04";"-0.07";"77.05";"54.98";"36.05";"67.6";"47.0535";"558.17";"732.07";"46.5649";"0.6237"
"C";"2025-11-02";"2025-11-03";"42.3978";"90.11";"-0.02";"77.05";"55.03";"50.03";"56.1";"47.0535";"558.17";"732.07";"46.5649";"0.6237"
"C";"2025-11-01";"2025-11-02";"42.4056";"90.12";"-0.02";"77.05";"55.04";"51.07";"59.6";"47.0535";"558.17";"732.07";"46.5882";"0.6237"
"C";"2025-10-31";"2025-11-01";"42.4158";"90.14";"-0.18";"77.05";"55.05";"27.51";"113.8";"47.0535";"558.17";"732.07";"46.6917";"0.5202"
"C";"2025-10-30";"2025-10-31";"42.5022";"90.33";"-0.16";"77.05";"55.16";"41.65";"117.8";"47.0535";"558.17";"732.07";"46.6917";"0.5202"
"C";"2025-10-29";"2025-10-30";"42.5785";"90.49";"-0.17";"77.05";"55.26";"34.47";"116.6";"47.0535";"558.17";"732.07";"46.6917";"0.5202"
"C";"2025-10-28";"2025-10-29";"42.6599";"90.66";"-0.15";"77.05";"55.37";"35.5";"105.5";"47.0535";"558.17";"732.07";"46.6917";"0.5202"
"C";"2025-10-27";"2025-10-28";"42.73";"90.81";"-0.17";"77.05";"55.46";"8.76";"90.8";"47.0535";"558.17";"732.07";"46.6917";"0.5202"
"C";"2025-10-26";"2025-10-27";"42.8112";"90.98";"-0.1";"77.05";"55.56";"10.56";"55.8";"47.0535";"558.17";"732.07";"46.6917";"0.5202"
"C";"2025-10-25";"2025-10-26";"42.8566";"91.08";"-0.08";"77.05";"55.62";"12.36";"51.8";"47.0535";"561.23";"736.05";"46.6917";"0.5202"
"C";"2025-10-24";"2025-10-25";"42.8961";"91.16";"-0.09";"77.05";"55.67";"12.87";"54.5";"47.0535";"558.17";"732.07";"46.6917";"0.5202"
"C";"2025-10-23";"2025-10-24";"42.937";"91.25";"-0.07";"77.05";"55.73";"15.01";"48.4";"47.0535";"558.17";"732.07";"46.6917";"0.5202"
"C";"2025-10-22";"2025-10-23";"42.9697";"91.32";"-0.1";"77.05";"55.77";"21.1";"69.5";"47.0535";"558.17";"732.07";"46.6917";"0.5202"
"C";"2025-10-21";"2025-10-22";"43.0182";"91.42";"-0.12";"77.05";"55.83";"19.75";"76.4";"47.0535";"558.17";"732.07";"46.6917";"0.5202"
"C";"2025-10-20";"2025-10-21";"43.073";"91.54";"-0.12";"77.05";"55.9";"10.19";"67.9";"47.0535";"558.17";"732.07";"46.6917";"0.5202"
"C";"2025-10-19";"2025-10-20";"43.13";"91.66";"-0.09";"77.05";"55.98";"11.94";"52.2";"47.0535";"558.17";"732.07";"46.6917";"0.5202"
"C";"2025-10-18";"2025-10-19";"43.1704";"91.75";"-0.08";"77.05";"56.03";"12.94";"50.8";"47.0535";"558.17";"732.07";"46.6917";"0.5202"
"C";"2025-10-17";"2025-10-18";"43.2084";"91.83";"-0.09";"77.05";"56.08";"16.17";"61";"47.0535";"558.17";"732.07";"46.6917";"0.5202"
"C";"2025-10-16";"2025-10-17";"43.2521";"91.92";"-0.09";"77.05";"56.14";"17.63";"58.5";"47.0535";"558.17";"732.07";"46.6917";"0.5202"
"C";"2025-10-15";"2025-10-16";"43.2932";"92.01";"-0.09";"77.05";"56.19";"12.41";"54.2";"47.0535";"558.17";"732.07";"46.6917";"0.5202"
"C";"2025-10-14";"2025-10-15";"43.3338";"92.09";"-0.08";"77.05";"56.24";"12.96";"54.6";"47.0535";"558.17";"732.07";"46.6917";"0.5202"
"C";"2025-10-13";"2025-10-14";"43.3736";"92.18";"0";"77.05";"56.29";"30.36";"32.1";"47.0535";"558.17";"732.07";"46.6917";"0.5202"
"C";"2025-10-12";"2025-10-13";"43.3744";"92.18";"0.03";"77.05";"56.29";"42.04";"30.8";"47.0535";"558.17";"732.07";"46.6917";"0.5202"
"C";"2025-10-11";"2025-10-12";"43.3622";"92.16";"0.04";"77.05";"56.28";"36.6";"18.9";"47.0535";"558.17";"732.07";"46.6917";"0.5202"
"C";"2025-10-10";"2025-10-11";"43.3435";"92.12";"0.03";"77.05";"56.25";"37.93";"24.8";"47.0535";"558.17";"732.07";"46.6917";"0.5202"
"C";"2025-10-09";"2025-10-10";"43.33";"92.09";"-0.04";"77.05";"56.24";"37.84";"55.4";"47.0535";"558.17";"732.07";"46.6917";"0.5202"
"C";"2025-10-08";"2025-10-09";"43.3471";"92.12";"-0.06";"77.05";"56.26";"31.42";"59.8";"47.0535";"558.17";"732.07";"46.6917";"0.5202"
"C";"2025-10-07";"2025-10-08";"43.3744";"92.18";"-0.11";"77.05";"56.29";"15.46";"67.5";"47.0535";"558.17";"732.07";"46.4917";"0.5617"
"C";"2025-10-06";"2025-10-07";"43.4271";"92.29";"-0.08";"77.05";"56.36";"39.88";"77";"47.0535";"558.17";"732.07";"46.4917";"0.5617"
"C";"2025-10-05";"2025-10-06";"43.4639";"92.37";"-0.02";"77.05";"56.41";"45.07";"55.8";"47.0535";"558.17";"732.07";"46.4917";"0.5617"
"C";"2025-10-04";"2025-10-05";"43.4744";"92.39";"-0.02";"77.05";"56.42";"44.2";"52.8";"47.0535";"558.17";"732.07";"46.4917";"0.5617"
"C";"2025-10-03";"2025-10-04";"43.4828";"92.41";"-0.12";"77.05";"56.43";"15.04";"70.7";"47.0535";"558.17";"732.07";"46.4917";"0.5617"
"C";"2025-10-02";"2025-10-03";"43.5375";"92.53";"-0.11";"77.05";"56.51";"17.76";"67.7";"47.0535";"558.17";"732.07";"46.4917";"0.5617"
"C";"2025-10-01";"2025-10-02";"43.5874";"92.63";"-0.11";"77.05";"56.57";"19.82";"70.8";"47.0535";"558.17";"732.07";"46.4917";"0.5617"
"C";"2025-09-30";"2025-10-01";"43.6384";"92.74";"-0.01";"77.05";"56.64";"28.25";"33.4";"47.0535";"558.17";"732.07";"46.3747";"0.6787"
"C";"2025-09-29";"2025-09-30";"43.6449";"92.76";"0.05";"77.05";"56.64";"48.06";"26.2";"47.0535";"558.17";"732.07";"46.3747";"0.6787"
"C";"2025-09-28";"2025-09-29";"43.6198";"92.7";"0.13";"77.05";"56.61";"59.67";"0";"47.0535";"558.17";"732.07";"46.3747";"0.6787"
"C";"2025-09-27";"2025-09-28";"43.5604";"92.58";"0.13";"77.05";"56.54";"59.8";"0";"47.0535";"558.17";"732.07";"46.3747";"0.6787"
"C";"2025-09-26";"2025-09-27";"43.5008";"92.45";"0.12";"77.05";"56.46";"56.71";"1.2";"47.0535";"558.17";"732.07";"46.3251";"0.7284"
"C";"2025-09-25";"2025-09-26";"43.4455";"92.33";"0.12";"77.05";"56.39";"58.19";"0.1";"47.0535";"558.17";"732.07";"46.3251";"0.7284"
"C";"2025-09-24";"2025-09-25";"43.3886";"92.29";"0.1";"77.05";"56.31";"50.33";"2.1";"47.0145";"556.91";"731.45";"46.2861";"0.7284"
"C";"2025-09-23";"2025-09-24";"43.341";"92.19";"0.13";"77.05";"56.25";"63.9";"0.7";"47.0145";"556.91";"731.45";"46.2861";"0.7284"
"C";"2025-09-22";"2025-09-23";"43.278";"92.05";"0.17";"77.05";"56.17";"81.13";"2.5";"47.0145";"556.91";"731.45";"46.2745";"0.7399"
"C";"2025-09-21";"2025-09-22";"43.1995";"91.89";"0.3";"77.05";"56.07";"140.6";"0";"47.0145";"556.91";"731.45";"46.2745";"0.7399"
"C";"2025-09-20";"2025-09-21";"43.0594";"91.59";"0.29";"77.05";"55.89";"138.53";"0";"47.0145";"556.91";"731.45";"46.2745";"0.7399"
"C";"2025-09-19";"2025-09-20";"42.9214";"91.29";"0.19";"77.05";"55.71";"93.82";"1.9";"47.0145";"556.91";"731.45";"46.24";"0.7744"
"C";"2025-09-18";"2025-09-19";"42.8298";"91.1";"0.18";"77.05";"55.59";"84.8";"0.1";"47.0145";"556.91";"731.45";"46.24";"0.7744"
"C";"2025-09-17";"2025-09-18";"42.7453";"90.92";"0.13";"77.05";"55.48";"62.14";"0.1";"47.0145";"556.91";"731.45";"46.24";"0.7744"
"C";"2025-09-16";"2025-09-17";"42.684";"90.79";"0.21";"77.05";"55.4";"101.13";"0";"47.0145";"556.91";"731.45";"46.24";"0.7744"
"C";"2025-09-15";"2025-09-16";"42.5831";"90.57";"0.21";"77.05";"55.27";"97.81";"0";"47.0145";"556.91";"731.45";"46.24";"0.7744"
"C";"2025-09-14";"2025-09-15";"42.4855";"90.37";"0.23";"77.05";"55.14";"110.54";"0";"47.0145";"556.91";"731.45";"46.24";"0.7744"
"C";"2025-09-13";"2025-09-14";"42.3751";"90.13";"0.23";"77.05";"55";"107.61";"0";"47.0145";"556.91";"731.45";"46.24";"0.7744"
"C";"2025-09-12";"2025-09-13";"42.2677";"89.9";"0.26";"77.05";"54.86";"126.83";"3.2";"47.0145";"556.91";"731.45";"46.2069";"0.8076"
"C";"2025-09-11";"2025-09-12";"42.145";"89.64";"0.26";"77.05";"54.7";"124.17";"0.2";"47.0145";"556.91";"731.45";"46.1903";"0.8241"
"C";"2025-09-10";"2025-09-11";"42.0225";"89.38";"0.23";"77.05";"54.54";"113.52";"3.4";"47.0145";"556.91";"731.45";"46.1788";"0.8356"
"C";"2025-09-09";"2025-09-10";"41.9131";"89.15";"0.21";"77.05";"54.4";"111.55";"10.8";"47.0145";"556.91";"731.45";"46.1622";"0.8522"
"C";"2025-09-08";"2025-09-09";"41.8131";"88.94";"0.26";"77.05";"54.27";"122.36";"0.2";"47.0145";"556.91";"731.45";"46.1622";"0.8522"
"C";"2025-09-07";"2025-09-08";"41.6918";"88.68";"0.35";"77.05";"54.11";"165.76";"0";"47.0145";"556.91";"731.45";"46.1622";"0.8522"
"C";"2025-09-06";"2025-09-07";"41.527";"88.33";"0.35";"77.05";"53.9";"163.32";"0";"47.0145";"556.91";"731.45";"46.1622";"0.8522"
"C";"2025-09-05";"2025-09-06";"41.3646";"88.45";"0.37";"77.05";"53.69";"172.29";"0";"46.7645";"556.91";"731.45";"45.8706";"0.8938"
"C";"2025-09-04";"2025-09-05";"41.1932";"88.09";"0.34";"77.05";"53.46";"160.42";"0";"46.7645";"556.91";"731.45";"45.8594";"0.905"
"C";"2025-09-03";"2025-09-04";"41.0343";"87.85";"0.29";"77.05";"53.26";"136.88";"0";"46.7095";"554.84";"730.56";"45.7881";"0.9214"
"C";"2025-09-02";"2025-09-03";"40.8987";"87.56";"0.35";"77.05";"53.08";"164.83";"0";"46.7095";"554.84";"730.56";"45.7717";"0.9377"
"C";"2025-09-01";"2025-09-02";"40.7348";"87.21";"0.33";"77.05";"52.87";"156.93";"0";"46.7095";"554.84";"730.56";"45.7717";"0.9377"
"C";"2025-08-31";"2025-09-01";"40.5789";"86.88";"0.34";"77.05";"52.67";"182.71";"21.1";"46.7095";"554.84";"730.56";"45.791";"0.9184"
"C";"2025-08-30";"2025-08-31";"40.4191";"86.53";"0.34";"77.05";"52.46";"184.02";"23.2";"46.7095";"554.84";"730.56";"45.791";"0.9184"
"C";"2025-08-29";"2025-08-30";"40.2602";"86.19";"0.39";"77.05";"52.25";"184.71";"0";"46.7095";"554.84";"730.56";"45.791";"0.9184"
"C";"2025-08-28";"2025-08-29";"40.0773";"85.8";"0.37";"77.05";"52.01";"174.61";"0.7";"46.7095";"554.84";"730.56";"45.791";"0.9184"
"C";"2025-08-27";"2025-08-28";"39.9051";"85.43";"0.38";"77.05";"51.79";"178.59";"0.5";"46.7095";"554.84";"730.56";"45.791";"0.9184"
"C";"2025-08-26";"2025-08-27";"39.7282";"85.05";"0.36";"77.05";"51.56";"168.63";"0";"46.7095";"554.84";"730.56";"45.791";"0.9184"
"C";"2025-08-25";"2025-08-26";"39.5615";"84.7";"0.37";"77.05";"51.35";"175.21";"0";"46.7095";"554.84";"730.56";"45.791";"0.9184"
"C";"2025-08-24";"2025-08-25";"39.3875";"84.32";"0.38";"77.05";"51.12";"180.84";"0";"46.7095";"554.84";"730.56";"45.791";"0.9184"
"C";"2025-08-23";"2025-08-24";"39.2079";"83.94";"0.39";"77.05";"50.89";"181.61";"0";"46.7095";"554.84";"730.56";"45.791";"0.9184"
"C";"2025-08-22";"2025-08-23";"39.0275";"83.55";"0.39";"77.05";"50.65";"185.69";"0";"46.7095";"554.84";"730.56";"45.791";"0.9184"
"C";"2025-08-21";"2025-08-22";"38.843";"83.16";"0.39";"77.05";"50.41";"185.32";"0.8";"46.7095";"554.84";"730.56";"45.791";"0.9184"
"C";"2025-08-20";"2025-08-21";"38.6596";"82.77";"0.42";"77.05";"50.17";"195.38";"0";"46.7095";"554.84";"730.56";"45.791";"0.9184"
"C";"2025-08-19";"2025-08-20";"38.4653";"82.35";"0.36";"77.05";"49.92";"174.84";"4.8";"46.7095";"554.84";"730.56";"45.791";"0.9184"
"C";"2025-08-18";"2025-08-19";"38.2962";"81.99";"0.39";"77.05";"49.7";"186.65";"0";"46.7095";"554.84";"730.56";"45.791";"0.9184"
"C";"2025-08-17";"2025-08-18";"38.1117";"81.59";"0.42";"77.05";"49.46";"195.2";"0";"46.7095";"554.84";"730.56";"45.791";"0.9184"
"C";"2025-08-16";"2025-08-17";"37.9176";"81.18";"0.42";"77.05";"49.21";"194.96";"0";"46.7095";"554.84";"730.56";"45.791";"0.9184"
"C";"2025-08-15";"2025-08-16";"37.7237";"80.76";"0.38";"77.05";"48.96";"187.21";"6.6";"46.7095";"554.84";"730.56";"45.8281";"0.8813"
"C";"2025-08-14";"2025-08-15";"37.5441";"80.38";"0.37";"77.05";"48.73";"177.89";"2.5";"46.7095";"554.84";"730.56";"45.8281";"0.8813"
"C";"2025-08-13";"2025-08-14";"37.3697";"80";"0.37";"77.05";"48.5";"180.11";"6.3";"46.7095";"554.84";"730.56";"45.8281";"0.8813"
"E";"2025-08-12";"2025-08-13";"37.1964";"79.63";"0.4";"77.05";"48.28";"190.05";"2.7";"46.7095";"554.84";"730.56";"45.8281";"0.8813"
"C";"2025-08-11";"2025-08-12";"37.0096";"79.23";"0.38";"77.05";"48.03";"181.35";"3.3";"46.7095";"554.84";"730.56";"45.8281";"0.8813"
"C";"2025-08-10";"2025-08-11";"36.8326";"78.85";"0.45";"77.05";"47.8";"215.91";"6.3";"46.7095";"554.84";"730.56";"45.8281";"0.8813"
"C";"2025-08-09";"2025-08-10";"36.624";"78.41";"0.42";"77.05";"47.53";"201.39";"6.3";"46.7095";"554.84";"730.56";"45.8281";"0.8813"
"C";"2025-08-08";"2025-08-09";"36.43";"77.99";"0.4";"77.05";"47.28";"189.83";"2.7";"46.7095";"554.84";"730.56";"45.8281";"0.8813"
"C";"2025-08-07";"2025-08-08";"36.2438";"77.59";"0.42";"77.05";"47.04";"203.5";"5.1";"46.7095";"554.84";"730.56";"45.8281";"0.8813"
"C";"2025-08-06";"2025-08-07";"36.0475";"77.17";"0.44";"77.05";"46.78";"209.18";"2.7";"46.7095";"554.84";"730.56";"45.8281";"0.8813"
"C";"2025-08-05";"2025-08-06";"35.842";"76.73";"0.45";"77.05";"46.52";"215.21";"2.7";"46.7095";"554.84";"730.56";"45.8296";"0.8798"
"C";"2025-08-04";"2025-08-05";"35.6312";"76.28";"0.42";"77.05";"46.24";"201.55";"3.5";"46.7095";"554.84";"730.56";"45.8296";"0.8798"
"C";"2025-08-03";"2025-08-04";"35.4351";"75.86";"0.44";"77.05";"45.99";"210.4";"3.5";"46.7095";"554.84";"730.56";"45.8296";"0.8798"
"C";"2025-08-02";"2025-08-03";"35.2299";"75.42";"0.44";"77.05";"45.72";"209.9";"3.5";"46.7095";"554.84";"730.56";"45.8296";"0.8798"
"C";"2025-08-01";"2025-08-02";"35.0252";"74.99";"0.39";"77.05";"45.46";"185.15";"2.7";"46.7095";"554.84";"730.56";"45.8636";"0.8458"
"C";"2025-07-31";"2025-08-01";"34.8437";"75.33";"0.24";"77.05";"45.22";"146.44";"35.8";"46.2545";"524.44";"721.34";"44.6714";"1.583"
"C";"2025-07-30";"2025-07-31";"34.7339";"75.09";"0.28";"77.05";"45.08";"149.87";"19.4";"46.2545";"524.44";"721.34";"44.6714";"1.583"
"C";"2025-07-29";"2025-07-30";"34.6043";"74.81";"0.39";"77.05";"44.91";"182.41";"2.6";"46.2545";"524.44";"721.34";"44.6699";"1.5845"
"C";"2025-07-28";"2025-07-29";"34.4256";"74.43";"0.31";"77.05";"44.68";"146.66";"3.1";"46.2545";"524.44";"721.34";"44.6699";"1.5845"
"C";"2025-07-27";"2025-07-28";"34.2829";"74.12";"0.33";"77.05";"44.49";"157.85";"2.6";"46.2545";"524.44";"721.34";"44.6699";"1.5845"
"C";"2025-07-26";"2025-07-27";"34.1286";"73.78";"0.34";"77.05";"44.29";"162.13";"3.2";"46.2545";"524.44";"721.34";"44.6699";"1.5845"
"C";"2025-07-25";"2025-07-26";"33.9705";"73.44";"0.29";"77.05";"44.09";"142.58";"7.4";"46.2545";"524.44";"721.34";"44.6699";"1.5845"
"C";"2025-07-24";"2025-07-25";"33.8363";"73.15";"0.32";"77.05";"43.91";"157";"9.2";"46.2545";"524.44";"721.34";"44.6699";"1.5845"
"C";"2025-07-23";"2025-07-24";"33.6894";"72.83";"0.39";"77.05";"43.72";"183.28";"2.6";"46.2545";"524.44";"721.34";"44.6699";"1.5845"
"C";"2025-07-22";"2025-07-23";"33.5106";"72.45";"0.42";"77.05";"43.49";"206.76";"9.2";"46.2545";"524.44";"721.34";"44.6699";"1.5845"
"C";"2025-07-21";"2025-07-22";"33.3141";"72.02";"0.35";"77.05";"43.24";"170.89";"8.5";"46.2545";"524.44";"721.34";"44.6699";"1.5845"
"C";"2025-07-20";"2025-07-21";"33.1526";"71.67";"0.45";"77.05";"43.03";"217.38";"9.7";"46.2545";"524.44";"721.34";"44.6699";"1.5845"
"C";"2025-07-19";"2025-07-20";"32.946";"71.23";"0.44";"77.05";"42.76";"215.62";"9.7";"46.2545";"524.44";"721.34";"44.6699";"1.5845"
"C";"2025-07-18";"2025-07-19";"32.7411";"70.78";"0.33";"77.05";"42.49";"172.31";"18.2";"46.2545";"524.44";"721.34";"44.7309";"1.5235"
"C";"2025-07-17";"2025-07-18";"32.588";"70.45";"0.38";"77.05";"42.29";"183.78";"8.9";"46.2545";"524.44";"721.34";"44.7309";"1.5235"
"C";"2025-07-16";"2025-07-17";"32.4141";"70.08";"0.36";"77.05";"42.07";"172.76";"5";"46.2545";"524.44";"721.34";"44.7309";"1.5235"
"C";"2025-07-15";"2025-07-16";"32.2475";"69.72";"0.37";"77.05";"41.85";"179.07";"7.4";"46.2545";"524.44";"721.34";"44.7309";"1.5235"
"C";"2025-07-14";"2025-07-15";"32.0769";"69.35";"0.43";"77.05";"41.63";"204.86";"3.6";"46.2545";"524.44";"721.34";"44.7309";"1.5235"
"C";"2025-07-13";"2025-07-14";"31.8773";"68.92";"0.55";"77.05";"41.37";"259.6";"3.6";"46.2545";"524.44";"721.34";"44.7309";"1.5235"
"C";"2025-07-12";"2025-07-13";"31.623";"68.37";"0.55";"77.05";"41.04";"259.83";"4.1";"46.2545";"524.44";"721.34";"44.7309";"1.5235"
"C";"2025-07-11";"2025-07-12";"31.369";"67.82";"0.46";"77.05";"40.71";"216.37";"3.3";"46.2545";"524.44";"721.34";"44.7309";"1.5235"
"C";"2025-07-10";"2025-07-11";"31.1574";"67.36";"0.37";"77.05";"40.44";"174.78";"3.7";"46.2545";"524.44";"721.34";"44.7309";"1.5235"
"C";"2025-07-09";"2025-07-10";"30.9873";"66.99";"0.39";"77.05";"40.22";"186.53";"6.7";"46.2545";"524.44";"721.34";"44.7309";"1.5235"
"C";"2025-07-08";"2025-07-09";"30.8085";"66.61";"0.44";"77.05";"39.99";"205.6";"2.8";"46.2545";"524.44";"721.34";"44.7309";"1.5235"
"C";"2025-07-07";"2025-07-08";"30.6067";"66.17";"0.51";"77.05";"39.72";"244.22";"6.6";"46.2545";"524.44";"721.34";"44.7309";"1.5235"
"C";"2025-07-06";"2025-07-07";"30.3707";"65.66";"0.58";"77.05";"39.42";"274.15";"2.6";"46.2545";"524.44";"721.34";"44.7309";"1.5235"
"C";"2025-07-05";"2025-07-06";"30.1009";"65.08";"-0.28";"77.05";"39.07";"273.76";"2.6";"46.2545";"524.44";"721.34";"44.7309";"1.5235"
"C";"2025-07-04";"2025-07-05";"30.2314";"65.36";"0.53";"77.05";"39.24";"250.03";"3.8";"46.2545";"524.44";"721.34";"44.7309";"1.5235"
"C";"2025-07-03";"2025-07-04";"29.9869";"64.83";"0.49";"77.05";"38.92";"229.58";"2.6";"46.2545";"524.44";"721.34";"44.7309";"1.5235"
"C";"2025-07-02";"2025-07-03";"29.7616";"64.34";"0.41";"77.05";"38.63";"198.08";"4.4";"46.2545";"524.44";"721.34";"44.7309";"1.5235"
"C";"2025-07-01";"2025-07-02";"29.5699";"63.93";"0.39";"77.05";"38.38";"191.52";"9.5";"46.2545";"524.44";"721.34";"44.7309";"1.5235"
"C";"2025-06-30";"2025-07-01";"29.3889";"63.54";"0.47";"77.05";"38.14";"234.06";"16.3";"46.2545";"524.44";"721.34";"44.3909";"1.8635"
"C";"2025-06-29";"2025-06-30";"29.1737";"63.07";"0.49";"77.05";"37.86";"252.26";"24.4";"46.2545";"524.44";"721.34";"44.3909";"1.8635"
"C";"2025-06-28";"2025-06-29";"28.9474";"62.58";"0.53";"77.05";"37.57";"250.25";"5.5";"46.2545";"524.44";"721.34";"44.3909";"1.8635"
"C";"2025-06-27";"2025-06-28";"28.7045";"62.06";"0.53";"77.05";"37.25";"254.43";"5.5";"46.2545";"524.44";"721.34";"44.3909";"1.8635"
"C";"2025-06-26";"2025-06-27";"28.4575";"61.52";"0.6";"77.05";"36.93";"285.83";"6.2";"46.2545";"524.44";"721.34";"44.3909";"1.8635"
"C";"2025-06-25";"2025-06-26";"28.1799";"60.92";"0.46";"77.05";"36.57";"219.85";"5.7";"46.2545";"524.44";"721.34";"44.3909";"1.8635"
"C";"2025-06-24";"2025-06-25";"27.9667";"60.46";"0.48";"77.05";"36.3";"229.39";"5.7";"46.2545";"524.44";"721.34";"44.3909";"1.8635"
"C";"2025-06-23";"2025-06-24";"27.7448";"59.98";"0.49";"77.05";"36.01";"233.88";"5.2";"46.2545";"524.44";"721.34";"44.3909";"1.8635"
"C";"2025-06-22";"2025-06-23";"27.5179";"59.49";"0.55";"77.05";"35.71";"263.04";"5.4";"46.2545";"524.44";"721.34";"44.3909";"1.8635"
"C";"2025-06-21";"2025-06-22";"27.2621";"58.94";"0.56";"77.05";"35.38";"265.37";"5.7";"46.2545";"524.44";"721.34";"44.3909";"1.8635"
"C";"2025-06-20";"2025-06-21";"27.0043";"58.38";"0.52";"77.05";"35.05";"246.38";"5.7";"46.2545";"524.44";"721.34";"44.3909";"1.8635"
"C";"2025-06-19";"2025-06-20";"26.7645";"57.86";"0.52";"77.05";"34.74";"248.84";"5.7";"46.2545";"524.44";"721.34";"44.3909";"1.8635"
"C";"2025-06-18";"2025-06-19";"26.5223";"57.34";"0.52";"77.05";"34.42";"249.66";"9.3";"46.2545";"524.44";"721.34";"44.3909";"1.8635"
"C";"2025-06-17";"2025-06-18";"26.283";"56.82";"0.38";"77.05";"34.11";"184.56";"7.1";"46.2545";"524.44";"721.34";"44.3909";"1.8635"
"C";"2025-06-16";"2025-06-17";"26.1062";"56.44";"0.31";"77.05";"33.88";"156.17";"11.7";"46.2545";"524.44";"721.34";"44.3909";"1.8635"
"C";"2025-06-15";"2025-06-16";"25.9636";"56.13";"0.52";"77.05";"33.7";"253.27";"8.9";"46.2545";"524.44";"721.34";"44.3909";"1.8635"
"C";"2025-06-14";"2025-06-15";"25.7218";"55.61";"0.51";"77.05";"33.38";"248.4";"9.1";"46.2545";"524.44";"721.34";"44.3909";"1.8635"
"C";"2025-06-13";"2025-06-14";"25.4844";"55.1";"0.48";"77.05";"33.08";"228.64";"7.4";"46.2545";"524.44";"721.34";"44.3909";"1.8635"
"C";"2025-06-12";"2025-06-13";"25.2635";"54.62";"0.51";"77.05";"32.79";"242.62";"6.4";"46.2545";"524.44";"721.34";"44.3909";"1.8635"
"C";"2025-06-11";"2025-06-12";"25.0283";"54.11";"0.44";"77.05";"32.48";"211.05";"6.1";"46.2545";"524.44";"721.34";"44.3909";"1.8635"
"C";"2025-06-10";"2025-06-11";"24.8242";"53.67";"0.43";"77.05";"32.22";"204.38";"6.1";"46.2545";"524.44";"721.34";"44.3909";"1.8635"
"C";"2025-06-09";"2025-06-10";"24.6265";"53.24";"0.45";"77.05";"31.96";"214.69";"6.6";"46.2545";"524.44";"721.34";"44.3909";"1.8635"
"C";"2025-06-08";"2025-06-09";"24.4201";"52.8";"0.49";"77.05";"31.69";"233.6";"6.1";"46.2545";"524.44";"721.34";"44.3909";"1.8635"
"C";"2025-06-07";"2025-06-08";"24.1943";"52.31";"0.46";"77.05";"31.4";"219.85";"6.1";"46.2545";"524.44";"721.34";"44.3909";"1.8635"
"C";"2025-06-06";"2025-06-07";"23.9822";"51.85";"0.45";"77.05";"31.13";"215.6";"6.3";"46.2545";"524.44";"721.34";"44.3909";"1.8635"
"C";"2025-06-05";"2025-06-06";"23.7746";"51.4";"0.35";"77.05";"30.86";"173.85";"13.2";"46.2545";"524.44";"721.34";"44.3909";"1.8635"
"C";"2025-06-04";"2025-06-05";"23.6146";"51.05";"0.36";"77.05";"30.65";"177.42";"10.5";"46.2545";"524.44";"721.34";"44.3909";"1.8635"
"C";"2025-06-03";"2025-06-04";"23.4485";"50.69";"0.38";"77.05";"30.43";"189.54";"13.3";"46.2545";"524.44";"721.34";"44.3909";"1.8635"
"C";"2025-06-02";"2025-06-03";"23.2729";"50.31";"0.35";"77.05";"30.2";"171.65";"8.2";"46.2545";"524.44";"721.34";"44.3909";"1.8635"
"C";"2025-06-01";"2025-06-02";"23.1113";"49.97";"2.36";"77.05";"30";"198.82";"6.3";"46.2545";"524.44";"721.34";"44.3909";"1.8635"
"C";"2025-05-31";"2025-06-01";"22.0194";"49.43";"0.35";"77.05";"28.58";"184.52";"27.9";"44.5439";"521.93";"699.58";"41.8539";"2.69"
"C";"2025-05-30";"2025-05-31";"21.8637";"49.08";"0.39";"77.05";"28.38";"200.34";"27.4";"44.5439";"521.93";"699.58";"41.8539";"2.69"
"C";"2025-05-29";"2025-05-30";"21.6914";"48.7";"0.39";"77.05";"28.15";"181.42";"5.8";"44.5439";"521.93";"699.58";"41.8539";"2.69"
"C";"2025-05-28";"2025-05-29";"21.5163";"48.3";"0.32";"77.05";"27.93";"151.73";"8.7";"44.5439";"521.93";"699.58";"41.8539";"2.69"
"C";"2025-05-27";"2025-05-28";"21.3717";"47.98";"0.29";"77.05";"27.74";"134.87";"5.9";"44.5439";"521.93";"699.58";"41.8539";"2.69"
"C";"2025-05-26";"2025-05-27";"21.2434";"47.69";"0.24";"77.05";"27.57";"111.18";"2.2";"44.5439";"521.93";"699.58";"41.8539";"2.69"
"C";"2025-05-25";"2025-05-26";"21.1348";"47.45";"0.24";"77.05";"27.43";"110.14";"2.2";"44.5439";"521.93";"699.58";"41.8539";"2.69"
"C";"2025-05-24";"2025-05-25";"21.0272";"47.21";"0.23";"77.05";"27.29";"106.18";"2.1";"44.5439";"521.93";"699.58";"41.8539";"2.69"
"C";"2025-05-23";"2025-05-24";"20.9235";"46.97";"0.23";"77.05";"27.16";"112.78";"12";"44.5439";"521.93";"699.58";"41.8539";"2.69"
"C";"2025-05-22";"2025-05-23";"20.8231";"46.75";"0.21";"77.05";"27.03";"96.52";"0.7";"44.5439";"521.93";"699.58";"41.8539";"2.69"
"C";"2025-05-21";"2025-05-22";"20.7277";"46.53";"0.17";"77.05";"26.9";"96.32";"18.6";"44.5439";"521.93";"699.58";"41.8539";"2.69"
"C";"2025-05-20";"2025-05-21";"20.6503";"46.36";"0.14";"77.05";"26.8";"74.36";"11.6";"44.5439";"521.93";"699.58";"41.8539";"2.69"
"C";"2025-05-19";"2025-05-20";"20.5877";"46.22";"0.23";"77.05";"26.72";"104.77";"2.1";"44.5439";"521.93";"699.58";"41.8539";"2.69"
"C";"2025-05-18";"2025-05-19";"20.4853";"45.99";"0.28";"77.05";"26.59";"126.66";"0.4";"44.5439";"521.93";"699.58";"41.8539";"2.69"
"C";"2025-05-17";"2025-05-18";"20.3594";"45.71";"0.29";"77.05";"26.42";"128.59";"0.7";"44.5439";"521.93";"699.58";"41.8539";"2.69"
"C";"2025-05-16";"2025-05-17";"20.2319";"45.42";"0.26";"77.05";"26.26";"118.34";"0.9";"44.5439";"521.93";"699.58";"41.8539";"2.69"
"C";"2025-05-15";"2025-05-16";"20.1148";"45.16";"0.26";"77.05";"26.11";"116.04";"0.1";"44.5439";"521.93";"699.58";"41.8539";"2.69"
"C";"2025-05-14";"2025-05-15";"19.9999";"44.9";"0.23";"77.05";"25.96";"102.85";"0.1";"44.5439";"521.93";"699.58";"41.8539";"2.69"
"C";"2025-05-13";"2025-05-14";"19.8971";"44.67";"0.21";"77.05";"25.82";"97.69";"2.7";"44.5439";"521.93";"699.58";"41.8539";"2.69"
"C";"2025-05-12";"2025-05-13";"19.8021";"44.46";"0.27";"77.05";"25.7";"134.66";"11.9";"44.5439";"521.93";"699.58";"41.8539";"2.69"
"C";"2025-05-11";"2025-05-12";"19.6805";"44.18";"0.33";"77.05";"25.54";"149.67";"0.3";"44.5439";"521.93";"699.58";"41.8539";"2.69"
"C";"2025-05-10";"2025-05-11";"19.5323";"43.85";"0.32";"77.05";"25.35";"145.18";"0.3";"44.5439";"521.93";"699.58";"41.8539";"2.69"
"C";"2025-05-09";"2025-05-10";"19.3886";"43.53";"0.22";"77.05";"25.16";"122.37";"21.6";"44.5439";"521.93";"699.58";"41.8539";"2.69"
"C";"2025-05-08";"2025-05-09";"19.2888";"43.3";"0.17";"77.05";"25.03";"99.66";"20.1";"44.5439";"521.93";"699.58";"41.8539";"2.69"
"C";"2025-05-07";"2025-05-08";"19.211";"43.13";"0.27";"77.05";"24.93";"126.19";"5.8";"44.5439";"521.93";"699.58";"41.9069";"2.637"
"C";"2025-05-06";"2025-05-07";"19.0915";"42.86";"0.22";"77.05";"24.78";"109.24";"11.9";"44.5439";"521.93";"699.58";"41.9069";"2.637"
"C";"2025-05-05";"2025-05-06";"18.995";"42.64";"0.33";"77.05";"24.65";"149.05";"1";"44.5439";"521.93";"699.58";"41.9069";"2.637"
"C";"2025-05-04";"2025-05-05";"18.8493";"42.32";"0.4";"77.05";"24.46";"180.11";"0";"44.5439";"521.93";"699.58";"41.9069";"2.637"
"C";"2025-05-03";"2025-05-04";"18.6711";"41.92";"0.39";"77.05";"24.23";"174.31";"0";"44.5439";"521.93";"699.58";"41.9069";"2.637"
"C";"2025-05-02";"2025-05-03";"18.4988";"41.53";"0.39";"77.05";"24.01";"175.48";"0";"44.5439";"521.93";"699.58";"41.9069";"2.637"
"C";"2025-05-01";"2025-05-02";"18.3254";"41.14";"0.51";"77.05";"23.78";"229.92";"0";"44.5439";"521.93";"699.58";"41.9069";"2.637"
"C";"2025-04-30";"2025-05-01";"18.0979";"40.63";"0.35";"77.05";"23.49";"171.47";"12.3";"44.5439";"521.93";"699.58";"39.7879";"4.756"
"C";"2025-04-29";"2025-04-30";"17.9417";"40.38";"0.3";"77.05";"23.29";"134.85";"0.2";"44.4323";"515.93";"699.58";"39.7879";"4.6444"
"C";"2025-04-28";"2025-04-29";"17.8097";"40.08";"0.27";"77.05";"23.11";"125.07";"0.2";"44.4323";"515.93";"699.58";"39.7879";"4.6444"
"C";"2025-04-27";"2025-04-28";"17.6876";"39.81";"0.33";"77.05";"22.96";"149.33";"0.2";"44.4323";"515.93";"699.58";"39.7879";"4.6444"
"C";"2025-04-26";"2025-04-27";"17.5413";"39.48";"0.32";"77.05";"22.77";"147.07";"0.2";"44.4323";"515.93";"699.58";"39.7879";"4.6444"
"C";"2025-04-25";"2025-04-26";"17.3972";"39.15";"0.26";"77.05";"22.58";"118.19";"2.2";"44.4323";"515.93";"699.58";"39.7879";"4.6444"
"C";"2025-04-24";"2025-04-25";"17.2831";"38.9";"0.23";"77.05";"22.43";"115.43";"12.3";"44.4323";"515.93";"699.58";"39.7879";"4.6444"
"C";"2025-04-23";"2025-04-24";"17.1817";"38.67";"0.16";"77.05";"22.3";"85.3";"13.6";"44.4323";"515.93";"699.58";"39.8289";"4.6034"
"C";"2025-04-22";"2025-04-23";"17.1117";"38.51";"0.3";"77.05";"22.21";"142.1";"6.7";"44.4323";"515.93";"699.58";"39.8289";"4.6034"
"C";"2025-04-21";"2025-04-22";"16.9782";"38.21";"0.36";"77.05";"22.04";"168.15";"4.6";"44.4323";"515.93";"699.58";"39.8289";"4.6034"
"C";"2025-04-20";"2025-04-21";"16.8171";"37.85";"0.36";"77.05";"21.83";"167.59";"4.7";"44.4323";"515.93";"699.58";"39.8289";"4.6034"
"C";"2025-04-19";"2025-04-20";"16.6565";"37.49";"0.35";"77.05";"21.62";"164.77";"4.7";"44.4323";"515.93";"699.58";"39.8289";"4.6034"
"C";"2025-04-18";"2025-04-19";"16.4988";"37.13";"0.36";"77.05";"21.41";"166.55";"4.7";"44.4323";"515.93";"699.58";"39.8289";"4.6034"
"C";"2025-04-17";"2025-04-18";"16.3394";"36.77";"0.36";"77.05";"21.21";"167.66";"4.7";"44.4323";"515.93";"699.58";"36.4289";"8.0034"
"C";"2025-04-16";"2025-04-17";"16.1789";"36.41";"0.34";"77.05";"21";"156.21";"4.7";"44.4323";"515.93";"699.58";"36.4289";"8.0034"
"C";"2025-04-15";"2025-04-16";"16.029";"36.08";"0.23";"77.05";"20.8";"109.74";"6.3";"44.4323";"515.93";"699.58";"34.7589";"9.6734"
"C";"2025-04-14";"2025-04-15";"15.9271";"35.85";"0.2";"77.05";"20.67";"96.54";"7.3";"44.4323";"515.93";"699.58";"34.7589";"9.6734"
"C";"2025-04-13";"2025-04-14";"15.8382";"35.65";"0.4";"77.05";"20.56";"185.08";"4.5";"44.4323";"515.93";"699.58";"34.7589";"9.6734"
"C";"2025-04-12";"2025-04-13";"15.6609";"35.25";"0.39";"77.05";"20.33";"180.85";"4.6";"44.4323";"515.93";"699.58";"34.7589";"9.6734"
"C";"2025-04-11";"2025-04-12";"15.4889";"34.86";"0.08";"77.05";"20.1";"47.76";"13.2";"44.4323";"515.93";"699.58";"34.7589";"9.6734"
"C";"2025-04-10";"2025-04-11";"15.4546";"34.78";"-0.09";"77.05";"20.06";"43.6";"88.5";"44.4323";"515.93";"699.58";"34.7589";"9.6734"
"C";"2025-04-09";"2025-04-10";"15.4967";"34.88";"-0.12";"77.05";"20.11";"40.19";"95.2";"44.4323";"515.93";"699.58";"34.7589";"9.6734"
"C";"2025-04-08";"2025-04-09";"15.5516";"35";"-0.13";"77.05";"20.18";"43.53";"99.8";"44.4323";"515.93";"699.58";"34.7589";"9.6734"
"C";"2025-04-07";"2025-04-08";"15.6076";"35.13";"-0.04";"77.05";"20.26";"47.51";"65.6";"44.4323";"515.93";"699.58";"34.7609";"9.6714"
"C";"2025-04-06";"2025-04-07";"15.6267";"35.17";"0.15";"77.05";"20.28";"76.42";"7.4";"44.4323";"515.93";"699.58";"34.7609";"9.6714"
"C";"2025-04-05";"2025-04-06";"15.5597";"35.02";"0.21";"77.05";"20.19";"100.71";"6.2";"44.4323";"515.93";"699.58";"34.7609";"9.6714"
"C";"2025-04-04";"2025-04-05";"15.4681";"34.81";"0.25";"77.05";"20.08";"117.19";"5.2";"44.4323";"515.93";"699.58";"34.7609";"9.6714"
"C";"2025-04-03";"2025-04-04";"15.3588";"34.57";"0.2";"77.05";"19.93";"99.08";"9.4";"44.4323";"515.93";"699.58";"34.7609";"9.6714"
"C";"2025-04-02";"2025-04-03";"15.2713";"34.37";"0.2";"77.05";"19.82";"101.6";"10.7";"44.4323";"515.93";"699.58";"34.7609";"9.6714"
"C";"2025-04-01";"2025-04-02";"15.1828";"34.17";"0.06";"77.05";"19.71";"49.27";"21.4";"44.4323";"515.93";"699.58";"34.7609";"9.6714"
"C";"2025-03-31";"2025-04-01";"15.1562";"33.7";"-0.04";"77.05";"19.67";"23.21";"39.9";"44.9674";"516.44";"699.38";"44.9497";"0.0193"
"C";"2025-03-30";"2025-03-31";"15.1727";"33.74";"0.02";"77.05";"19.69";"27.14";"14.5";"44.9674";"516.44";"699.38";"44.9497";"0.0193"
"C";"2025-03-29";"2025-03-30";"15.1619";"33.72";"0.01";"77.05";"19.68";"20.41";"15.2";"44.9674";"516.44";"699.38";"44.9497";"0.0193"
"C";"2025-03-28";"2025-03-29";"15.1585";"33.71";"-0.05";"77.05";"19.67";"18.44";"41.8";"44.9674";"516.44";"699.38";"44.9497";"0.0193"
"C";"2025-03-27";"2025-03-28";"15.183";"33.76";"-0.12";"77.05";"19.71";"6.55";"61.5";"44.9674";"516.44";"699.38";"44.9497";"0.0193"
"C";"2025-03-26";"2025-03-27";"15.2382";"33.89";"-0.09";"77.05";"19.78";"10.88";"51.8";"44.9674";"516.44";"699.38";"44.9497";"0.0193"
"C";"2025-03-25";"2025-03-26";"15.2794";"33.98";"-0.07";"77.05";"19.83";"20.75";"52.5";"44.9674";"516.44";"699.38";"44.9497";"0.0193"
"C";"2025-03-24";"2025-03-25";"15.3108";"34.05";"-0.03";"77.05";"19.87";"37.15";"50.9";"44.9674";"516.44";"699.38";"44.9497";"0.0193"
"C";"2025-03-23";"2025-03-24";"15.3264";"34.08";"0.06";"77.05";"19.89";"74.34";"44.8";"44.9674";"516.44";"699.38";"44.9497";"0.0193"
"C";"2025-03-22";"2025-03-23";"15.2997";"34.02";"0.05";"77.05";"19.86";"72.39";"47";"44.9674";"516.44";"699.38";"44.9497";"0.0193"
"C";"2025-03-21";"2025-03-22";"15.2771";"33.97";"-0.09";"77.05";"19.83";"32.57";"73.9";"44.9674";"516.44";"699.38";"44.9497";"0.0193"
"C";"2025-03-20";"2025-03-21";"15.3191";"34.07";"-0.21";"77.05";"19.88";"15.34";"108.8";"44.9674";"516.44";"699.38";"44.9497";"0.0193"
"C";"2025-03-19";"2025-03-20";"15.4123";"34.27";"-0.39";"77.05";"20";"6.24";"182.8";"44.9674";"516.44";"699.38";"44.9497";"0.0193"
"C";"2025-03-18";"2025-03-19";"15.5873";"34.66";"-0.4";"77.05";"20.23";"0";"178.5";"44.9674";"516.44";"699.38";"44.9497";"0.0193"
"C";"2025-03-17";"2025-03-18";"15.7654";"35.06";"-0.29";"77.05";"20.46";"7.21";"136.1";"44.9674";"516.44";"699.38";"44.9497";"0.0193"
"C";"2025-03-16";"2025-03-17";"15.8941";"35.35";"-0.23";"77.05";"20.63";"8.17";"112.5";"44.9674";"516.44";"699.38";"44.9497";"0.0193"
"C";"2025-03-15";"2025-03-16";"15.9968";"35.57";"-0.23";"77.05";"20.76";"8.17";"112";"44.9674";"516.44";"699.38";"44.9497";"0.0193"
"C";"2025-03-14";"2025-03-15";"16.0991";"35.8";"-0.33";"77.05";"20.89";"0.01";"147.6";"44.9674";"516.44";"699.38";"44.9497";"0.0193"
"C";"2025-03-13";"2025-03-14";"16.2463";"36.13";"-0.31";"77.05";"21.09";"0.51";"139";"44.9674";"516.44";"699.38";"44.9497";"0.0193"
"C";"2025-03-12";"2025-03-13";"16.385";"36.44";"-0.21";"77.05";"21.27";"1.87";"94.4";"44.9674";"516.44";"699.38";"44.9497";"0.0193"
"C";"2025-03-11";"2025-03-12";"16.4772";"36.64";"-0.15";"77.05";"21.39";"2.17";"67.8";"44.9674";"516.44";"699.38";"44.9497";"0.0193"
"C";"2025-03-10";"2025-03-11";"16.5426";"36.79";"-0.1";"77.05";"21.47";"16.45";"61.9";"44.9674";"516.44";"699.38";"44.9497";"0.0193"
"C";"2025-03-09";"2025-03-10";"16.5882";"36.89";"-0.06";"77.05";"21.53";"33.31";"59.2";"44.9674";"516.44";"699.38";"44.9497";"0.0193"
"C";"2025-03-08";"2025-03-09";"16.6138";"36.95";"-0.06";"77.05";"21.56";"30.39";"58.8";"44.9674";"516.44";"699.38";"44.9497";"0.0193"
"C";"2025-03-07";"2025-03-08";"16.642";"37.01";"-0.14";"77.05";"21.6";"19.65";"77.8";"44.9674";"516.44";"699.38";"44.9497";"0.0193"
"C";"2025-03-06";"2025-03-07";"16.7031";"37.14";"-0.21";"77.05";"21.68";"2.93";"93.4";"44.9674";"516.44";"699.38";"44.9497";"0.0193"
"C";"2025-03-05";"2025-03-06";"16.7953";"37.35";"-0.25";"77.05";"21.8";"0.93";"112.5";"44.9674";"516.44";"699.38";"44.9497";"0.0193"
"C";"2025-03-04";"2025-03-05";"16.9066";"37.6";"-0.27";"77.05";"21.94";"0.86";"121.8";"44.9674";"516.44";"699.38";"44.9497";"0.0193"
"C";"2025-03-03";"2025-03-04";"17.0273";"37.87";"-0.25";"77.05";"22.1";"0.05";"113.4";"44.9674";"516.44";"699.38";"44.9497";"0.0193"
"C";"2025-03-02";"2025-03-03";"17.1403";"38.12";"-0.25";"77.05";"22.25";"0.04";"113.6";"44.9674";"516.44";"699.38";"44.9497";"0.0193"
"C";"2025-03-01";"2025-03-02";"17.2536";"38.37";"-0.23";"77.05";"22.39";"3.04";"108.4";"44.9674";"516.44";"699.38";"44.9497";"0.0193"
"C";"2025-02-28";"2025-03-01";"17.3587";"38.39";"-0.38";"77.05";"22.53";"2.81";"176.2";"45.2174";"514.3";"704.14";"45.1497";"0.0677"
"C";"2025-02-27";"2025-02-28";"17.5317";"38.77";"-0.4";"77.05";"22.75";"1.15";"183.1";"45.2174";"514.3";"704.14";"45.1497";"0.0677"
"C";"2025-02-26";"2025-02-27";"17.7134";"39.17";"-0.42";"77.05";"22.99";"1.18";"190.2";"45.2174";"514.3";"704.14";"45.1497";"0.0677"
"C";"2025-02-25";"2025-02-26";"17.902";"39.59";"-0.41";"77.05";"23.23";"2.99";"189";"45.2174";"514.3";"704.14";"45.1497";"0.0677"
"C";"2025-02-24";"2025-02-25";"18.0877";"40";"-0.38";"77.05";"23.48";"2.03";"174.7";"45.2174";"514.3";"704.14";"45.1497";"0.0677"
"C";"2025-02-23";"2025-02-24";"18.2604";"40.38";"-0.39";"77.05";"23.7";"0.66";"178.1";"45.2174";"514.3";"704.14";"45.1497";"0.0677"
"C";"2025-02-22";"2025-02-23";"18.4379";"40.78";"-0.4";"77.05";"23.93";"0.88";"181.5";"45.2174";"514.3";"704.14";"45.1497";"0.0677"
"C";"2025-02-21";"2025-02-22";"18.6185";"41.18";"-0.47";"77.05";"24.16";"0.77";"212";"45.2174";"514.3";"704.14";"45.1497";"0.0677"
"C";"2025-02-20";"2025-02-21";"18.8298";"41.64";"-0.59";"77.05";"24.44";"0.67";"271.2";"45.2174";"514.3";"704.14";"45.1497";"0.0677"
"C";"2025-02-19";"2025-02-20";"19.0982";"42.24";"-0.72";"77.05";"24.79";"0.42";"328.5";"45.2174";"514.3";"704.14";"36.5554";"0.0485"
"C";"2025-02-18";"2025-02-19";"19.4229";"42.95";"-0.75";"77.05";"25.21";"0.03";"343";"45.2174";"514.3";"704.14";"36.5554";"0.0485"
"C";"2025-02-17";"2025-02-18";"19.7625";"43.71";"-0.67";"77.05";"25.65";"0.03";"305.6";"45.2174";"514.3";"704.14";"36.5554";"0.0485"
"C";"2025-02-16";"2025-02-17";"20.0667";"44.38";"-0.56";"77.05";"26.04";"0.03";"256.7";"45.2174";"514.3";"704.14";"36.5554";"0.0485"
"C";"2025-02-15";"2025-02-16";"20.3212";"44.94";"-0.56";"77.05";"26.37";"0.03";"254.1";"45.2174";"514.3";"704.14";"36.5554";"0.0485"
"C";"2025-02-14";"2025-02-15";"20.5731";"45.5";"-0.67";"77.05";"26.7";"0.1";"302.3";"45.2174";"514.3";"704.14";"36.5554";"0.0485"
"C";"2025-02-13";"2025-02-14";"20.8741";"46.16";"-0.64";"77.05";"27.09";"0.24";"291.1";"45.2174";"514.3";"704.14";"36.5554";"0.0485"
"C";"2025-02-12";"2025-02-13";"21.1618";"46.8";"-0.55";"77.05";"27.47";"6.8";"256.6";"45.2174";"514.3";"704.14";"36.5554";"0.0485"
"C";"2025-02-11";"2025-02-12";"21.4103";"47.35";"-0.49";"77.05";"27.79";"13.33";"237.3";"45.2174";"514.3";"704.14";"36.5554";"0.0485"
"C";"2025-02-10";"2025-02-11";"21.6309";"47.84";"-0.41";"77.05";"28.07";"0";"188.7";"45.2174";"514.3";"704.14";"36.5554";"0.0485"
"C";"2025-02-09";"2025-02-10";"21.8174";"48.25";"-0.4";"77.05";"28.32";"0";"178.9";"45.2174";"514.3";"704.14";"36.5554";"0.0485"
"C";"2025-02-08";"2025-02-09";"21.9963";"48.65";"-0.39";"77.05";"28.55";"0";"176.5";"45.2174";"514.3";"704.14";"36.5554";"0.0485"
"C";"2025-02-07";"2025-02-08";"22.1727";"49.04";"-0.37";"77.05";"28.78";"0";"166.5";"45.2174";"514.3";"704.14";"36.5554";"0.0485"
"C";"2025-02-06";"2025-02-07";"22.3379";"49.4";"-0.5";"77.05";"28.99";"0";"226.4";"45.2174";"514.3";"704.14";"36.5554";"0.0485"
"C";"2025-02-05";"2025-02-06";"22.5623";"49.9";"-0.49";"77.05";"29.28";"0";"226.3";"45.2174";"514.3";"704.14";"36.5554";"0.0485"
"C";"2025-02-04";"2025-02-05";"22.784";"50.39";"-0.52";"77.05";"29.57";"0";"240.1";"45.2174";"514.3";"704.14";"36.5554";"0.0485"
"C";"2025-02-03";"2025-02-04";"23.0207";"50.91";"-0.5";"77.05";"29.88";"0";"227.7";"45.2174";"514.3";"704.14";"36.5554";"0.0485"
"C";"2025-02-02";"2025-02-03";"23.245";"51.41";"-0.38";"77.05";"30.17";"1.26";"174.9";"45.2174";"514.3";"704.14";"36.5554";"0.0485"
"C";"2025-02-01";"2025-02-02";"23.4175";"51.79";"-0.36";"77.05";"30.39";"1.26";"164.4";"45.2174";"514.3";"704.14";"36.5554";"0.0485"
"C";"2025-01-31";"2025-02-01";"23.5793";"52.15";"-0.39";"77.05";"30.6";"3.28";"182.4";"45.2174";"514.3";"704.14";"36.6054";"0.0001"
"C";"2025-01-30";"2025-01-31";"23.7572";"52.54";"-0.31";"77.05";"30.83";"3.04";"144.8";"45.2174";"514.3";"704.14";"36.6054";"0.0001"
"C";"2025-01-29";"2025-01-30";"23.8977";"52.85";"-0.32";"77.05";"31.02";"3.9";"149.9";"45.2174";"514.3";"704.14";"36.6054";"0.0001"
"C";"2025-01-28";"2025-01-29";"24.0425";"53.17";"-0.29";"77.05";"31.2";"1.84";"132";"45.2174";"514.3";"704.14";"36.6054";"0.0001"
"C";"2025-01-27";"2025-01-28";"24.1714";"53.46";"-0.26";"77.05";"31.37";"6.76";"127.3";"45.2174";"514.3";"704.14";"36.6054";"0.0001"
"C";"2025-01-26";"2025-01-27";"24.2906";"53.72";"-0.32";"77.05";"31.53";"4.2";"152.4";"45.2174";"514.3";"704.14";"36.6054";"0.0001"
"C";"2025-01-25";"2025-01-26";"24.4354";"54.04";"-0.33";"77.05";"31.71";"4.06";"152.6";"45.2174";"514.3";"704.14";"36.6054";"0.0001"
"C";"2025-01-24";"2025-01-25";"24.5827";"54.37";"-0.42";"77.05";"31.9";"0.62";"193.7";"45.2174";"514.3";"704.14";"36.6054";"0.0001"
"C";"2025-01-23";"2025-01-24";"24.7745";"54.79";"-0.52";"77.05";"32.15";"1.9";"239.8";"45.2174";"514.3";"704.14";"36.6054";"0.0001"
"C";"2025-01-22";"2025-01-23";"25.0111";"55.31";"-0.67";"77.05";"32.46";"1.76";"308.4";"45.2174";"514.3";"704.14";"36.6054";"0.0001"
"C";"2025-01-21";"2025-01-22";"25.3144";"55.98";"-0.65";"77.05";"32.85";"0.46";"297";"45.2174";"514.3";"704.14";"36.6054";"0.0001"
"C";"2025-01-20";"2025-01-21";"25.6075";"56.63";"-0.6";"77.05";"33.23";"3.35";"279";"45.2174";"514.3";"704.14";"36.6054";"0.0001"
"C";"2025-01-19";"2025-01-20";"25.8798";"57.23";"-0.51";"77.05";"33.59";"9.15";"239.5";"45.2174";"514.3";"704.14";"36.6054";"0.0001"
"C";"2025-01-18";"2025-01-19";"26.1089";"57.74";"-0.5";"77.05";"33.89";"7.3";"235.7";"45.2174";"514.3";"704.14";"36.6054";"0.0001"
"C";"2025-01-17";"2025-01-18";"26.3361";"58.24";"-0.56";"77.05";"34.18";"1.9";"256.7";"45.2174";"514.3";"704.14";"36.6054";"0.0001"
"C";"2025-01-16";"2025-01-17";"26.5896";"58.8";"-0.54";"77.05";"34.51";"1.9";"248.7";"45.2174";"514.3";"704.14";"36.6054";"0.0001"
"C";"2025-01-15";"2025-01-16";"26.833";"59.34";"-0.57";"77.05";"34.83";"1.9";"261.6";"45.2174";"514.2";"702.64";"36.6054";"0.0001"
"C";"2025-01-14";"2025-01-15";"27.0906";"59.91";"-0.55";"77.05";"35.16";"0.79";"253.5";"45.2174";"514.2";"702.64";"36.6054";"0.0001"
"C";"2025-01-13";"2025-01-14";"27.3411";"60.47";"-0.57";"77.05";"35.48";"1.9";"261.1";"45.2174";"514.2";"702.64";"36.6054";"0.0001"
"C";"2025-01-12";"2025-01-13";"27.6003";"61.04";"-0.46";"77.05";"35.82";"8.6";"216";"45.2174";"514.2";"702.64";"36.6054";"0.0001"
"C";"2025-01-11";"2025-01-12";"27.8078";"61.5";"-0.46";"77.05";"36.09";"7.3";"215.7";"45.2174";"514.2";"702.64";"36.6054";"0.0001"
"C";"2025-01-10";"2025-01-11";"28.0162";"61.96";"-0.48";"77.05";"36.36";"7.3";"223.2";"45.2174";"514.2";"702.64";"36.6054";"0.0001"
"C";"2025-01-09";"2025-01-10";"28.2321";"62.44";"-0.43";"77.05";"36.64";"2.96";"197.4";"45.2174";"514.2";"702.64";"36.6054";"0.0001"
"C";"2025-01-08";"2025-01-09";"28.4265";"62.87";"-0.41";"77.05";"36.89";"3.15";"190.5";"45.2174";"514.2";"702.64";"36.6054";"0.0001"
"C";"2025-01-07";"2025-01-08";"28.6139";"63.28";"-0.41";"77.05";"37.14";"0.56";"185.4";"45.2174";"514.2";"702.64";"36.6054";"0.0001"
"C";"2025-01-06";"2025-01-07";"28.7987";"63.69";"-0.4";"77.05";"37.38";"13.11";"196.9";"45.2174";"514.2";"702.64";"36.6054";"0.0001"
"C";"2025-01-05";"2025-01-06";"28.9804";"64.09";"-0.44";"77.05";"37.61";"15.49";"214.2";"45.2174";"514.2";"702.64";"36.6054";"0.0001"
"C";"2025-01-04";"2025-01-05";"29.1788";"64.53";"-0.44";"77.05";"37.87";"16.19";"217.7";"45.2174";"514.2";"702.64";"36.6054";"0.0001"
"C";"2025-01-03";"2025-01-04";"29.3799";"64.97";"-0.47";"77.05";"38.13";"0.46";"213";"45.2174";"514.2";"702.64";"36.6054";"0.0001"
"C";"2025-01-02";"2025-01-03";"29.5925";"65.44";"-0.38";"77.05";"38.41";"1.58";"175.5";"45.2174";"514.2";"702.64";"36.6054";"0.0001"
"C";"2025-01-01";"2025-01-02";"29.7664";"65.83";"0";"77.05";"38.63";"4.23";"178.9";"45.2174";"514.2";"702.64";"36.6054";"0.0001"
"C";"2024-12-31";"2025-01-01";"29.941";"65.94";"-0.49";"77.05";"38.86";"11.65";"234";"45.4074";"515.48";"707.17";"36.7954";"0.0001"
"C";"2024-12-30";"2024-12-31";"30.1634";"66.43";"-0.49";"77.05";"39.15";"20.93";"244";"45.4074";"515.48";"707.17";"36.7954";"0.0001"
"C";"2024-12-29";"2024-12-30";"30.3865";"66.92";"-0.44";"77.05";"39.44";"19.29";"217.7";"45.4074";"515.48";"707.17";"36.7954";"0.0001"
"C";"2024-12-28";"2024-12-29";"30.5849";"67.36";"-0.43";"77.05";"39.69";"20.99";"218";"45.4074";"515.48";"707.17";"36.7954";"0.0001"
"C";"2024-12-27";"2024-12-28";"30.782";"67.79";"-0.52";"77.05";"39.95";"9.72";"244.6";"45.4074";"515.48";"707.17";"36.7954";"0.0001"
"C";"2024-12-26";"2024-12-27";"31.0169";"68.31";"-0.4";"77.05";"40.26";"9.22";"190.9";"45.4074";"515.48";"707.17";"36.7954";"0.0001"
"C";"2024-12-25";"2024-12-26";"31.1987";"68.71";"-0.39";"77.05";"40.49";"9.02";"184.5";"45.4074";"515.48";"707.17";"36.7954";"0.0001"
"C";"2024-12-24";"2024-12-25";"31.3741";"69.09";"-0.34";"77.05";"40.72";"20.02";"176.5";"45.4074";"515.48";"707.17";"36.7954";"0.0001"
"C";"2024-12-23";"2024-12-24";"31.5306";"69.44";"-0.33";"77.05";"40.92";"13.6";"163.8";"45.4074";"515.48";"707.17";"36.7954";"0.0001"
"C";"2024-12-22";"2024-12-23";"31.6786";"69.77";"-0.29";"77.05";"41.11";"14.81";"148.2";"45.4074";"515.48";"707.17";"36.7954";"0.0001"
"C";"2024-12-21";"2024-12-22";"31.8119";"70.06";"-0.31";"77.05";"41.29";"14.81";"155.1";"45.4074";"515.48";"707.17";"36.7954";"0.0001"
"C";"2024-12-20";"2024-12-21";"31.9523";"70.37";"-0.29";"77.05";"41.47";"26.09";"159.7";"45.4074";"515.48";"707.17";"36.7954";"0.0001"
"C";"2024-12-19";"2024-12-20";"32.0859";"70.66";"-0.37";"77.05";"41.64";"14.94";"183.1";"45.4074";"515.48";"707.17";"36.7954";"0.0001"
"C";"2024-12-18";"2024-12-19";"32.254";"71.03";"-0.34";"77.05";"41.86";"29.01";"182.7";"45.4074";"515.48";"707.17";"36.7954";"0.0001"
"C";"2024-12-17";"2024-12-18";"32.4077";"71.37";"-0.37";"77.05";"42.06";"29.49";"197.3";"45.4074";"515.48";"707.17";"36.7954";"0.0001"
"C";"2024-12-16";"2024-12-17";"32.5756";"71.74";"-0.52";"77.05";"42.28";"8.67";"246.7";"45.4074";"515.48";"707.17";"36.7954";"0.0001"
"C";"2024-12-15";"2024-12-16";"32.8137";"72.27";"-0.46";"77.05";"42.59";"21.84";"232";"45.4074";"515.48";"707.17";"36.7954";"0.0001"
"C";"2024-12-14";"2024-12-15";"33.0239";"72.73";"-0.47";"77.05";"42.86";"21.23";"235.5";"45.4074";"515.48";"707.17";"36.7954";"0.0001"
"C";"2024-12-13";"2024-12-14";"33.2381";"73.2";"-0.64";"77.05";"43.14";"18.62";"307.1";"45.4074";"515.48";"707.17";"36.7954";"0.0001"
"C";"2024-12-12";"2024-12-13";"33.5267";"73.84";"-0.66";"77.05";"43.51";"8.59";"308.3";"45.4074";"515.48";"707.17";"36.7954";"0.0001"
"C";"2024-12-11";"2024-12-12";"33.8264";"74.5";"-0.63";"77.05";"43.9";"7.39";"293.3";"45.4074";"515.48";"707.17";"36.7954";"0.0001"
"C";"2024-12-10";"2024-12-11";"34.1123";"75.12";"-0.66";"77.05";"44.27";"7.39";"305.3";"45.4074";"515.48";"707.17";"36.7954";"0.0001"
"C";"2024-12-09";"2024-12-10";"34.4102";"75.78";"-0.54";"77.05";"44.66";"7.39";"252.6";"45.4074";"515.48";"707.17";"36.7954";"0.0001"
"C";"2024-12-08";"2024-12-09";"34.6554";"76.32";"-0.42";"77.05";"44.98";"20.83";"211.5";"45.4074";"515.48";"707.17";"36.7954";"0.0001"
"C";"2024-12-07";"2024-12-08";"34.8461";"76.74";"-0.42";"77.05";"45.23";"20.83";"210.1";"45.4074";"515.48";"707.17";"36.7954";"0.0001"
"C";"2024-12-06";"2024-12-07";"35.0354";"77.16";"-0.54";"77.05";"45.47";"7.4";"250.5";"45.4074";"515.48";"707.17";"36.7954";"0.0001"
"C";"2024-12-05";"2024-12-06";"35.2785";"77.69";"-0.59";"77.05";"45.79";"8.89";"278.6";"45.4074";"515.48";"707.17";"36.7954";"0.0001"
"C";"2024-12-04";"2024-12-05";"35.5483";"78.29";"-0.59";"77.05";"46.14";"7.4";"274";"45.4074";"515.48";"707.17";"36.7954";"0.0001"
"C";"2024-12-03";"2024-12-04";"35.8149";"78.87";"-0.6";"77.05";"46.48";"9.32";"272.1";"45.4074";"515.48";"707.17";"36.7954";"0.0001"
"E";"2024-12-02";"2024-12-03";"36.086";"79.47";"-0.44";"77.05";"46.83";"6.45";"204.9";"45.4074";"515.48";"707.17";"36.7954";"0.0001"
"C";"2024-12-01";"2024-12-02";"36.2845";"79.91";"-0.37";"77.05";"47.09";"14.67";"182.2";"45.4074";"515.48";"707.17";"36.7954";"0.0001"
"C";"2024-11-30";"2024-12-01";"36.4521";"80.28";"-0.35";"77.05";"47.31";"6.47";"167.3";"45.4074";"515.48";"707.17";"36.5954";"0.1985"
"C";"2024-11-29";"2024-11-30";"36.613";"80.63";"-0.39";"77.05";"47.52";"12.21";"190.3";"45.4074";"515.48";"707.17";"36.5954";"0.1985"
"C";"2024-11-28";"2024-11-29";"36.7911";"81.02";"-0.49";"77.05";"47.75";"17.73";"242.1";"45.4074";"515.48";"707.17";"36.5954";"0.1985"
"C";"2024-11-27";"2024-11-28";"37.0156";"81.52";"-0.44";"77.05";"48.04";"1.6";"199.4";"45.4074";"515.48";"707.17";"36.5954";"0.1985"
"C";"2024-11-26";"2024-11-27";"37.2136";"81.95";"-0.41";"77.05";"48.3";"1.58";"189.6";"45.4074";"515.48";"707.17";"36.5954";"0.1985"
"C";"2024-11-25";"2024-11-26";"37.4017";"82.37";"-0.43";"77.05";"48.54";"1.55";"196.2";"45.4074";"515.48";"707.17";"36.5954";"0.1985"
"C";"2024-11-24";"2024-11-25";"37.5964";"82.8";"-0.39";"77.05";"48.79";"8.21";"184";"45.4074";"515.48";"707.17";"36.5954";"0.1985"
"C";"2024-11-23";"2024-11-24";"37.7723";"83.19";"-0.4";"77.05";"49.02";"8.5";"190.7";"45.4074";"515.48";"707.17";"36.5954";"0.1985"
"C";"2024-11-22";"2024-11-23";"37.9546";"83.59";"-0.55";"77.05";"49.26";"3.16";"251.4";"45.4074";"515.48";"707.17";"36.5954";"0.1985"
"C";"2024-11-21";"2024-11-22";"38.2029";"84.13";"-0.51";"77.05";"49.58";"1.59";"234.9";"45.4074";"515.48";"707.17";"36.5954";"0.1985"
"C";"2024-11-20";"2024-11-21";"38.4363";"84.65";"-0.46";"77.05";"49.88";"1.66";"210";"45.4074";"515.48";"707.17";"36.5954";"0.1985"
"C";"2024-11-19";"2024-11-20";"38.6448";"85.11";"-0.42";"77.05";"50.16";"1.6";"192.1";"45.4074";"515.48";"707.17";"36.5954";"0.1985"
"C";"2024-11-18";"2024-11-19";"38.8353";"85.53";"-0.38";"77.05";"50.4";"2.49";"176";"45.4074";"515.48";"707.17";"36.5954";"0.1985"
"C";"2024-11-17";"2024-11-18";"39.009";"85.91";"-0.36";"77.05";"50.63";"7.5";"171.2";"45.4074";"515.48";"707.17";"36.5954";"0.1985"
"C";"2024-11-16";"2024-11-17";"39.1728";"86.27";"-0.33";"77.05";"50.84";"7";"156.6";"45.4074";"515.48";"707.17";"36.5954";"0.1985"
"C";"2024-11-15";"2024-11-16";"39.3225";"86.6";"-0.43";"77.05";"51.04";"2.63";"199.7";"45.4074";"515.48";"707.17";"36.5954";"0.1985"
"C";"2024-11-14";"2024-11-15";"39.5198";"87.03";"-0.6";"77.05";"51.29";"1.11";"271.7";"45.4074";"515.48";"707.17";"36.5954";"0.1985"
"C";"2024-11-13";"2024-11-14";"39.7905";"87.63";"-0.6";"77.05";"51.64";"1.82";"276.2";"45.4074";"515.48";"707.17";"36.5954";"0.1985"
"C";"2024-11-12";"2024-11-13";"40.065";"88.23";"-0.6";"77.05";"52";"1.44";"272.6";"45.4074";"515.48";"707.17";"36.5954";"0.1985"
"C";"2024-11-11";"2024-11-12";"40.3362";"88.83";"-0.41";"77.05";"52.35";"3";"187";"45.4074";"515.48";"707.17";"36.5954";"0.1985"
"C";"2024-11-10";"2024-11-11";"40.5203";"89.24";"-0.34";"77.05";"52.59";"9.63";"164.9";"45.4074";"515.48";"707.17";"36.5954";"0.1985"
"C";"2024-11-09";"2024-11-10";"40.6756";"89.58";"-0.33";"77.05";"52.79";"10.68";"158.4";"45.4074";"515.48";"707.17";"36.5954";"0.1985"
"C";"2024-11-08";"2024-11-09";"40.8233";"89.9";"-0.38";"77.05";"52.98";"1.67";"176.1";"45.4074";"515.48";"707.17";"36.5954";"0.1985"
"C";"2024-11-07";"2024-11-08";"40.9978";"90.29";"-0.39";"77.05";"53.21";"1.92";"179.6";"45.4074";"515.48";"707.17";"36.5954";"0.1985"
"C";"2024-11-06";"2024-11-07";"41.1756";"90.68";"-0.43";"77.05";"53.44";"1.57";"195.5";"45.4074";"515.48";"707.17";"36.5954";"0.1985"
"C";"2024-11-05";"2024-11-06";"41.3696";"91.11";"-0.39";"77.05";"53.69";"1.67";"180.4";"45.4074";"515.48";"707.17";"36.5954";"0.1985"
"C";"2024-11-04";"2024-11-05";"41.5485";"91.5";"-0.24";"77.05";"53.92";"15.19";"124.6";"45.4074";"515.48";"707.17";"36.5954";"0.1985"
"C";"2024-11-03";"2024-11-04";"41.658";"91.74";"-0.18";"77.05";"54.07";"17.28";"97.9";"45.4074";"515.48";"707.17";"36.5954";"0.1985"
"C";"2024-11-02";"2024-11-03";"41.7388";"91.92";"-0.17";"77.05";"54.17";"22.09";"98.9";"45.4074";"515.48";"707.17";"36.5954";"0.1985"
"C";"2024-11-01";"2024-11-02";"41.8156";"92.09";"-0.09";"77.05";"54.27";"17.27";"56.7";"45.4074";"515.48";"707.17";"36.5954";"0.1985"
"C";"2024-10-31";"2024-11-01";"41.8552";"92.18";"-0.04";"77.05";"54.32";"40.13";"57.2";"45.4074";"515.48";"707.17";"36.5954";"0.1985"
"C";"2024-10-30";"2024-10-31";"41.8725";"92.21";"-0.1";"77.05";"54.34";"19.33";"63.7";"45.4074";"515.48";"707.17";"36.5954";"0.1985"
"C";"2024-10-29";"2024-10-30";"41.917";"92.31";"-0.15";"77.05";"54.4";"15.65";"84.6";"45.4074";"515.48";"707.17";"36.5954";"0.1985"
"C";"2024-10-28";"2024-10-29";"41.9862";"92.47";"-0.06";"77.05";"54.49";"28.01";"56.8";"45.4074";"515.48";"707.17";"36.5954";"0.1985"
"C";"2024-10-27";"2024-10-28";"42.0151";"92.53";"0.01";"77.05";"54.53";"27.6";"21.1";"45.4074";"515.48";"707.17";"36.5954";"0.1985"
"C";"2024-10-26";"2024-10-27";"42.0087";"92.51";"0.01";"77.05";"54.52";"27.5";"21.5";"45.4074";"515.48";"707.17";"36.5954";"0.1985"
"C";"2024-10-25";"2024-10-26";"42.0028";"92.5";"-0.11";"77.05";"54.51";"12.64";"62.7";"45.4074";"515.48";"707.17";"36.5954";"0.1985"
"C";"2024-10-24";"2024-10-25";"42.0529";"92.61";"-0.12";"77.05";"54.58";"16.99";"72.7";"45.4074";"515.48";"707.17";"36.5954";"0.1985"
"C";"2024-10-23";"2024-10-24";"42.1089";"92.74";"-0.21";"77.05";"54.65";"11.54";"105.1";"45.4074";"515.48";"707.17";"36.5954";"0.1985"
"C";"2024-10-22";"2024-10-23";"42.2026";"92.94";"-0.04";"77.05";"54.77";"19.87";"37.1";"45.4074";"515.48";"707.17";"36.5954";"0.1985"
"C";"2024-10-21";"2024-10-22";"42.2201";"92.98";"0.03";"77.05";"54.8";"39.89";"25.1";"45.4074";"515.48";"707.17";"36.5954";"0.1985"
"C";"2024-10-20";"2024-10-21";"42.2055";"92.95";"0.12";"77.05";"54.78";"77.27";"23.9";"45.4074";"515.48";"707.17";"36.5954";"0.1985"
"C";"2024-10-19";"2024-10-20";"42.1527";"92.83";"0.13";"77.05";"54.71";"81.57";"23.5";"45.4074";"515.48";"707.17";"36.5954";"0.1985"
"C";"2024-10-18";"2024-10-19";"42.095";"92.71";"0";"77.05";"54.63";"35.99";"36.3";"45.4074";"515.48";"707.17";"36.5954";"0.1985"
"C";"2024-10-17";"2024-10-18";"42.0956";"92.71";"-0.03";"77.05";"54.63";"31.57";"44.2";"45.4074";"515.48";"707.17";"36.5954";"0.1985"
"C";"2024-10-16";"2024-10-17";"42.1084";"92.73";"-0.06";"77.05";"54.65";"15.67";"41.4";"45.4074";"515.48";"707.17";"36.5954";"0.1985"
"C";"2024-10-15";"2024-10-16";"42.1339";"92.89";"-0.06";"77.05";"54.68";"14.54";"40.7";"45.3574";"515.48";"707.17";"36.5954";"0.1985"
"C";"2024-10-14";"2024-10-15";"42.1606";"93.36";"-0.1";"77.05";"54.72";"2.01";"47.2";"45.1574";"516.35";"705.01";"36.5954";"-0.0015"
"C";"2024-10-13";"2024-10-14";"42.2059";"93.46";"-0.01";"77.05";"54.78";"37.8";"42.5";"45.1574";"516.35";"705.01";"36.5954";"-0.0015"
"C";"2024-10-12";"2024-10-13";"42.2107";"93.47";"-0.01";"77.05";"54.78";"37.07";"41.2";"45.1574";"516.35";"705.01";"36.5954";"-0.0015"
"C";"2024-10-11";"2024-10-12";"42.2149";"93.48";"0.03";"77.05";"54.79";"30.54";"15.3";"45.1574";"516.35";"705.01";"36.5954";"-0.0015"
"C";"2024-10-10";"2024-10-11";"42.1998";"93.26";"0.09";"77.05";"54.77";"58.81";"20.2";"45.2474";"516.35";"705.01";"36.5954";"-0.0015"
"C";"2024-10-09";"2024-10-10";"42.1613";"93.18";"0.12";"77.05";"54.72";"73.73";"20.9";"45.2474";"516.35";"705.01";"36.5954";"-0.0015"
"C";"2024-10-08";"2024-10-09";"42.1086";"93.06";"0.01";"77.05";"54.65";"47.18";"41.7";"45.2474";"516.35";"705.01";"36.5954";"-0.0015"
"C";"2024-10-07";"2024-10-08";"42.1034";"93.05";"-0.12";"77.05";"54.64";"10.57";"62.7";"45.2474";"516.35";"705.01";"36.5954";"-0.0015"
"C";"2024-10-06";"2024-10-07";"42.1557";"93.17";"-0.09";"77.05";"54.71";"10.71";"51.7";"45.2474";"516.35";"705.01";"36.5954";"-0.0015"
"C";"2024-10-05";"2024-10-06";"42.1968";"93.26";"-0.09";"77.05";"54.77";"11.75";"51.9";"45.2474";"516.35";"705.01";"36.5954";"-0.0015"
"C";"2024-10-04";"2024-10-05";"42.2371";"93.35";"-0.12";"77.05";"54.82";"6.29";"60.5";"45.2474";"516.35";"705.01";"36.5954";"-0.0015"
"C";"2024-10-03";"2024-10-04";"42.2916";"93.47";"-0.13";"77.05";"54.89";"6.2";"63.8";"45.2474";"516.35";"705.01";"36.5954";"-0.0015"
"C";"2024-10-02";"2024-10-03";"42.3494";"93.6";"-0.09";"77.05";"54.96";"12.56";"52.7";"45.2474";"516.35";"705.01";"36.5954";"-0.0015"
"C";"2024-10-01";"2024-10-02";"42.3897";"93.68";"-0.19";"77.05";"55.02";"11.73";"96.6";"45.2474";"516.35";"705.01";"36.5954";"-0.0015"
"C";"2024-09-30";"2024-10-01";"42.4759";"94.17";"0.03";"77.05";"55.13";"26.87";"12.1";"45.1074";"516.35";"697.97";"36.5454";"-0.0015"
"C";"2024-09-29";"2024-09-30";"42.4614";"94.13";"0.02";"77.05";"55.11";"25.03";"13.4";"45.1074";"516.35";"697.97";"36.5454";"-0.0015"
"C";"2024-09-28";"2024-09-29";"42.4502";"94.11";"0.04";"77.05";"55.09";"29.04";"10.2";"45.1074";"516.35";"697.97";"36.5454";"-0.0015"
"C";"2024-09-27";"2024-09-28";"42.4316";"94.07";"0.06";"77.05";"55.07";"29.81";"0.7";"45.1074";"516.35";"697.97";"36.5454";"-0.0015"
"C";"2024-09-26";"2024-09-27";"42.4027";"94";"0.03";"77.05";"55.03";"23.09";"11.5";"45.1074";"516.35";"697.97";"36.5454";"-0.0015"
"C";"2024-09-25";"2024-09-26";"42.3914";"93.98";"0.03";"77.05";"55.02";"31.89";"17.8";"45.1074";"516.35";"697.97";"36.5454";"-0.0015"
"C";"2024-09-24";"2024-09-25";"42.3777";"93.95";"0.05";"77.05";"55";"24.13";"0.8";"45.1074";"516.35";"697.97";"36.5454";"-0.0015"
"C";"2024-09-23";"2024-09-24";"42.3566";"93.9";"0.17";"77.05";"54.97";"80.42";"1.3";"45.1074";"516.35";"697.97";"36.5454";"-0.0015"
"C";"2024-09-22";"2024-09-23";"42.2817";"93.74";"0.21";"77.05";"54.88";"105.23";"9.1";"45.1074";"516.35";"697.97";"36.5454";"-0.0015"
"C";"2024-09-21";"2024-09-22";"42.1858";"93.52";"0.23";"77.05";"54.75";"103.36";"0.1";"45.1074";"516.35";"697.97";"36.5454";"-0.0015"
"C";"2024-09-20";"2024-09-21";"42.0826";"93.29";"0.22";"77.05";"54.62";"98.47";"0.1";"45.1074";"516.35";"697.97";"36.5454";"-0.0015"
"C";"2024-09-19";"2024-09-20";"41.9843";"93.08";"0.15";"77.05";"54.49";"70.06";"2.3";"45.1074";"516.35";"697.97";"36.5454";"-0.0015"
"C";"2024-09-18";"2024-09-19";"41.9167";"92.93";"0.16";"77.05";"54.4";"72.86";"0.1";"45.1074";"516.35";"697.97";"36.5454";"-0.0015"
"C";"2024-09-17";"2024-09-18";"41.8439";"92.77";"0.02";"77.05";"54.31";"21.39";"8.3";"45.1074";"516.35";"697.97";"36.5454";"-0.0015"
"C";"2024-09-16";"2024-09-17";"41.8329";"93.13";"-0.01";"77.05";"54.29";"12.54";"18.7";"44.9174";"506.35";"697.97";"36.5454";"-0.1915"
"C";"2024-09-15";"2024-09-16";"41.8391";"93.15";"-0.01";"77.05";"54.3";"18.97";"22.3";"44.9174";"506.35";"697.97";"36.3554";"-0.0015"
"C";"2024-09-14";"2024-09-15";"41.8425";"93.15";"0";"77.05";"54.31";"24.05";"22.5";"44.9174";"506.35";"697.97";"36.3554";"-0.0015"
"C";"2024-09-13";"2024-09-14";"41.841";"93.15";"0";"77.05";"54.3";"18.39";"20.1";"44.9174";"506.35";"697.97";"36.3554";"-0.0015"
"C";"2024-09-12";"2024-09-13";"41.8428";"93.15";"0.01";"77.05";"54.31";"16.21";"11.6";"44.9174";"506.35";"697.97";"36.3554";"-0.0015"
"C";"2024-09-11";"2024-09-12";"41.8382";"93.14";"0.01";"77.05";"54.3";"19.52";"14";"44.9174";"506.35";"697.97";"36.3554";"-0.0015"
"C";"2024-09-10";"2024-09-11";"41.8328";"93.13";"0.02";"77.05";"54.29";"24.08";"15.6";"44.9174";"506.35";"697.97";"36.3554";"-0.0015"
"C";"2024-09-09";"2024-09-10";"41.8244";"93.11";"0.01";"77.05";"54.28";"19.06";"14.6";"44.9174";"506.35";"697.97";"36.3554";"-0.0015"
"C";"2024-09-08";"2024-09-09";"41.82";"93.1";"0.07";"77.05";"54.28";"38.19";"7.1";"44.9174";"506.35";"697.97";"36.3554";"-0.0015"
"C";"2024-09-07";"2024-09-08";"41.7892";"93.04";"0.07";"77.05";"54.24";"38.85";"7.1";"44.9174";"506.35";"697.97";"36.3554";"-0.0015"
"C";"2024-09-06";"2024-09-07";"41.7589";"92.97";"0.11";"77.05";"54.2";"49.78";"0.8";"44.9174";"506.35";"697.97";"36.3554";"-0.0015"
"C";"2024-09-05";"2024-09-06";"41.7101";"92.91";"0.02";"77.05";"54.13";"21.1";"9.8";"44.8924";"506.35";"697.97";"36.3554";"-0.0015"
"C";"2024-09-04";"2024-09-05";"41.699";"92.89";"0.01";"77.05";"54.12";"18.88";"14.5";"44.8924";"506.35";"697.97";"36.3554";"-0.0015"
"C";"2024-09-03";"2024-09-04";"41.6948";"92.88";"0.02";"77.05";"54.11";"17.11";"8.4";"44.8924";"506.35";"697.97";"36.3554";"-0.0015"
"C";"2024-09-02";"2024-09-03";"41.6861";"92.86";"0.05";"77.05";"54.1";"23.89";"3";"44.8924";"506.35";"697.97";"36.3554";"-0.0015"
"C";"2024-09-01";"2024-09-02";"41.6654";"92.81";"0.14";"77.05";"54.08";"68.41";"6.4";"44.8924";"506.35";"697.97";"36.3554";"-0.0015"
"C";"2024-08-31";"2024-09-01";"41.6037";"92.67";"0.21";"77.05";"54";"94.6";"0";"44.8924";"506.35";"697.97";"36.3554";"-0.0015"
"C";"2024-08-30";"2024-08-31";"41.5094";"92.46";"0.05";"77.05";"53.87";"27.67";"3.6";"44.8924";"506.35";"697.97";"36.3554";"-0.0015"
"C";"2024-08-29";"2024-08-30";"41.4856";"92.41";"0.06";"77.05";"53.84";"33.25";"7.2";"44.8924";"506.35";"697.97";"36.3554";"-0.0015"
"C";"2024-08-28";"2024-08-29";"41.4598";"92.35";"0.05";"77.05";"53.81";"32.18";"9.6";"44.8924";"506.35";"697.97";"36.3554";"-0.0015"
"C";"2024-08-27";"2024-08-28";"41.4376";"92.3";"0.09";"77.05";"53.78";"51.93";"10.7";"44.8924";"506.35";"697.97";"36.3554";"-0.0015"
"C";"2024-08-26";"2024-08-27";"41.3969";"92.21";"0.25";"77.05";"53.73";"113.24";"0.1";"44.8924";"506.35";"697.97";"36.3554";"-0.0015"
"C";"2024-08-25";"2024-08-26";"41.2843";"91.96";"0.29";"77.05";"53.58";"128.85";"0.1";"44.8924";"506.35";"697.97";"36.3554";"-0.0015"
"C";"2024-08-24";"2024-08-25";"41.156";"91.68";"0.29";"77.05";"53.41";"131.57";"0.1";"44.8924";"506.35";"697.97";"36.3554";"-0.0015"
"C";"2024-08-23";"2024-08-24";"41.025";"91.39";"0.18";"77.05";"53.24";"83.18";"0.1";"44.8924";"506.35";"697.97";"36.3554";"-0.0015"
"C";"2024-08-22";"2024-08-23";"40.9425";"91.2";"0.28";"77.05";"53.14";"125.74";"0.1";"44.8924";"506.35";"697.97";"36.3554";"-0.0015"
"C";"2024-08-21";"2024-08-22";"40.8174";"90.92";"0.21";"77.05";"52.98";"93.09";"0.3";"44.8924";"506.35";"697.97";"36.3554";"-0.0015"
"C";"2024-08-20";"2024-08-21";"40.725";"90.72";"0.29";"77.05";"52.86";"129.77";"0.1";"44.8924";"506.35";"697.97";"36.3554";"-0.0015"
"C";"2024-08-19";"2024-08-20";"40.5959";"90.43";"0.29";"77.05";"52.69";"130.57";"2.1";"44.8924";"506.35";"697.97";"36.3554";"-0.0015"
"C";"2024-08-18";"2024-08-19";"40.4677";"90.14";"0.31";"77.05";"52.52";"138.79";"0.1";"44.8924";"506.35";"697.97";"36.3554";"-0.0015"
"C";"2024-08-17";"2024-08-18";"40.3294";"89.84";"0.31";"77.05";"52.34";"139.17";"0.6";"44.8924";"506.35";"697.97";"36.3554";"-0.0015"
"C";"2024-08-16";"2024-08-17";"40.1913";"89.53";"0.28";"77.05";"52.16";"125.43";"0.7";"44.8924";"506.35";"697.97";"36.3554";"-0.0015"
"C";"2024-08-15";"2024-08-16";"40.0669";"89.25";"0.3";"77.05";"52";"134.23";"0.7";"44.8924";"506.35";"697.97";"36.3554";"-0.0015"
"C";"2024-08-14";"2024-08-15";"39.9337";"88.95";"0.28";"77.05";"51.83";"127.52";"1.2";"44.8924";"506.35";"697.97";"36.3554";"-0.0015"
"C";"2024-08-13";"2024-08-14";"39.8078";"88.67";"0.26";"77.05";"51.66";"120.26";"1";"44.8924";"506.35";"697.97";"36.3554";"-0.0015"
"C";"2024-08-12";"2024-08-13";"39.6889";"88.41";"0.26";"77.05";"51.51";"123.33";"5.1";"44.8924";"506.35";"697.97";"36.3554";"-0.0015"
"C";"2024-08-11";"2024-08-12";"39.5709";"88.15";"0.3";"77.05";"51.36";"137.5";"0.7";"44.8924";"506.35";"697.97";"36.3554";"-0.0015"
"C";"2024-08-10";"2024-08-11";"39.4345";"87.84";"0.31";"77.05";"51.18";"137.99";"0.7";"44.8924";"506.35";"697.97";"36.3554";"-0.0015"
"C";"2024-08-09";"2024-08-10";"39.2975";"87.54";"0.24";"77.05";"51";"119.79";"9.9";"44.8924";"506.35";"697.97";"36.3554";"-0.0015"
"C";"2024-08-08";"2024-08-09";"39.188";"87.29";"0.1";"77.05";"50.86";"59.73";"14.9";"44.8924";"506.35";"697.97";"36.3554";"-0.0015"
"C";"2024-08-07";"2024-08-08";"39.1435";"87.19";"0.11";"77.05";"50.8";"59.26";"10";"44.8924";"506.35";"697.97";"36.3554";"-0.0015"
"C";"2024-08-06";"2024-08-07";"39.0945";"87.08";"0.12";"77.05";"50.74";"56.22";"0.3";"44.8924";"506.35";"697.97";"36.3554";"-0.0015"
"C";"2024-08-05";"2024-08-06";"39.0387";"86.96";"0.17";"77.05";"50.67";"76.82";"1.7";"44.8924";"506.35";"697.97";"36.3554";"-0.0015"
"C";"2024-08-04";"2024-08-05";"38.9638";"86.79";"0.21";"77.05";"50.57";"96.54";"0.1";"44.8924";"506.35";"697.97";"36.3554";"-0.0015"
"C";"2024-08-03";"2024-08-04";"38.8676";"86.58";"0.23";"77.05";"50.44";"105.02";"0.1";"44.8924";"506.35";"697.97";"36.3554";"-0.0015"
"C";"2024-08-02";"2024-08-03";"38.763";"86.35";"0.16";"77.05";"50.31";"72.38";"0.1";"44.8924";"506.35";"697.97";"36.3554";"-0.0015"
"C";"2024-08-01";"2024-08-02";"38.691";"86.19";"0.13";"77.05";"50.22";"60";"0.2";"44.8924";"506.35";"697.97";"36.3554";"-0.0015"
"C";"2024-07-31";"2024-08-01";"38.6313";"86.58";"0.13";"77.05";"50.14";"59.55";"0.9";"44.617";"505.85";"697.67";"36.0554";"0.0781"
"C";"2024-07-30";"2024-07-31";"38.573";"86.45";"0.08";"77.05";"50.06";"51.07";"14.9";"44.617";"505.85";"697.67";"36.0554";"0.0781"
"C";"2024-07-29";"2024-07-30";"38.5372";"86.37";"0.13";"77.05";"50.02";"58.69";"0.7";"44.617";"505.85";"697.67";"36.0554";"0.0781"
"C";"2024-07-28";"2024-07-29";"38.4795";"86.24";"0.15";"77.05";"49.94";"70.87";"5";"44.617";"505.85";"697.67";"36.0554";"0.0781"
"C";"2024-07-27";"2024-07-28";"38.4138";"86.1";"0.15";"77.05";"49.86";"71.17";"5";"44.617";"505.85";"697.67";"36.0554";"0.0781"
"C";"2024-07-26";"2024-07-27";"38.3479";"85.95";"0.12";"77.05";"49.77";"56.79";"2.4";"44.617";"505.85";"697.67";"36.0554";"0.0781"
"C";"2024-07-25";"2024-07-26";"38.2937";"85.83";"0.15";"77.05";"49.7";"66.24";"1.3";"44.617";"505.85";"697.67";"36.0554";"0.0781"
"C";"2024-07-24";"2024-07-25";"38.2289";"85.68";"0.15";"77.05";"49.62";"67.61";"0.7";"44.617";"505.85";"697.67";"36.0554";"0.0781"
"C";"2024-07-23";"2024-07-24";"38.1623";"85.53";"0.13";"77.05";"49.53";"59.98";"1.4";"44.617";"505.85";"697.67";"36.0554";"0.0781"
"C";"2024-07-22";"2024-07-23";"38.106";"85.41";"0.18";"77.05";"49.46";"82.7";"1.4";"44.617";"505.85";"697.67";"36.0554";"0.0781"
"C";"2024-07-21";"2024-07-22";"38.0252";"85.23";"0.22";"77.05";"49.35";"105.65";"6.1";"44.617";"505.85";"697.67";"36.0554";"0.0781"
"C";"2024-07-20";"2024-07-21";"37.9262";"85";"0.22";"77.05";"49.22";"105.82";"6.1";"44.617";"505.85";"697.67";"36.0554";"0.0781"
"C";"2024-07-19";"2024-07-20";"37.827";"84.78";"0.18";"77.05";"49.09";"79.74";"0.8";"44.617";"505.85";"697.67";"36.0554";"0.0781"
"C";"2024-07-18";"2024-07-19";"37.7487";"84.61";"0.16";"77.05";"48.99";"73.68";"0.8";"44.617";"505.85";"697.67";"36.0554";"0.0781"
"C";"2024-07-17";"2024-07-18";"37.6772";"84.45";"0.13";"77.05";"48.9";"68";"8.1";"44.617";"505.85";"697.67";"36.0554";"0.0781"
"C";"2024-07-16";"2024-07-17";"37.6176";"84.31";"0.17";"77.05";"48.82";"79.26";"1.1";"44.617";"505.85";"697.67";"36.0554";"0.0781"
"C";"2024-07-15";"2024-07-16";"37.5398";"84.14";"0.14";"77.05";"48.72";"65.97";"0.9";"44.617";"505.85";"697.67";"36.0554";"0.0781"
"C";"2024-07-14";"2024-07-15";"37.4762";"84";"0.18";"77.05";"48.64";"84.75";"6.3";"44.617";"505.85";"697.67";"36.0554";"0.0781"
"C";"2024-07-13";"2024-07-14";"37.3981";"83.82";"0.18";"77.05";"48.54";"87.42";"6.3";"44.617";"505.85";"697.67";"36.0554";"0.0781"
"C";"2024-07-12";"2024-07-13";"37.3173";"83.64";"0.18";"77.05";"48.43";"82.97";"0.9";"44.617";"505.85";"697.67";"36.0554";"0.0781"
"C";"2024-07-11";"2024-07-12";"37.236";"83.46";"0.18";"77.05";"48.33";"88.17";"8.8";"44.617";"505.85";"697.67";"36.0554";"0.0781"
"C";"2024-07-10";"2024-07-11";"37.157";"83.28";"0.12";"77.05";"48.22";"74.3";"22.5";"44.617";"505.85";"697.67";"36.0554";"0.0781"
"C";"2024-07-09";"2024-07-10";"37.1054";"83.16";"0.13";"77.05";"48.16";"73.22";"13.9";"44.617";"505.85";"697.67";"36.0554";"0.0781"
"C";"2024-07-08";"2024-07-09";"37.049";"83.04";"0.2";"77.05";"48.08";"89.83";"2.2";"44.617";"505.85";"697.67";"36.0554";"0.0781"
"C";"2024-07-07";"2024-07-08";"36.9616";"82.84";"0.24";"77.05";"47.97";"111.05";"5.2";"44.617";"505.85";"697.67";"36.0554";"0.0781"
"C";"2024-07-06";"2024-07-07";"36.8561";"82.61";"0.24";"77.05";"47.83";"106.68";"0.9";"44.617";"505.85";"697.67";"36.0554";"0.0781"
"C";"2024-07-05";"2024-07-06";"36.7508";"82.37";"0.19";"77.05";"47.7";"86.71";"1.4";"44.617";"505.85";"697.67";"36.0554";"0.0781"
"C";"2024-07-04";"2024-07-05";"36.6658";"82.18";"0.16";"77.05";"47.59";"87.81";"12.3";"44.617";"505.85";"697.67";"36.0554";"0.0781"
"C";"2024-07-03";"2024-07-04";"36.5925";"82.01";"0.2";"77.05";"47.49";"92.93";"1.7";"44.617";"505.85";"697.67";"36.0554";"0.0781"
"C";"2024-07-02";"2024-07-03";"36.5016";"81.81";"0.21";"77.05";"47.37";"99.68";"3.7";"44.617";"505.85";"697.67";"36.0554";"0.0781"
"C";"2024-07-01";"2024-07-02";"36.4059";"81.6";"0.18";"77.05";"47.25";"85.86";"5.1";"44.617";"505.85";"697.67";"36.0554";"0.0781"
"C";"2024-06-30";"2024-07-01";"36.3256";"81.42";"0.48";"77.05";"47.15";"212.97";"0.1";"44.617";"505.85";"697.67";"35.9304";"0.2031"
"C";"2024-06-29";"2024-06-30";"36.1134";"80.94";"0.48";"77.05";"46.87";"215.79";"0.1";"44.617";"505.85";"697.67";"35.9304";"0.2031"
"C";"2024-06-28";"2024-06-29";"35.8983";"80.46";"0.43";"77.05";"46.59";"202.51";"10.9";"44.617";"505.85";"697.67";"35.9304";"0.2031"
"C";"2024-06-27";"2024-06-28";"35.7072";"80.03";"0.41";"77.05";"46.34";"184.34";"0.1";"44.617";"505.85";"697.67";"35.9304";"0.2031"
"C";"2024-06-26";"2024-06-27";"35.5238";"79.62";"0.4";"77.05";"46.1";"179.99";"0.1";"44.617";"505.85";"697.67";"35.9304";"0.2031"
"C";"2024-06-25";"2024-06-26";"35.3448";"79.22";"0.43";"77.05";"45.87";"192.89";"0.2";"44.617";"505.85";"697.67";"35.9304";"0.2031"
"C";"2024-06-24";"2024-06-25";"35.1531";"78.79";"0.37";"77.05";"45.62";"168.63";"0.9";"44.617";"505.85";"697.67";"35.9304";"0.2031"
"C";"2024-06-23";"2024-06-24";"34.9882";"78.42";"0.5";"77.05";"45.41";"232";"8.7";"44.617";"505.85";"697.67";"35.9304";"0.2031"
"C";"2024-06-22";"2024-06-23";"34.7657";"77.92";"0.48";"77.05";"45.12";"222.55";"8.7";"44.617";"505.85";"697.67";"35.9304";"0.2031"
"C";"2024-06-21";"2024-06-22";"34.5527";"77.44";"0.42";"77.05";"44.84";"188.04";"1.4";"44.617";"505.85";"697.67";"35.9304";"0.2031"
"C";"2024-06-20";"2024-06-21";"34.3669";"77.03";"0.38";"77.05";"44.6";"172.07";"3.6";"44.617";"505.85";"697.67";"35.9304";"0.2031"
"C";"2024-06-19";"2024-06-20";"34.1989";"76.65";"0.43";"77.05";"44.39";"191.87";"0.3";"44.617";"505.85";"697.67";"35.9304";"0.2031"
"C";"2024-06-18";"2024-06-19";"34.0078";"76.22";"0.41";"77.05";"44.14";"182.67";"0.3";"44.617";"505.85";"697.67";"35.9304";"0.2031"
"C";"2024-06-17";"2024-06-18";"33.8259";"75.81";"0.46";"77.05";"43.9";"204.39";"0.4";"44.617";"505.85";"697.67";"35.9304";"0.2031"
"C";"2024-06-16";"2024-06-17";"33.6224";"75.36";"0.51";"77.05";"43.64";"230.52";"0.4";"44.617";"505.85";"697.67";"35.9304";"0.2031"
"C";"2024-06-15";"2024-06-16";"33.3931";"74.84";"0.51";"77.05";"43.34";"229.92";"3.2";"44.617";"505.85";"697.67";"35.9304";"0.2031"
"C";"2024-06-14";"2024-06-15";"33.1673";"74.34";"0.45";"77.05";"43.05";"203.92";"0.9";"44.617";"505.85";"697.67";"35.9304";"0.2031"
"C";"2024-06-13";"2024-06-14";"32.9652";"73.88";"0.39";"77.05";"42.78";"173.73";"0.8";"44.617";"505.85";"697.67";"35.9304";"0.2031"
"C";"2024-06-12";"2024-06-13";"32.7931";"73.5";"0.29";"77.05";"42.56";"153.35";"23.4";"44.617";"505.85";"697.67";"35.9304";"0.2031"
"C";"2024-06-11";"2024-06-12";"32.6639";"73.21";"0.34";"77.05";"42.39";"163.11";"9.9";"44.617";"505.85";"697.67";"35.9304";"0.2031"
"C";"2024-06-10";"2024-06-11";"32.5116";"72.87";"0.37";"77.05";"42.2";"177.87";"9.8";"44.617";"505.85";"697.67";"35.9304";"0.2031"
"C";"2024-06-09";"2024-06-10";"32.3443";"72.49";"0.4";"77.05";"41.98";"200.5";"20.7";"44.617";"505.85";"697.67";"35.9304";"0.2031"
"C";"2024-06-08";"2024-06-09";"32.1653";"72.09";"0.44";"77.05";"41.75";"202.8";"5.5";"44.617";"505.85";"697.67";"35.9304";"0.2031"
"C";"2024-06-07";"2024-06-08";"31.9689";"71.65";"0.35";"77.05";"41.49";"158.33";"0.8";"44.617";"505.85";"697.67";"35.9304";"0.2031"
"C";"2024-06-06";"2024-06-07";"31.812";"71.3";"0.32";"77.05";"41.29";"146.25";"1.2";"44.617";"505.85";"697.67";"35.9304";"0.2031"
"C";"2024-06-05";"2024-06-06";"31.6676";"70.98";"0.31";"77.05";"41.1";"139.03";"1";"44.617";"505.85";"697.67";"35.9304";"0.2031"
"C";"2024-06-04";"2024-06-05";"31.5302";"70.67";"0.26";"77.05";"40.92";"125.04";"10.4";"44.617";"505.85";"697.67";"35.9304";"0.2031"
"C";"2024-06-03";"2024-06-04";"31.4161";"70.41";"0.37";"77.05";"40.77";"166.61";"0.4";"44.617";"505.85";"697.67";"35.9304";"0.2031"
"C";"2024-06-02";"2024-06-03";"31.2507";"70.04";"0.39";"77.05";"40.56";"181.8";"5.7";"44.617";"505.85";"697.67";"35.9304";"0.2031"
"C";"2024-06-01";"2024-06-02";"31.0753";"69.65";"0.39";"77.05";"40.33";"181.14";"6";"44.617";"505.85";"697.67";"35.9304";"0.2031"
"C";"2024-05-31";"2024-06-01";"30.9009";"69.26";"0.29";"77.05";"40.1";"140.88";"10.6";"44.617";"505.85";"697.67";"35.8604";"0.2731"
"C";"2024-05-30";"2024-05-31";"30.7713";"68.97";"0.32";"77.05";"39.94";"154.36";"9.6";"44.617";"505.85";"697.67";"35.8604";"0.2731"
"C";"2024-05-29";"2024-05-30";"30.6273";"68.64";"0.38";"77.05";"39.75";"177.5";"6.4";"44.617";"505.85";"697.67";"35.8604";"0.2731"
"C";"2024-05-28";"2024-05-29";"30.4569";"68.26";"0.32";"77.05";"39.53";"148.95";"7";"44.617";"505.85";"697.67";"35.8604";"0.2731"
"C";"2024-05-27";"2024-05-28";"30.3157";"67.95";"0.34";"77.05";"39.35";"156.81";"6";"44.617";"505.85";"697.67";"35.8604";"0.2731"
"C";"2024-05-26";"2024-05-27";"30.1653";"67.61";"0.34";"77.05";"39.15";"158.99";"7.6";"44.617";"505.85";"697.67";"35.8604";"0.2731"
"C";"2024-05-25";"2024-05-26";"30.0144";"67.27";"0.33";"77.05";"38.95";"157.98";"8.9";"44.617";"505.85";"697.67";"35.8604";"0.2731"
"C";"2024-05-24";"2024-05-25";"29.8657";"66.94";"0.37";"77.05";"38.76";"172.72";"8.8";"44.617";"505.85";"697.67";"35.8604";"0.2731"
"C";"2024-05-23";"2024-05-24";"29.7022";"66.57";"0.36";"77.05";"38.55";"167.57";"7.1";"44.617";"505.85";"697.67";"35.8604";"0.2731"
"C";"2024-05-22";"2024-05-23";"29.5421";"66.21";"0.31";"77.05";"38.34";"142.65";"4.8";"44.617";"505.85";"697.67";"35.8604";"0.2731"
"C";"2024-05-21";"2024-05-22";"29.4046";"65.9";"0.03";"77.05";"38.16";"35.1";"22.1";"44.617";"505.85";"697.67";"35.8604";"0.2731"
"C";"2024-05-20";"2024-05-21";"29.3917";"65.88";"0.31";"77.05";"38.15";"139.45";"0.6";"44.617";"505.85";"697.67";"35.8604";"0.2731"
"C";"2024-05-19";"2024-05-20";"29.2533";"65.57";"0.36";"77.05";"37.97";"161.38";"0.5";"44.617";"505.85";"697.67";"35.8604";"0.2731"
"C";"2024-05-18";"2024-05-19";"29.0928";"65.21";"0.36";"77.05";"37.76";"162.65";"1";"44.617";"505.85";"697.67";"35.8604";"0.2731"
"C";"2024-05-17";"2024-05-18";"28.9316";"64.84";"0.32";"77.05";"37.55";"151.28";"9.3";"44.617";"505.85";"697.67";"35.8604";"0.2731"
"C";"2024-05-16";"2024-05-17";"28.79";"64.53";"0.33";"77.05";"37.37";"149.69";"0.9";"44.617";"505.85";"697.67";"35.8604";"0.2731"
"C";"2024-05-15";"2024-05-16";"28.6413";"64.19";"0.37";"77.05";"37.17";"167.37";"0.7";"44.617";"505.85";"697.67";"35.8604";"0.2731"
"C";"2024-05-14";"2024-05-15";"28.4746";"63.82";"0.31";"77.05";"36.96";"137.23";"0.8";"44.617";"505.85";"697.67";"35.8604";"0.2731"
"C";"2024-05-13";"2024-05-14";"28.3382";"63.51";"0.22";"77.05";"36.78";"100.55";"0.7";"44.617";"505.85";"697.67";"35.8604";"0.2731"
"C";"2024-05-12";"2024-05-13";"28.2389";"63.29";"0.3";"77.05";"36.65";"132.95";"0.6";"44.617";"505.85";"697.67";"35.8604";"0.2731"
"C";"2024-05-11";"2024-05-12";"28.1071";"63";"0.31";"77.05";"36.48";"138.5";"1.3";"44.617";"505.85";"697.67";"35.8604";"0.2731"
"C";"2024-05-10";"2024-05-11";"27.9703";"62.69";"0.23";"77.05";"36.3";"113.97";"11.8";"44.617";"505.85";"697.67";"35.8604";"0.2731"
"C";"2024-05-09";"2024-05-10";"27.8687";"62.46";"0.06";"77.05";"36.17";"42.64";"16.4";"44.617";"505.85";"697.67";"35.8604";"0.2731"
"C";"2024-05-08";"2024-05-09";"27.8427";"62.4";"-0.01";"77.05";"36.14";"57.11";"60.3";"44.617";"505.85";"697.67";"35.8604";"0.2731"
"C";"2024-05-07";"2024-05-08";"27.8461";"62.41";"0.13";"77.05";"36.14";"74.84";"14.7";"44.617";"505.85";"697.67";"35.8604";"0.2731"
"C";"2024-05-06";"2024-05-07";"27.7863";"62.28";"0.1";"77.05";"36.06";"59.06";"12.2";"44.617";"505.85";"697.67";"35.8604";"0.2731"
"C";"2024-05-05";"2024-05-06";"27.7398";"62.17";"0.13";"77.05";"36";"62.81";"4";"44.617";"505.85";"697.67";"35.8604";"0.2731"
"C";"2024-05-04";"2024-05-05";"27.6813";"62.04";"0.14";"77.05";"35.93";"65.37";"2.5";"44.617";"505.85";"697.67";"35.8604";"0.2731"
"C";"2024-05-03";"2024-05-04";"27.6187";"61.9";"0.17";"77.05";"35.85";"78.81";"1.5";"44.617";"505.85";"697.67";"35.8604";"0.2731"
"C";"2024-05-02";"2024-05-03";"27.5419";"61.73";"0.2";"77.05";"35.75";"92.34";"1.3";"44.617";"505.85";"697.67";"35.8604";"0.2731"
"C";"2024-05-01";"2024-05-02";"27.4515";"61.53";"0.34";"77.05";"35.63";"156.79";"3.3";"44.617";"505.85";"697.67";"35.8604";"0.2731"
"C";"2024-04-30";"2024-05-01";"27.2987";"61.18";"0.21";"77.05";"35.43";"97.75";"2.8";"44.617";"505.85";"697.67";"35.8604";"0.2731"
"C";"2024-04-29";"2024-04-30";"27.2044";"60.97";"0.06";"77.05";"35.31";"58.72";"31.8";"44.617";"505.85";"697.67";"35.8604";"0.2731"
"C";"2024-04-28";"2024-04-29";"27.1781";"60.91";"-0.01";"77.05";"35.27";"58.71";"60.8";"44.617";"505.85";"697.67";"35.8604";"0.2731"
"C";"2024-04-27";"2024-04-28";"27.1804";"60.92";"-0.03";"77.05";"35.28";"52.22";"63.8";"44.617";"505.85";"697.67";"35.8604";"0.2731"
"C";"2024-04-26";"2024-04-27";"27.1922";"60.95";"-0.4";"77.05";"35.29";"19.86";"197.4";"44.617";"505.85";"697.67";"35.8604";"0.2731"
"C";"2024-04-25";"2024-04-26";"27.3698";"61.34";"-0.42";"77.05";"35.52";"22.3";"208.5";"44.617";"505.85";"697.67";"35.8604";"0.2731"
"C";"2024-04-24";"2024-04-25";"27.5562";"61.76";"-0.58";"77.05";"35.76";"18.75";"276.2";"44.617";"505.85";"697.67";"35.8604";"0.2731"
"C";"2024-04-23";"2024-04-24";"27.8138";"62.34";"-0.51";"77.05";"36.1";"14.75";"244.3";"44.617";"505.85";"697.67";"35.8604";"0.2731"
"C";"2024-04-22";"2024-04-23";"28.0434";"62.85";"-0.46";"77.05";"36.4";"18.71";"222.2";"44.617";"505.85";"697.67";"35.8604";"0.2731"
"C";"2024-04-21";"2024-04-22";"28.247";"63.31";"-0.36";"77.05";"36.66";"24.98";"183.3";"44.617";"505.85";"697.67";"35.8604";"0.2731"
"C";"2024-04-20";"2024-04-21";"28.4054";"63.67";"-0.34";"77.05";"36.87";"31.32";"185";"44.617";"505.85";"697.67";"35.8604";"0.2731"
"C";"2024-04-19";"2024-04-20";"28.5592";"64.01";"-0.32";"77.05";"37.07";"19.23";"163.8";"44.617";"505.85";"697.67";"35.8604";"0.2731"
"C";"2024-04-18";"2024-04-19";"28.7039";"64.33";"-0.35";"77.05";"37.25";"18.41";"173.4";"44.617";"505.85";"697.67";"35.8604";"0.2731"
"C";"2024-04-17";"2024-04-18";"28.859";"64.68";"-0.32";"77.05";"37.45";"40.9";"183";"44.617";"505.85";"697.67";"35.8604";"0.2731"
"C";"2024-04-16";"2024-04-17";"29.0012";"65";"-0.11";"77.05";"37.64";"22.57";"73.4";"44.617";"505.85";"697.67";"35.8604";"0.2731"
"C";"2024-04-15";"2024-04-16";"29.0523";"65.11";"0.09";"77.05";"37.71";"80.64";"38.5";"44.617";"505.85";"697.67";"35.8604";"0.2731"
"C";"2024-04-14";"2024-04-15";"29.0106";"65.02";"0.23";"77.05";"37.65";"116.65";"12.6";"44.617";"505.85";"697.67";"35.8604";"0.2731"
"C";"2024-04-13";"2024-04-14";"28.9071";"64.79";"0.21";"77.05";"37.52";"113.48";"17.4";"44.617";"505.85";"697.67";"35.8604";"0.2731"
"C";"2024-04-12";"2024-04-13";"28.8116";"64.58";"0.05";"77.05";"37.39";"64.44";"43.2";"44.617";"505.85";"697.67";"35.8604";"0.2731"
"C";"2024-04-11";"2024-04-12";"28.7907";"64.53";"-0.03";"77.05";"37.37";"66.96";"79.4";"44.617";"505.85";"697.67";"35.8604";"0.2731"
"C";"2024-04-10";"2024-04-11";"28.8034";"64.56";"-0.03";"77.05";"37.38";"69.15";"80.7";"44.617";"505.85";"697.67";"35.8604";"0.2731"
"C";"2024-04-09";"2024-04-10";"28.8154";"64.58";"0.11";"77.05";"37.4";"69.12";"19.2";"44.617";"505.85";"697.67";"35.8604";"0.2731"
"C";"2024-04-08";"2024-04-09";"28.7658";"64.47";"0.14";"77.05";"37.33";"74.99";"11";"44.617";"505.85";"697.67";"35.8604";"0.2731"
"C";"2024-04-07";"2024-04-08";"28.7021";"64.33";"0.22";"77.05";"37.25";"108.16";"11.3";"44.617";"505.85";"697.67";"35.8604";"0.2731"
"C";"2024-04-06";"2024-04-07";"28.6058";"64.11";"0.17";"77.05";"37.13";"89.57";"14.8";"44.617";"505.85";"697.67";"35.8604";"0.2731"
"C";"2024-04-05";"2024-04-06";"28.5314";"63.95";"0";"77.05";"37.03";"53.29";"52.5";"44.617";"505.85";"697.67";"35.8604";"0.2731"
"C";"2024-04-04";"2024-04-05";"28.531";"63.95";"-0.09";"77.05";"37.03";"40.05";"79.9";"44.617";"505.85";"697.67";"35.8604";"0.2731"
"C";"2024-04-03";"2024-04-04";"28.5712";"64.04";"-0.18";"77.05";"37.08";"26.21";"108.2";"44.617";"505.85";"697.67";"35.8604";"0.2731"
"C";"2024-04-02";"2024-04-03";"28.6534";"64.22";"-0.07";"77.05";"37.19";"52.27";"81.9";"44.617";"505.85";"697.67";"35.8604";"0.4731"
"C";"2024-04-01";"2024-04-02";"28.6836";"64.29";"-0.02";"77.05";"37.23";"63.46";"71.6";"44.617";"505.85";"697.67";"35.8604";"0.4731"
"C";"2024-03-31";"2024-04-01";"28.6925";"63.94";"0.09";"77.05";"37.24";"58.52";"15.7";"44.8731";"511.85";"695.92";"36.1334";"0.2001"
"C";"2024-03-30";"2024-03-31";"28.65";"63.85";"0.06";"77.05";"37.18";"43.71";"15";"44.8731";"511.85";"695.92";"36.1334";"0.2001"
"C";"2024-03-29";"2024-03-30";"28.6216";"63.78";"-0.01";"77.05";"37.15";"32.67";"34.8";"44.8731";"511.85";"695.92";"36.1334";"0.2001"
"C";"2024-03-28";"2024-03-29";"28.6241";"63.79";"-0.18";"77.05";"37.15";"4.49";"86.5";"44.8731";"511.85";"695.92";"36.1334";"0.2001"
"C";"2024-03-27";"2024-03-28";"28.7064";"63.97";"-0.25";"77.05";"37.26";"4.67";"119";"44.8731";"511.85";"695.92";"36.1334";"0.2001"
"C";"2024-03-26";"2024-03-27";"28.8208";"64.23";"-0.3";"77.05";"37.41";"3.32";"138.3";"44.8731";"511.85";"695.92";"36.1334";"0.2001"
"C";"2024-03-25";"2024-03-26";"28.9559";"64.53";"-0.37";"77.05";"37.58";"2.43";"166.9";"44.8731";"511.85";"695.92";"36.1334";"0.2001"
"C";"2024-03-24";"2024-03-25";"29.1206";"64.9";"-0.28";"77.05";"37.79";"16.07";"140.1";"44.8731";"511.85";"695.92";"36.1334";"0.2001"
"C";"2024-03-23";"2024-03-24";"29.2448";"65.17";"-0.21";"77.05";"37.96";"27.9";"120.1";"44.8731";"511.85";"695.92";"36.1334";"0.2001"
"C";"2024-03-22";"2024-03-23";"29.3372";"65.38";"-0.11";"77.05";"38.08";"12.24";"60.6";"44.8731";"511.85";"695.92";"36.1334";"0.2001"
"C";"2024-03-21";"2024-03-22";"29.3858";"65.49";"-0.35";"77.05";"38.14";"6.46";"164.5";"44.8731";"511.85";"695.92";"36.1334";"0.2001"
"C";"2024-03-20";"2024-03-21";"29.544";"65.84";"-0.4";"77.05";"38.34";"2.72";"180.6";"44.8731";"511.85";"695.92";"36.1334";"0.2001"
"C";"2024-03-19";"2024-03-20";"29.7221";"66.24";"-0.37";"77.05";"38.58";"1.45";"167.4";"44.8731";"511.85";"695.92";"36.1334";"0.2001"
"C";"2024-03-18";"2024-03-19";"29.8882";"66.61";"-0.36";"77.05";"38.79";"4.54";"165.9";"44.8731";"511.85";"695.92";"36.1334";"0.2001"
"C";"2024-03-17";"2024-03-18";"30.0497";"66.97";"-0.24";"77.05";"39";"13.81";"120.2";"44.8731";"511.85";"695.92";"36.1334";"0.2001"
"C";"2024-03-16";"2024-03-17";"30.1563";"67.2";"-0.2";"77.05";"39.14";"24.65";"113.6";"44.8731";"511.85";"695.92";"36.1334";"0.2001"
"C";"2024-03-15";"2024-03-16";"30.2454";"67.4";"-0.14";"77.05";"39.25";"6.03";"70.5";"44.8731";"511.85";"695.92";"36.1334";"0.2001"
"C";"2024-03-14";"2024-03-15";"30.3099";"67.55";"-0.33";"77.05";"39.34";"4.82";"151.1";"44.8731";"511.85";"695.92";"36.1334";"0.2001"
"C";"2024-03-13";"2024-03-14";"30.4561";"67.87";"-0.33";"77.05";"39.53";"3.27";"149.8";"44.8731";"511.85";"695.92";"36.1334";"0.2001"
"C";"2024-03-12";"2024-03-13";"30.6027";"68.2";"-0.37";"77.05";"39.72";"3.87";"168.9";"44.8731";"511.85";"695.92";"36.1334";"0.2001"
"C";"2024-03-11";"2024-03-12";"30.7678";"68.57";"-0.24";"77.05";"39.93";"5.76";"112.8";"44.8731";"511.85";"695.92";"36.1334";"0.2001"
"C";"2024-03-10";"2024-03-11";"30.875";"68.81";"-0.15";"77.05";"40.07";"28.07";"96.6";"44.8731";"511.85";"695.92";"36.1334";"0.2001"
"C";"2024-03-09";"2024-03-10";"30.9438";"68.96";"-0.19";"77.05";"40.16";"24.91";"109.9";"44.8731";"511.85";"695.92";"36.1334";"0.2001"
"C";"2024-03-08";"2024-03-09";"31.0291";"69.15";"-0.39";"77.05";"40.27";"15.94";"191.9";"44.8731";"511.85";"695.92";"36.1334";"0.2001"
"C";"2024-03-07";"2024-03-08";"31.2055";"69.54";"-0.33";"77.05";"40.5";"0.53";"149.8";"44.8731";"511.85";"695.92";"36.1334";"0.2001"
"C";"2024-03-06";"2024-03-07";"31.3549";"69.87";"-0.44";"77.05";"40.69";"1.32";"198.8";"44.8731";"511.85";"695.92";"36.1334";"0.2001"
"C";"2024-03-05";"2024-03-06";"31.5525";"70.31";"-0.32";"77.05";"40.95";"2.58";"147.8";"44.8731";"511.85";"695.92";"36.1334";"0.2001"
"C";"2024-03-04";"2024-03-05";"31.6979";"70.64";"-0.19";"77.05";"41.14";"4.62";"89";"44.8731";"511.85";"695.92";"36.1334";"0.2001"
"C";"2024-03-03";"2024-03-04";"31.7824";"70.83";"-0.13";"77.05";"41.25";"13.15";"73";"44.8731";"511.85";"695.92";"36.1334";"0.2001"
"C";"2024-03-02";"2024-03-03";"31.8424";"70.96";"-0.17";"77.05";"41.33";"12.3";"86.8";"44.8731";"511.85";"695.92";"36.1334";"0.2001"
"C";"2024-03-01";"2024-03-02";"31.9171";"71.13";"-0.42";"77.05";"41.42";"2.62";"191.9";"44.8731";"511.85";"695.92";"36.1334";"0.2001"
"C";"2024-02-29";"2024-03-01";"32.1065";"71.55";"-0.3";"77.05";"41.67";"15.84";"152.2";"44.8731";"511.85";"695.92";"36.1334";"0.2001"
"C";"2024-02-28";"2024-02-29";"32.2431";"71.85";"-0.35";"77.05";"41.85";"13.29";"170.3";"44.8731";"511.85";"695.92";"36.1334";"0.2001"
"C";"2024-02-27";"2024-02-28";"32.4002";"72.2";"-0.35";"77.05";"42.05";"6.28";"164.5";"44.8731";"511.85";"695.92";"36.1334";"0.2001"
"C";"2024-02-26";"2024-02-27";"32.5586";"72.56";"-0.21";"77.05";"42.26";"3.82";"97.4";"44.8731";"511.85";"695.92";"36.1334";"0.2001"
"C";"2024-02-25";"2024-02-26";"32.6523";"72.77";"-0.14";"77.05";"42.38";"9.99";"72.2";"44.8731";"511.85";"695.92";"36.1334";"0.2001"
"C";"2024-02-24";"2024-02-25";"32.7147";"72.9";"-0.15";"77.05";"42.46";"12.3";"79.7";"44.8731";"511.85";"695.92";"36.1334";"0.2001"
"C";"2024-02-23";"2024-02-24";"32.7822";"73.06";"-0.16";"77.05";"42.55";"6.73";"77.8";"44.8731";"511.85";"695.92";"36.1334";"0.2001"
"C";"2024-02-22";"2024-02-23";"32.8535";"73.21";"-0.12";"77.05";"42.64";"11.91";"66.9";"44.8731";"511.85";"695.92";"36.1334";"0.2001"
"C";"2024-02-21";"2024-02-22";"32.9088";"73.34";"-0.1";"77.05";"42.71";"25.76";"69.9";"44.8731";"511.85";"695.92";"36.1334";"0.2001"
"C";"2024-02-20";"2024-02-21";"32.9533";"73.44";"-0.08";"77.05";"42.77";"23.11";"58.5";"44.8731";"511.85";"695.92";"36.1334";"0.2001"
"C";"2024-02-19";"2024-02-20";"32.989";"73.52";"-0.05";"77.05";"42.82";"30.61";"51.5";"44.8731";"511.85";"695.92";"36.1334";"0.2001"
"C";"2024-02-18";"2024-02-19";"33.0102";"73.56";"-0.01";"77.05";"42.84";"43.05";"46.1";"44.8731";"511.85";"695.92";"36.1334";"0.2001"
"C";"2024-02-17";"2024-02-18";"33.0135";"73.57";"0.02";"77.05";"42.85";"48.03";"37.4";"44.8731";"511.85";"695.92";"36.1334";"0.2001"
"C";"2024-02-16";"2024-02-17";"33.0032";"73.55";"-0.02";"77.05";"42.83";"28.08";"37.1";"44.8731";"511.85";"695.92";"36.1334";"0.2001"
"C";"2024-02-15";"2024-02-16";"33.0125";"73.57";"-0.06";"77.05";"42.85";"19.72";"44.8";"44.8731";"511.85";"695.92";"36.1334";"0.2001"
"C";"2024-02-14";"2024-02-15";"33.0378";"73.62";"-0.11";"77.05";"42.88";"17.83";"67.1";"44.8731";"511.85";"695.92";"36.1334";"0.2001"
"C";"2024-02-13";"2024-02-14";"33.0871";"73.73";"-0.11";"77.05";"42.94";"10.26";"59";"44.8731";"511.85";"695.92";"36.1334";"0.2001"
"C";"2024-02-12";"2024-02-13";"33.1359";"73.84";"-0.13";"77.05";"43.01";"3.56";"61.8";"44.8731";"511.85";"695.92";"36.1334";"0.2001"
"C";"2024-02-11";"2024-02-12";"33.1942";"73.97";"0.02";"77.05";"43.08";"58.23";"47.5";"44.8731";"511.85";"695.92";"36.1334";"0.2001"
"C";"2024-02-10";"2024-02-11";"33.1837";"73.95";"0.01";"77.05";"43.07";"49.88";"47.3";"44.8731";"511.85";"695.92";"36.1334";"0.2001"
"C";"2024-02-09";"2024-02-10";"33.1814";"73.94";"-0.14";"77.05";"43.06";"10.09";"73.3";"44.8731";"511.85";"695.92";"36.1334";"0.2001"
"C";"2024-02-08";"2024-02-09";"33.2446";"74.09";"-0.36";"77.05";"43.15";"0.55";"161.1";"44.8731";"511.85";"695.92";"36.1334";"0.2001"
"C";"2024-02-07";"2024-02-08";"33.4052";"74.44";"-0.11";"77.05";"43.36";"16.49";"64.9";"44.8731";"511.85";"695.92";"36.1334";"0.2001"
"C";"2024-02-06";"2024-02-07";"33.4537";"74.55";"-0.04";"77.05";"43.42";"43.99";"60.9";"44.8731";"511.85";"695.92";"36.1334";"0.2001"
"C";"2024-02-05";"2024-02-06";"33.4708";"74.59";"0.01";"77.05";"43.44";"39.79";"33";"44.8731";"511.85";"695.92";"36.1334";"0.2001"
"C";"2024-02-04";"2024-02-05";"33.465";"74.58";"0.03";"77.05";"43.43";"62.78";"48.1";"44.8731";"511.85";"695.92";"36.1334";"0.2001"
"C";"2024-02-03";"2024-02-04";"33.4507";"74.55";"0.01";"77.05";"43.41";"64.47";"57.8";"44.8731";"511.85";"695.92";"36.1334";"0.2001"
"C";"2024-02-02";"2024-02-03";"33.4445";"74.53";"-0.15";"77.05";"43.41";"5.34";"73.4";"44.8731";"511.85";"695.92";"36.1334";"0.2001"
"C";"2024-02-01";"2024-02-02";"33.5126";"74.68";"-0.25";"77.05";"43.49";"0.12";"110.1";"44.8731";"511.85";"695.92";"36.1334";"0.2001"
"C";"2024-01-31";"2024-02-01";"33.6226";"74.93";"-0.38";"77.05";"43.64";"0.07";"171.8";"44.8731";"511.85";"695.92";"36.1334";"0.2001"
"C";"2024-01-30";"2024-01-31";"33.7945";"75.31";"-0.31";"77.05";"43.86";"2.1";"139.7";"44.8731";"511.85";"695.92";"36.1334";"0.2001"
"C";"2024-01-29";"2024-01-30";"33.9322";"75.62";"-0.36";"77.05";"44.04";"1.31";"161.1";"44.8731";"511.85";"695.92";"36.1334";"0.2001"
"C";"2024-01-28";"2024-01-29";"34.0921";"75.97";"-0.17";"77.05";"44.25";"9.15";"84.4";"44.8731";"511.85";"695.92";"36.1334";"0.2001"
"C";"2024-01-27";"2024-01-28";"34.1675";"76.14";"-0.16";"77.05";"44.34";"10.38";"82.8";"44.8731";"511.85";"695.92";"36.1334";"0.2001"
"C";"2024-01-26";"2024-01-27";"34.2401";"76.3";"-0.14";"77.05";"44.44";"3.45";"66";"44.8731";"511.85";"695.92";"36.1334";"0.2001"
"C";"2024-01-25";"2024-01-26";"34.3027";"76.44";"-0.28";"77.05";"44.52";"0.94";"125.5";"44.8731";"511.85";"695.92";"36.1334";"0.2001"
"C";"2024-01-24";"2024-01-25";"34.4274";"76.72";"-0.21";"77.05";"44.68";"3.96";"97.7";"44.8731";"511.85";"695.92";"36.1334";"0.2001"
"C";"2024-01-23";"2024-01-24";"34.5212";"76.93";"-0.39";"77.05";"44.8";"11.15";"186.6";"44.8731";"511.85";"695.92";"36.1334";"0.2001"
"C";"2024-01-22";"2024-01-23";"34.6968";"77.32";"-0.48";"77.05";"45.03";"0.22";"214.7";"44.8731";"511.85";"695.87";"36.1334";"0.2001"
"C";"2024-01-21";"2024-01-22";"34.9113";"77.8";"-0.55";"77.05";"45.31";"0.12";"244.8";"44.8731";"511.85";"695.87";"36.1334";"0.2001"
"C";"2024-01-20";"2024-01-21";"35.1561";"78.35";"-0.55";"77.05";"45.63";"0.12";"247.6";"44.8731";"511.85";"695.87";"36.1334";"0.2001"
"C";"2024-01-19";"2024-01-20";"35.4037";"78.9";"-0.65";"77.05";"45.95";"12.91";"305.7";"44.8731";"511.85";"695.87";"36.1334";"0.2001"
"C";"2024-01-18";"2024-01-19";"35.6967";"79.55";"-0.64";"77.05";"46.33";"0.14";"287.9";"44.8731";"511.85";"695.87";"36.1334";"0.2001"
"C";"2024-01-17";"2024-01-18";"35.9846";"80.19";"-0.66";"77.05";"46.7";"10.94";"305.1";"44.8731";"511.85";"695.87";"36.1334";"0.2001"
"C";"2024-01-16";"2024-01-17";"36.2789";"80.85";"-0.67";"77.05";"47.08";"4.3";"305.1";"44.8731";"511.85";"695.87";"36.1334";"0.2001"
"C";"2024-01-15";"2024-01-16";"36.5798";"81.52";"-0.61";"77.05";"47.48";"0.13";"275.4";"44.8731";"511.85";"695.87";"36.1334";"0.2001"
"C";"2024-01-14";"2024-01-15";"36.8552";"82.13";"-0.6";"77.05";"47.83";"5.53";"257.9";"44.8731";"511.85";"695.87";"36.1334";"0.2001"
"E";"2024-01-13";"2024-01-14";"37.1261";"82.74";"-0.52";"77.05";"48.18";"5.4";"237.9";"44.8731";"511.85";"695.87";"36.1334";"0.2001"
"E";"2024-01-12";"2024-01-13";"37.3586";"83.25";"-0.81";"77.05";"48.49";"0";"364.5";"44.8731";"511.85";"695.87";"36.1334";"0.2001"
"E";"2024-01-11";"2024-01-12";"37.7231";"84.07";"-0.87";"77.05";"48.96";"0";"390.3";"44.8731";"511.85";"695.87";"36.1334";"0.2001"
"C";"2024-01-10";"2024-01-11";"38.1135";"84.94";"-0.9";"77.05";"49.47";"11.08";"413.6";"44.8731";"511.85";"695.87";"36.1334";"0.2001"
"C";"2024-01-09";"2024-01-10";"38.5162";"85.83";"-0.95";"77.05";"49.99";"1.41";"426.9";"44.8731";"511.85";"695.87";"36.1334";"0.2001"
"C";"2024-01-08";"2024-01-09";"38.942";"86.78";"-0.74";"77.05";"50.54";"0.13";"331.5";"44.8731";"511.85";"695.87";"36.1334";"0.2001"
"C";"2024-01-07";"2024-01-08";"39.2735";"87.52";"-0.44";"77.05";"50.97";"1.88";"200.5";"44.8731";"511.85";"695.87";"36.1334";"0.2001"
"C";"2024-01-06";"2024-01-07";"39.4723";"87.96";"-0.39";"77.05";"51.23";"0.16";"177";"44.8731";"511.85";"695.87";"36.1334";"0.2001"
"C";"2024-01-05";"2024-01-06";"39.6493";"88.36";"-0.31";"77.05";"51.46";"6.26";"146.9";"44.8731";"511.85";"695.87";"36.1334";"0.2001"
"C";"2024-01-04";"2024-01-05";"39.79";"88.67";"-0.2";"77.05";"51.64";"19.74";"110.1";"44.8731";"511.85";"695.87";"36.1334";"0.2001"
"C";"2024-01-03";"2024-01-04";"39.8805";"88.87";"-0.17";"77.05";"51.76";"43.71";"120.9";"44.8731";"511.85";"695.87";"36.1334";"0.2001"
"C";"2024-01-02";"2024-01-03";"39.958";"89.05";"-0.25";"77.05";"51.86";"9.55";"123.5";"44.8731";"511.85";"695.87";"36.1334";"0.2001"
"C";"2024-01-01";"2024-01-02";"40.0721";"89.3";"0";"77.05";"52.01";"12.71";"119.5";"44.8731";"511.85";"695.87";"36.1334";"0.2001"
"C";"2023-12-31";"2024-01-01";"40.179";"89.54";"-0.04";"77.05";"52.15";"32.62";"51.1";"44.8731";"511.85";"695.87";"36.1334";"0.2001"
"C";"2023-12-30";"2023-12-31";"40.1978";"89.58";"-0.02";"77.05";"52.17";"35.36";"40.8";"44.8731";"511.85";"695.87";"36.1334";"0.2001"
"C";"2023-12-29";"2023-12-30";"40.2085";"89.6";"0.05";"77.05";"52.18";"39.47";"15.1";"44.8731";"511.85";"695.87";"36.1334";"0.2001"
"C";"2023-12-28";"2023-12-29";"40.1869";"89.56";"0.07";"77.05";"52.16";"41.21";"9.3";"44.8731";"511.85";"695.87";"36.1334";"0.2001"
"C";"2023-12-27";"2023-12-28";"40.1568";"89.49";"0.04";"77.05";"52.12";"30.38";"10.5";"44.8731";"511.85";"695.87";"36.1334";"0.2001"
"C";"2023-12-26";"2023-12-27";"40.1373";"89.45";"0.04";"77.05";"52.09";"33.05";"13.3";"44.8731";"511.85";"695.87";"36.1334";"0.2001"
"C";"2023-12-25";"2023-12-26";"40.1199";"89.41";"0.05";"77.05";"52.07";"33.19";"12.1";"44.8731";"511.85";"695.87";"36.1334";"0.2001"
"C";"2023-12-24";"2023-12-25";"40.0992";"89.36";"0.01";"77.05";"52.04";"25.63";"20.8";"44.8731";"511.85";"695.87";"36.1334";"0.2001"
"C";"2023-12-23";"2023-12-24";"40.0947";"89.35";"0.01";"77.05";"52.04";"22.1";"17.3";"44.8731";"511.85";"695.87";"36.1334";"0.2001"
"C";"2023-12-22";"2023-12-23";"40.0901";"89.34";"-0.02";"77.05";"52.03";"19.53";"28";"44.8731";"511.85";"695.87";"36.1334";"0.2001"
"C";"2023-12-21";"2023-12-22";"40.0989";"89.36";"-0.05";"77.05";"52.04";"24.02";"46.7";"44.8731";"511.85";"695.87";"36.1334";"0.2001"
"C";"2023-12-20";"2023-12-21";"40.1218";"89.41";"-0.08";"77.05";"52.07";"20.41";"58.2";"44.8731";"511.85";"695.87";"36.3334";"0.0001"
"C";"2023-12-19";"2023-12-20";"40.1598";"89.5";"-0.05";"77.05";"52.12";"44.92";"65.2";"44.8731";"511.85";"695.87";"36.3334";"0.0001"
"C";"2023-12-18";"2023-12-19";"40.1803";"89.54";"-0.05";"77.05";"52.15";"38.96";"60.1";"44.8731";"511.85";"695.87";"36.3334";"0.0001"
"C";"2023-12-17";"2023-12-18";"40.2018";"89.59";"-0.02";"77.05";"52.18";"48";"53.6";"44.8731";"511.85";"695.87";"36.3334";"0.0001"
"C";"2023-12-16";"2023-12-17";"40.2111";"89.61";"-0.02";"77.05";"52.19";"57.08";"52.1";"44.8731";"511.85";"695.87";"36.3334";"0.0001"
"C";"2023-12-15";"2023-12-16";"40.2206";"89.63";"-0.2";"77.05";"52.2";"25.86";"114.4";"44.8731";"511.85";"695.87";"36.3334";"0.0001"
"C";"2023-12-14";"2023-12-15";"40.3113";"89.83";"-0.23";"77.05";"52.32";"15.69";"117.1";"44.8731";"511.85";"695.87";"36.3334";"0.0001"
"C";"2023-12-13";"2023-12-14";"40.4128";"90.06";"-0.22";"77.05";"52.45";"18.62";"117.2";"44.8731";"511.85";"695.87";"36.3334";"0.0001"
"C";"2023-12-12";"2023-12-13";"40.5115";"90.28";"-0.13";"77.05";"52.58";"30.91";"89.2";"44.8731";"511.85";"695.87";"36.3334";"0.0001"
"C";"2023-12-11";"2023-12-12";"40.57";"90.41";"-0.19";"77.05";"52.65";"18.34";"103.4";"44.8731";"511.85";"695.87";"36.3334";"0.0001"
"C";"2023-12-10";"2023-12-11";"40.6546";"90.6";"-0.21";"77.05";"52.76";"13.83";"107.7";"44.8731";"511.85";"695.87";"36.3334";"0.0001"
"C";"2023-12-09";"2023-12-10";"40.7491";"90.81";"-0.22";"77.05";"52.89";"12.27";"112.4";"44.8731";"511.85";"695.87";"36.3334";"0.0001"
"C";"2023-12-08";"2023-12-09";"40.8494";"91.03";"-0.3";"77.05";"53.02";"20.76";"154.6";"44.8731";"511.85";"695.87";"36.3334";"0.0001"
"C";"2023-12-07";"2023-12-08";"40.9833";"91.33";"-0.49";"77.05";"53.19";"18.8";"238.6";"44.8731";"511.85";"695.87";"36.3334";"0.0001"
"C";"2023-12-06";"2023-12-07";"41.2033";"91.82";"-0.48";"77.05";"53.48";"7.4";"223.5";"44.8731";"511.85";"695.87";"36.3334";"0.0001"
"C";"2023-12-05";"2023-12-06";"41.4195";"92.3";"-0.5";"77.05";"53.76";"6.9";"232.8";"44.8731";"511.85";"695.87";"36.3334";"0.0001"
"C";"2023-12-04";"2023-12-05";"41.6455";"92.81";"-0.44";"77.05";"54.05";"4.85";"200.5";"44.8731";"511.85";"695.87";"36.3334";"0.0001"
"C";"2023-12-03";"2023-12-04";"41.8413";"93.24";"-0.4";"77.05";"54.3";"7.03";"186.8";"44.8731";"511.85";"695.87";"36.3334";"0.0001"
"C";"2023-12-02";"2023-12-03";"42.0212";"93.64";"-0.38";"77.05";"54.54";"9.16";"180.2";"44.8731";"511.85";"695.87";"36.3334";"0.0001"
"C";"2023-12-01";"2023-12-02";"42.1924";"94.03";"-0.51";"77.05";"54.76";"18.66";"246.6";"44.8731";"511.85";"695.87";"36.3678";"-0.0343"
"C";"2023-11-30";"2023-12-01";"42.4206";"94.53";"-0.58";"77.05";"55.06";"2.33";"264.5";"44.8731";"511.85";"695.87";"36.3678";"-0.0343"
"C";"2023-11-29";"2023-11-30";"42.6828";"95.12";"-0.59";"77.05";"55.4";"0.09";"264.3";"44.8731";"511.85";"695.87";"36.3678";"-0.0343"
"C";"2023-11-28";"2023-11-29";"42.9471";"95.71";"-0.58";"77.05";"55.74";"0.66";"259.5";"44.8731";"511.85";"695.87";"36.3678";"-0.0343"
"C";"2023-11-27";"2023-11-28";"43.206";"96.28";"-0.52";"77.05";"56.08";"0.12";"234.8";"44.8731";"511.85";"695.87";"36.3678";"-0.0343"
"C";"2023-11-26";"2023-11-27";"43.4398";"96.81";"-0.44";"77.05";"56.38";"8.76";"204.1";"44.8731";"511.85";"695.87";"36.3678";"-0.0343"
"C";"2023-11-25";"2023-11-26";"43.6353";"97.24";"-0.42";"77.05";"56.63";"8.89";"196.1";"44.8731";"511.85";"695.87";"36.3678";"-0.0343"
"C";"2023-11-24";"2023-11-25";"43.8226";"97.66";"-0.34";"77.05";"56.88";"3.27";"156.2";"44.8731";"511.85";"695.87";"36.3678";"-0.0343"
"C";"2023-11-23";"2023-11-24";"43.9757";"98";"-0.36";"77.05";"57.07";"0.36";"160.4";"44.8731";"511.85";"695.87";"36.3678";"-0.0343"
"C";"2023-11-22";"2023-11-23";"44.1359";"98.36";"-0.42";"77.05";"57.28";"3.32";"193.1";"44.8731";"511.85";"695.87";"36.3678";"-0.0343"
"C";"2023-11-21";"2023-11-22";"44.326";"98.78";"-0.16";"77.05";"57.53";"2.95";"76.3";"44.8731";"511.85";"695.87";"36.3678";"-0.0343"
"C";"2023-11-20";"2023-11-21";"44.3996";"98.94";"-0.11";"77.05";"57.62";"1.15";"48.7";"44.8731";"511.85";"695.87";"36.3678";"-0.0343"
"C";"2023-11-19";"2023-11-20";"44.4484";"99.05";"-0.04";"77.05";"57.69";"13.96";"34";"44.8731";"511.85";"695.87";"36.3678";"-0.0343"
"C";"2023-11-18";"2023-11-19";"44.4685";"99.1";"-0.06";"77.05";"57.71";"13.21";"41.7";"44.8731";"511.85";"695.87";"36.3678";"-0.0343"
"C";"2023-11-17";"2023-11-18";"44.4959";"99.16";"-0.09";"77.05";"57.75";"1.28";"39.4";"44.8731";"511.85";"695.87";"36.3678";"-0.0343"
"C";"2023-11-16";"2023-11-17";"44.5341";"99.24";"-0.06";"77.05";"57.8";"0.67";"26.7";"44.8731";"511.85";"695.87";"36.3678";"-0.0343"
"C";"2023-11-15";"2023-11-16";"44.5601";"99.3";"-0.01";"77.05";"57.83";"1.27";"3.9";"44.8731";"511.85";"695.87";"36.3678";"-0.0343"
"C";"2023-11-14";"2023-11-15";"44.5628";"99.31";"0";"77.05";"57.84";"2.01";"4";"44.8731";"511.85";"695.87";"36.3678";"-0.0343"
"C";"2023-11-13";"2023-11-14";"44.5648";"99.31";"0";"77.05";"57.84";"1.81";"2";"44.8731";"511.85";"695.87";"36.3678";"-0.0343"
"C";"2023-11-12";"2023-11-13";"44.5652";"99.31";"0.01";"77.05";"57.84";"15.38";"12.6";"44.8731";"511.85";"695.87";"36.3678";"-0.0343"
"C";"2023-11-11";"2023-11-12";"44.5626";"99.31";"0.01";"77.05";"57.84";"15.34";"12.3";"44.8731";"511.85";"695.87";"36.3678";"-0.0343"
"C";"2023-11-10";"2023-11-11";"44.5597";"99.3";"0.01";"77.05";"57.83";"5.03";"1.5";"44.8731";"511.85";"695.87";"36.3678";"-0.0343"
"C";"2023-11-09";"2023-11-10";"44.5563";"99.29";"0";"77.05";"57.83";"10.07";"11.8";"44.8731";"511.85";"695.87";"36.3678";"-0.0343"
"C";"2023-11-08";"2023-11-09";"44.5583";"99.3";"0";"77.05";"57.83";"2.5";"2.6";"44.8731";"511.85";"695.87";"36.3678";"-0.0343"
"C";"2023-11-07";"2023-11-08";"44.5585";"99.3";"0.01";"77.05";"57.83";"6.09";"3.2";"44.8731";"511.85";"695.87";"36.3678";"-0.0343"
"C";"2023-11-06";"2023-11-07";"44.5557";"99.29";"0.03";"77.05";"57.83";"16.61";"1.1";"44.8731";"511.85";"695.87";"36.3678";"-0.0343"
"C";"2023-11-05";"2023-11-06";"44.5404";"99.26";"0.1";"77.05";"57.81";"52.23";"5.6";"44.8731";"511.85";"695.87";"36.3678";"-0.0343"
"C";"2023-11-04";"2023-11-05";"44.4941";"99.16";"0.1";"77.05";"57.75";"51.65";"5.6";"44.8731";"511.85";"695.87";"36.3678";"-0.0343"
"C";"2023-11-03";"2023-11-04";"44.4484";"99.05";"0.05";"77.05";"57.69";"23.15";"0.2";"44.8731";"511.85";"695.87";"36.3678";"-0.0343"
"C";"2023-11-02";"2023-11-03";"44.4256";"99";"0.05";"77.05";"57.66";"39.97";"11.1";"44.8731";"511.85";"695.87";"36.3678";"-0.0343"
"C";"2023-11-01";"2023-11-02";"44.403";"98.95";"0.05";"77.05";"57.63";"24.22";"0.2";"44.8731";"511.85";"695.87";"36.3678";"-0.0343"
"C";"2023-10-31";"2023-11-01";"44.3791";"98.9";"0.04";"77.05";"57.6";"26.26";"7.2";"44.8731";"511.85";"695.87";"36.3678";"-0.2343"
"C";"2023-10-30";"2023-10-31";"44.3604";"98.86";"0.07";"77.05";"57.57";"33.77";"0.6";"44.8731";"511.85";"695.87";"36.3678";"-0.2343"
"C";"2023-10-29";"2023-10-30";"44.3275";"98.78";"0.11";"77.05";"57.53";"57.08";"9.5";"44.8731";"511.85";"695.87";"36.3678";"-0.2343"
"C";"2023-10-28";"2023-10-29";"44.2802";"98.68";"0.1";"77.05";"57.47";"53.27";"10.1";"44.8731";"511.85";"695.87";"36.3678";"-0.2343"
"C";"2023-10-27";"2023-10-28";"44.2372";"98.58";"0.05";"77.05";"57.41";"23.03";"2";"44.8731";"511.85";"695.87";"36.3678";"-0.2343"
"C";"2023-10-26";"2023-10-27";"44.2162";"98.54";"0.04";"77.05";"57.39";"20.38";"1.4";"44.8731";"511.85";"695.87";"36.3678";"-0.2343"
"C";"2023-10-25";"2023-10-26";"44.1973";"98.49";"0.01";"77.05";"57.36";"11.66";"6.1";"44.8731";"511.85";"695.87";"36.3678";"-0.2343"
"C";"2023-10-24";"2023-10-25";"44.1917";"98.48";"0.09";"77.05";"57.35";"40.95";"1.4";"44.8731";"511.85";"695.87";"36.3678";"-0.2343"
"C";"2023-10-23";"2023-10-24";"44.1524";"98.39";"0.04";"77.05";"57.3";"34.41";"17.2";"44.8731";"511.85";"695.87";"36.3678";"-0.2343"
"C";"2023-10-22";"2023-10-23";"44.1352";"98.36";"0.13";"77.05";"57.28";"72.19";"14.1";"44.8731";"511.85";"695.87";"36.3678";"-0.2343"
"C";"2023-10-21";"2023-10-22";"44.0773";"98.23";"0.12";"77.05";"57.21";"68.34";"13.1";"44.8731";"511.85";"695.87";"36.3678";"-0.2343"
"C";"2023-10-20";"2023-10-21";"44.0221";"98.1";"0.06";"77.05";"57.13";"44.53";"10.9";"44.8731";"511.85";"695.87";"36.3678";"-0.2343"
"C";"2023-10-19";"2023-10-20";"43.9937";"98.04";"0.01";"77.05";"57.1";"36.36";"35.1";"44.8731";"511.85";"695.87";"36.3678";"-0.2343"
"C";"2023-10-18";"2023-10-19";"43.9875";"98.22";"-0.11";"77.05";"57.09";"17.53";"65.4";"44.7831";"511.85";"695.87";"36.3678";"-0.2343"
"C";"2023-10-17";"2023-10-18";"44.0353";"98.33";"-0.08";"77.05";"57.15";"23.29";"60.9";"44.7831";"511.85";"695.87";"36.3678";"-0.2343"
"C";"2023-10-16";"2023-10-17";"44.073";"98.41";"0.03";"77.05";"57.2";"27.14";"11.6";"44.7831";"511.85";"695.87";"36.3678";"-0.2343"
"C";"2023-10-15";"2023-10-16";"44.0575";"98.38";"0.17";"77.05";"57.18";"78.41";"0.9";"44.7831";"511.85";"695.87";"36.3678";"-0.2343"
"C";"2023-10-14";"2023-10-15";"43.9804";"98.21";"0.19";"77.05";"57.08";"88.23";"0.6";"44.7831";"511.85";"695.87";"36.3678";"-0.2343"
"C";"2023-10-13";"2023-10-14";"43.8932";"98.01";"0.17";"77.05";"56.97";"77.14";"1.1";"44.7831";"511.85";"695.87";"36.3678";"-0.2343"
"C";"2023-10-12";"2023-10-13";"43.8176";"97.84";"0.11";"77.05";"56.87";"54.57";"3.5";"44.7831";"511.85";"695.87";"36.3678";"-0.2343"
"C";"2023-10-11";"2023-10-12";"43.7667";"97.73";"0.08";"77.05";"56.8";"52.16";"2.6";"44.7831";"511.85";"695.87";"36.3678";"-0.2343"
"C";"2023-10-10";"2023-10-11";"43.7306";"97.65";"0.11";"77.05";"56.76";"56.77";"4.8";"44.7831";"511.85";"695.87";"36.3678";"-0.2343"
"C";"2023-10-09";"2023-10-10";"43.6811";"97.98";"0.13";"77.05";"56.69";"61.92";"2.5";"44.5831";"511.85";"695.87";"36.1334";"0.0001"
"C";"2023-10-08";"2023-10-09";"43.6218";"97.84";"0.09";"77.05";"56.61";"62.48";"23.6";"44.5831";"511.85";"695.87";"36.1334";"0.0001"
"C";"2023-10-07";"2023-10-08";"43.5831";"97.76";"0.1";"77.05";"56.56";"65.47";"21";"44.5831";"511.85";"695.87";"36.1334";"0.0001"
"C";"2023-10-06";"2023-10-07";"43.5384";"97.66";"0.12";"77.05";"56.51";"63.96";"9.3";"44.5831";"511.85";"695.87";"36.1334";"0.0001"
"C";"2023-10-05";"2023-10-06";"43.4843";"97.54";"0.14";"77.05";"56.44";"70.1";"6.2";"44.5831";"511.85";"695.87";"36.1334";"0.0001"
"C";"2023-10-04";"2023-10-05";"43.4207";"97.39";"0.15";"77.05";"56.35";"69.3";"0.1";"44.5831";"511.85";"695.87";"36.1334";"0.0001"
"C";"2023-10-03";"2023-10-04";"43.3516";"97.24";"0.16";"77.05";"56.26";"73.27";"3.7";"44.5831";"511.85";"695.87";"36.1334";"0.0001"
"C";"2023-10-02";"2023-10-03";"43.2821";"97.08";"0.17";"77.05";"56.17";"80.64";"5.7";"44.5831";"511.85";"695.87";"36.1334";"0.0001"
"C";"2023-10-01";"2023-10-02";"43.2074";"96.91";"0.21";"77.05";"56.08";"98.98";"3.4";"44.5831";"511.85";"695.87";"36.1334";"0.0001"
"C";"2023-09-30";"2023-10-01";"43.112";"96.7";"0.22";"77.05";"55.95";"99.86";"3.6";"44.5831";"511.85";"695.87";"36.1334";"0.0001"
"C";"2023-09-29";"2023-09-30";"43.0161";"96.49";"0.18";"77.05";"55.83";"82.71";"0.5";"44.5831";"511.85";"695.87";"36.1334";"0.0001"
"C";"2023-09-28";"2023-09-29";"42.9344";"96.3";"0.13";"77.05";"55.72";"56.67";"0.5";"44.5831";"511.85";"695.87";"36.1334";"0.0001"
"C";"2023-09-27";"2023-09-28";"42.8785";"96.18";"0.1";"77.05";"55.65";"46.73";"3.5";"44.5831";"511.85";"695.87";"36.1334";"0.0001"
"C";"2023-09-26";"2023-09-27";"42.8354";"96.08";"0.08";"77.05";"55.59";"42.42";"7.7";"44.5831";"511.85";"695.87";"36.1334";"0.0001"
"C";"2023-09-25";"2023-09-26";"42.8009";"96";"0.06";"77.05";"55.55";"44.7";"17.9";"44.5831";"511.85";"695.87";"36.1334";"0.0001"
"C";"2023-09-24";"2023-09-25";"42.7744";"95.94";"0.07";"77.05";"55.52";"42.55";"12.7";"44.5831";"511.85";"695.87";"36.1334";"0.0001"
"C";"2023-09-23";"2023-09-24";"42.7448";"95.88";"0.07";"77.05";"55.48";"42.67";"12.7";"44.5831";"511.85";"695.87";"36.1334";"0.0001"
"C";"2023-09-22";"2023-09-23";"42.7151";"95.81";"0.06";"77.05";"55.44";"33.26";"5.7";"44.5831";"511.85";"695.87";"36.1334";"0.0001"
"C";"2023-09-21";"2023-09-22";"42.6877";"95.75";"0.02";"77.05";"55.4";"34.76";"27.7";"44.5831";"511.85";"695.87";"36.1334";"0.0001"
"C";"2023-09-20";"2023-09-21";"42.6809";"95.73";"0.03";"77.05";"55.39";"32.73";"20.6";"44.5831";"511.85";"695.87";"36.1334";"0.0001"
"C";"2023-09-19";"2023-09-20";"42.669";"95.71";"0.03";"77.05";"55.38";"31.37";"18.5";"44.5831";"511.85";"695.87";"36.1334";"0.0001"
"C";"2023-09-18";"2023-09-19";"42.6563";"95.49";"0.04";"77.05";"55.36";"35.02";"17";"44.6731";"511.85";"695.87";"36.1334";"0.0001"
"C";"2023-09-17";"2023-09-18";"42.6385";"95.45";"0.07";"77.05";"55.34";"65.35";"35.5";"44.6731";"511.85";"695.87";"36.1334";"0.0001"
"C";"2023-09-16";"2023-09-17";"42.6088";"95.38";"0.05";"77.05";"55.3";"66.29";"42.2";"44.6731";"511.85";"695.87";"36.1334";"0.0001"
"C";"2023-09-15";"2023-09-16";"42.585";"95.33";"-0.05";"77.05";"55.27";"25.82";"48.2";"44.6731";"511.85";"695.87";"36.1334";"0.0001"
"C";"2023-09-14";"2023-09-15";"42.6075";"95.38";"-0.25";"77.05";"55.3";"25.47";"45.6";"44.6731";"511.85";"695.87";"36.1334";"0.0001"
"C";"2023-09-13";"2023-09-14";"42.7179";"95.64";"-0.06";"77.05";"55.44";"27.62";"55.2";"44.6671";"511.85";"706.87";"36.1334";"0.0001"
"C";"2023-09-12";"2023-09-13";"42.7458";"95.7";"-0.01";"77.05";"55.48";"43.06";"48.5";"44.6671";"511.85";"706.87";"36.1334";"0.0001"
"C";"2023-09-11";"2023-09-12";"42.7514";"95.71";"0.07";"77.05";"55.49";"45.02";"13.1";"44.6671";"511.85";"706.87";"36.1334";"0.0001"
"C";"2023-09-10";"2023-09-11";"42.7197";"95.64";"0.15";"77.05";"55.44";"89.18";"23.8";"44.6671";"511.85";"706.87";"36.1334";"0.0001"
"C";"2023-09-09";"2023-09-10";"42.6546";"95.49";"0.19";"77.05";"55.36";"110.82";"25.7";"44.6671";"511.85";"706.87";"36.1334";"0.0001"
"C";"2023-09-08";"2023-09-09";"42.57";"95.31";"0.08";"77.05";"55.25";"66.29";"32.1";"44.6671";"511.85";"706.87";"36.1334";"0.0001"
"C";"2023-09-07";"2023-09-08";"42.5362";"95.23";"0.08";"77.05";"55.21";"58.65";"24.9";"44.6671";"511.85";"706.87";"36.1334";"0.0001"
"C";"2023-09-06";"2023-09-07";"42.5026";"95.15";"0.05";"77.05";"55.16";"56.13";"34.3";"44.6671";"511.85";"706.87";"36.1334";"0.0001"
"C";"2023-09-05";"2023-09-06";"42.4811";"95.11";"0.03";"77.05";"55.13";"56.13";"42";"44.6671";"511.85";"706.87";"36.1334";"0.0001"
"C";"2023-09-04";"2023-09-05";"42.4673";"95.08";"0.07";"77.05";"55.12";"55.44";"25.2";"44.6671";"511.85";"706.87";"36.1334";"0.0001"
"C";"2023-09-03";"2023-09-04";"42.4373";"95.01";"0.2";"77.05";"55.08";"98.4";"9.6";"44.6671";"511.85";"706.87";"36.1334";"0.0001"
"C";"2023-09-02";"2023-09-03";"42.3488";"94.81";"0.27";"77.05";"54.96";"132.04";"9";"44.6671";"511.85";"706.87";"36.1334";"0.0001"
"C";"2023-09-01";"2023-09-02";"42.2264";"94.54";"0.17";"77.05";"54.8";"85.84";"8.5";"44.6671";"511.85";"706.87";"36.1444";"-0.0109"
"C";"2023-08-31";"2023-09-01";"42.1499";"94.36";"0";"77.05";"54.7";"23.78";"25.7";"44.6671";"511.85";"706.87";"36.1334";"0.0001"
"C";"2023-08-30";"2023-08-31";"42.152";"94.37";"-0.02";"77.05";"54.71";"24.61";"32.1";"44.6671";"511.85";"706.87";"36.1334";"0.0001"
"C";"2023-08-29";"2023-08-30";"42.1598";"94.39";"0.01";"77.05";"54.72";"38.73";"35.8";"44.6671";"511.85";"706.87";"36.1334";"0.0001"
"C";"2023-08-28";"2023-08-29";"42.1571";"94.38";"0.03";"77.05";"54.71";"53.26";"41";"44.6671";"511.85";"706.87";"36.1444";"-0.0109"
"C";"2023-08-27";"2023-08-28";"42.1452";"94.35";"0.11";"77.05";"54.7";"76.45";"25.9";"44.6671";"511.85";"706.87";"36.1444";"-0.0109"
"C";"2023-08-26";"2023-08-27";"42.095";"94.24";"0.11";"77.05";"54.63";"75.95";"25.4";"44.6671";"511.85";"706.87";"36.1444";"-0.0109"
"C";"2023-08-25";"2023-08-26";"42.0447";"94.13";"0.04";"77.05";"54.57";"40.35";"24.3";"44.6671";"511.85";"706.87";"36.1334";"0.0001"
"C";"2023-08-24";"2023-08-25";"42.0289";"94.09";"0.02";"77.05";"54.55";"41.05";"29.9";"44.6671";"511.85";"706.87";"36.1334";"0.0001"
"C";"2023-08-23";"2023-08-24";"42.018";"94.07";"0.09";"77.05";"54.53";"39.14";"0.4";"44.6671";"511.85";"706.87";"36.1334";"0.0001"
"C";"2023-08-22";"2023-08-23";"41.9795";"93.98";"0.03";"77.05";"54.48";"41.3";"25";"44.6671";"511.85";"706.87";"36.1334";"0.0001"
"C";"2023-08-21";"2023-08-22";"41.964";"93.95";"0.14";"77.05";"54.46";"65.14";"0.4";"44.6671";"511.85";"706.87";"36.1334";"0.0001"
"C";"2023-08-20";"2023-08-21";"41.8995";"93.8";"0.16";"77.05";"54.38";"87.72";"15.6";"44.6671";"511.85";"706.87";"36.1334";"0.0001"
"C";"2023-08-19";"2023-08-20";"41.8278";"93.64";"0.28";"77.05";"54.29";"139.52";"12";"44.6671";"511.85";"706.87";"36.1334";"0.0001"
"C";"2023-08-18";"2023-08-19";"41.7011";"93.36";"0.25";"77.05";"54.12";"112";"0.4";"44.6671";"511.85";"706.87";"36.1334";"0.0001"
"C";"2023-08-17";"2023-08-18";"41.5903";"93.11";"0.08";"77.05";"53.98";"54.71";"18.9";"44.6671";"511.85";"706.87";"36.1334";"0.0001"
"C";"2023-08-16";"2023-08-17";"41.5548";"93.03";"0.07";"77.05";"53.93";"50.96";"18.4";"44.6671";"511.85";"706.87";"36.1334";"0.0001"
"C";"2023-08-15";"2023-08-16";"41.5226";"92.96";"0.07";"77.05";"53.89";"48.18";"17.5";"44.6671";"511.85";"706.87";"36.1334";"0.0001"
"C";"2023-08-14";"2023-08-15";"41.4922";"92.89";"0.15";"77.05";"53.85";"71.38";"2";"44.6671";"511.85";"706.87";"36.1334";"0.0001"
"C";"2023-08-13";"2023-08-14";"41.4232";"92.74";"0.23";"77.05";"53.76";"105.65";"2.2";"44.6671";"511.85";"706.87";"36.1334";"0.0001"
"C";"2023-08-12";"2023-08-13";"41.3201";"92.61";"0.3";"77.05";"53.63";"133.92";"0.4";"44.6152";"511.85";"706.87";"36.1334";"0.0001"
"C";"2023-08-11";"2023-08-12";"41.1872";"92.32";"0.18";"77.05";"53.46";"84.55";"1.3";"44.6152";"511.85";"706.87";"36.1334";"0.0001"
"C";"2023-08-10";"2023-08-11";"41.1047";"92.13";"0.08";"77.05";"53.35";"38.85";"1.8";"44.6152";"511.85";"706.87";"36.1334";"0.0001"
"C";"2023-08-09";"2023-08-10";"41.0679";"92.05";"0.15";"77.05";"53.3";"71.31";"3.4";"44.6152";"511.85";"706.87";"36.1334";"0.0001"
"C";"2023-08-08";"2023-08-09";"41.0005";"91.9";"0.19";"77.05";"53.21";"87.11";"0.2";"44.6152";"511.85";"706.87";"36.1334";"0.0001"
"C";"2023-08-07";"2023-08-08";"40.9139";"91.7";"0.11";"77.05";"53.1";"50.12";"0.4";"44.6152";"511.85";"706.87";"36.1334";"0.0001"
"C";"2023-08-06";"2023-08-07";"40.8646";"91.59";"0.29";"77.05";"53.04";"128.67";"0.1";"44.6152";"511.85";"706.87";"36.1334";"0.0001"
"C";"2023-08-05";"2023-08-06";"40.7364";"91.31";"0.3";"77.05";"52.87";"136.49";"0.1";"44.6152";"511.85";"706.87";"36.1334";"0.0001"
"C";"2023-08-04";"2023-08-05";"40.6005";"91";"0.25";"77.05";"52.69";"114.25";"0.1";"44.6152";"511.85";"706.87";"36.1334";"0.0001"
"C";"2023-08-03";"2023-08-04";"40.4868";"90.75";"0.24";"77.05";"52.55";"108.52";"0.3";"44.6152";"511.85";"706.87";"36.1334";"0.0001"
"C";"2023-08-02";"2023-08-03";"40.3789";"90.94";"0.11";"77.05";"52.41";"51.28";"0.1";"44.4012";"509.04";"706.87";"36.1334";"-0.2139"
"C";"2023-08-01";"2023-08-02";"40.3282";"90.83";"0.11";"77.05";"52.34";"47.17";"0.1";"44.4012";"509.04";"706.87";"36.1334";"-0.2139"
"C";"2023-07-31";"2023-08-01";"40.2814";"90.72";"0.07";"77.05";"52.28";"48.87";"19.1";"44.4012";"509.04";"706.87";"35.9194";"0.0001"
"C";"2023-07-30";"2023-07-31";"40.252";"90.66";"0.24";"77.05";"52.24";"110.05";"0.2";"44.4012";"509.04";"706.87";"35.9194";"0.0001"
"C";"2023-07-29";"2023-07-30";"40.1447";"90.41";"0.27";"77.05";"52.1";"120.96";"0.1";"44.4012";"509.04";"706.87";"35.9194";"0.0001"
"C";"2023-07-28";"2023-07-29";"40.0256";"90.15";"0.21";"77.05";"51.95";"93.65";"0.1";"44.4012";"509.04";"706.87";"35.9194";"0.0001"
"C";"2023-07-27";"2023-07-28";"39.9329";"89.94";"0.19";"77.05";"51.83";"85.62";"0.5";"44.4012";"509.04";"706.87";"35.9194";"0.0001"
"C";"2023-07-26";"2023-07-27";"39.8484";"89.75";"0.16";"77.05";"51.72";"72.72";"0.8";"44.4012";"509.04";"706.87";"35.9194";"0.0001"
"C";"2023-07-25";"2023-07-26";"39.777";"89.59";"0.09";"77.05";"51.62";"67.99";"27.6";"44.4012";"509.04";"706.87";"35.9194";"0.0001"
"C";"2023-07-24";"2023-07-25";"39.7371";"89.5";"0.17";"77.05";"51.57";"78";"0.2";"44.4012";"509.04";"706.87";"35.9194";"0.0001"
"C";"2023-07-23";"2023-07-24";"39.6599";"89.32";"0.24";"77.05";"51.47";"107.1";"0.3";"44.4012";"509.04";"706.87";"35.9194";"0.0001"
"C";"2023-07-22";"2023-07-23";"39.5538";"89.08";"0.25";"77.05";"51.34";"110.32";"0.3";"44.4012";"509.04";"706.87";"35.9194";"0.0001"
"C";"2023-07-21";"2023-07-22";"39.4445";"88.84";"0.19";"77.05";"51.19";"88.85";"2.1";"44.4012";"509.04";"706.87";"35.9194";"0.0001"
"C";"2023-07-20";"2023-07-21";"39.3584";"88.64";"0.16";"77.05";"51.08";"73.54";"0.7";"44.4012";"509.04";"706.87";"35.9194";"0.0001"
"C";"2023-07-19";"2023-07-20";"39.2862";"88.48";"0.14";"77.05";"50.99";"70.44";"8.3";"44.4012";"509.04";"706.87";"35.9194";"0.0001"
"C";"2023-07-18";"2023-07-19";"39.2246";"88.34";"0.14";"77.05";"50.91";"71.11";"6.5";"44.4012";"509.04";"706.87";"35.9194";"0.0001"
"C";"2023-07-17";"2023-07-18";"39.1606";"88.2";"0.1";"77.05";"50.82";"53.07";"6.2";"44.4012";"509.04";"706.87";"35.9194";"0.0001"
"E";"2023-07-16";"2023-07-17";"39.1173";"88.1";"0.19";"77.05";"50.77";"83.68";"0.2";"44.4012";"509.04";"706.87";"35.9194";"0.0001"
"C";"2023-07-15";"2023-07-16";"39.0341";"87.91";"0.22";"77.05";"50.66";"98.33";"0.1";"44.4012";"509.04";"706.87";"35.9194";"0.0001"
"C";"2023-07-14";"2023-07-15";"38.9364";"87.69";"0.18";"77.05";"50.53";"86.7";"6.8";"44.4012";"509.04";"706.87";"35.9194";"0.0001"
"C";"2023-07-13";"2023-07-14";"38.8572";"87.51";"0.15";"77.05";"50.43";"78.59";"13.1";"44.4012";"509.04";"706.87";"35.9194";"0.0001"
"C";"2023-07-12";"2023-07-13";"38.7924";"87.37";"0.12";"77.05";"50.35";"64.72";"13.1";"44.4012";"509.04";"706.87";"35.9194";"0.0001"
"C";"2023-07-11";"2023-07-12";"38.7413";"87.25";"0.11";"77.05";"50.28";"61.41";"13.7";"44.4012";"509.04";"706.87";"35.9194";"0.0001"
"C";"2023-07-10";"2023-07-11";"38.6941";"87.15";"0.21";"77.05";"50.22";"97.72";"4.2";"44.4012";"509.04";"706.87";"35.9194";"0.0001"
"C";"2023-07-09";"2023-07-10";"38.6011";"86.94";"0.24";"77.05";"50.1";"107.86";"0.7";"44.4012";"509.04";"706.87";"35.9194";"0.0001"
"C";"2023-07-08";"2023-07-09";"38.4946";"86.7";"0.27";"77.05";"49.96";"120.69";"0.1";"44.4012";"509.04";"706.87";"35.9194";"0.0001"
"C";"2023-07-07";"2023-07-08";"38.3747";"86.43";"0.24";"77.05";"49.8";"107.13";"0.1";"44.4012";"509.04";"706.87";"35.9194";"0.0001"
"C";"2023-07-06";"2023-07-07";"38.2685";"86.19";"0.19";"77.05";"49.67";"87.81";"5";"44.4012";"509.04";"706.87";"35.9194";"0.0001"
"C";"2023-07-05";"2023-07-06";"38.1863";"86";"0.21";"77.05";"49.56";"100.84";"5";"44.4012";"509.04";"706.87";"35.9194";"0.0001"
"C";"2023-07-04";"2023-07-05";"38.0911";"85.79";"0.19";"77.05";"49.44";"90.86";"6.7";"44.4012";"509.04";"706.87";"35.9194";"0.0001"
"C";"2023-07-03";"2023-07-04";"38.0076";"85.6";"0.2";"77.05";"49.33";"93.46";"5";"44.4012";"509.04";"706.87";"35.9194";"0.0001"
"C";"2023-07-02";"2023-07-03";"37.9198";"85.4";"0.35";"77.05";"49.21";"157.23";"0.6";"44.4012";"509.04";"706.87";"35.9194";"0.0001"
"C";"2023-07-01";"2023-07-02";"37.7638";"85.05";"0.42";"77.05";"49.01";"185.55";"0.1";"44.4012";"509.04";"706.87";"35.9194";"0.0001"
"C";"2023-06-30";"2023-07-01";"37.5793";"84.64";"0.37";"77.05";"48.77";"197.56";"22.3";"44.4012";"509.04";"706.87";"35.9194";"0.0001"
"C";"2023-06-29";"2023-06-30";"37.4155";"84.47";"0.36";"77.05";"48.56";"182.22";"22.4";"44.2962";"509.04";"706.87";"35.9194";"0.0001"
"C";"2023-06-28";"2023-06-29";"37.2565";"84.11";"0.44";"77.05";"48.35";"196.88";"2.1";"44.2962";"509.04";"706.87";"35.9194";"0.0001"
"C";"2023-06-27";"2023-06-28";"37.0624";"83.67";"0.41";"77.05";"48.1";"181.98";"1.7";"44.2962";"509.04";"706.87";"35.9194";"0.0001"
"C";"2023-06-26";"2023-06-27";"36.8829";"83.26";"0.44";"77.05";"47.87";"191.06";"0.2";"44.2962";"509.04";"706.87";"35.9194";"0.0001"
"C";"2023-06-25";"2023-06-26";"36.6896";"82.83";"0.48";"77.05";"47.62";"215.34";"0.2";"44.2962";"509.04";"706.87";"35.9194";"0.0001"
"C";"2023-06-24";"2023-06-25";"36.4751";"82.34";"0.49";"77.05";"47.34";"219.65";"0.7";"44.2962";"509.04";"706.87";"35.9194";"0.0001"
"C";"2023-06-23";"2023-06-24";"36.2569";"81.85";"0.44";"77.05";"47.06";"191.91";"0.1";"44.2962";"509.04";"706.87";"35.9194";"0.0001"
"C";"2023-06-22";"2023-06-23";"36.0599";"81.41";"0.35";"77.05";"46.8";"153.88";"0.2";"44.2962";"509.04";"706.87";"35.9194";"0.0001"
"C";"2023-06-21";"2023-06-22";"35.9068";"81.06";"0.4";"77.05";"46.6";"179.75";"0.2";"44.2962";"509.04";"706.87";"35.9194";"0.0001"
"C";"2023-06-20";"2023-06-21";"35.7279";"80.66";"0.46";"77.05";"46.37";"205.57";"0.2";"44.2962";"509.04";"706.87";"35.9194";"0.0001"
"C";"2023-06-19";"2023-06-20";"35.5233";"80.19";"0.43";"77.05";"46.1";"192.08";"0.1";"44.2962";"509.04";"706.87";"35.9194";"0.0001"
"C";"2023-06-18";"2023-06-19";"35.3321";"79.76";"0.48";"77.05";"45.86";"214.24";"0.1";"44.2962";"509.04";"706.87";"35.9194";"0.0001"
"C";"2023-06-17";"2023-06-18";"35.1188";"79.28";"0.49";"77.05";"45.58";"217.55";"0.1";"44.2962";"509.04";"706.87";"35.9194";"0.0001"
"C";"2023-06-16";"2023-06-17";"34.9021";"78.79";"0.44";"77.05";"45.3";"195.42";"0.2";"44.2962";"509.04";"706.87";"35.9194";"0.0001"
"C";"2023-06-15";"2023-06-16";"34.7078";"78.35";"0.39";"77.05";"45.05";"174.08";"1";"44.2962";"509.04";"706.87";"35.9194";"0.0001"
"C";"2023-06-14";"2023-06-15";"34.5356";"77.97";"0.48";"77.05";"44.82";"215.91";"0.2";"44.2962";"509.04";"706.87";"35.9194";"0.0001"
"C";"2023-06-13";"2023-06-14";"34.3208";"77.48";"0.47";"77.05";"44.54";"208.58";"0.2";"44.2962";"509.04";"706.87";"35.9194";"0.0001"
"C";"2023-06-12";"2023-06-13";"34.1134";"77.01";"0.47";"77.05";"44.27";"211.52";"0.2";"44.2962";"509.04";"706.87";"35.9194";"0.0001"
"C";"2023-06-11";"2023-06-12";"33.9032";"76.54";"0.54";"77.05";"44";"241.42";"0.2";"44.2962";"509.04";"706.87";"35.9194";"0.0001"
"C";"2023-06-10";"2023-06-11";"33.663";"76";"0.54";"77.05";"43.69";"242.48";"0.1";"44.2962";"509.04";"706.87";"35.9194";"0.0001"
"C";"2023-06-09";"2023-06-10";"33.4218";"75.45";"0.49";"77.05";"43.38";"219.22";"0.1";"44.2962";"509.04";"706.87";"35.9194";"0.0001"
"C";"2023-06-08";"2023-06-09";"33.2039";"74.96";"0.45";"77.05";"43.09";"199.54";"0.2";"44.2962";"509.04";"706.87";"35.9194";"0.0001"
"C";"2023-06-07";"2023-06-08";"33.0055";"74.51";"0.38";"77.05";"42.84";"171.95";"0.3";"44.2962";"509.04";"706.87";"35.9194";"0.0001"
"C";"2023-06-06";"2023-06-07";"32.835";"74.13";"0.49";"77.05";"42.62";"221.74";"5.1";"44.2962";"509.04";"706.87";"35.9194";"0.0001"
"C";"2023-06-05";"2023-06-06";"32.6195";"73.64";"0.52";"77.05";"42.34";"231.21";"0.2";"44.2962";"509.04";"706.87";"35.9194";"0.0001"
"C";"2023-06-04";"2023-06-05";"32.3896";"73.12";"0.53";"77.05";"42.04";"236.62";"0.7";"44.2962";"509.04";"706.87";"35.9194";"0.0001"
"C";"2023-06-03";"2023-06-04";"32.1549";"72.59";"0.53";"77.05";"41.73";"236.1";"0.1";"44.2962";"509.04";"706.87";"35.9194";"0.0001"
"C";"2023-06-02";"2023-06-03";"31.921";"72.06";"0.54";"77.05";"41.43";"242.89";"0.1";"44.2962";"509.04";"706.87";"35.9194";"0.0001"
"C";"2023-06-01";"2023-06-02";"31.6805";"71.52";"0.55";"77.05";"41.12";"243.11";"0.2";"44.2962";"509.04";"706.87";"35.9194";"0.0001"
"C";"2023-05-31";"2023-06-01";"31.4389";"70.97";"0.58";"77.05";"40.8";"257.14";"0.2";"44.2962";"509.04";"706.87";"35.8194";"0.1001"
"C";"2023-05-30";"2023-05-31";"31.1831";"70.4";"0.57";"77.05";"40.47";"252.13";"0.5";"44.2962";"509.04";"706.87";"35.8194";"0.1001"
"C";"2023-05-29";"2023-05-30";"30.9327";"69.83";"0.62";"77.05";"40.15";"277.23";"2.8";"44.2962";"509.04";"706.87";"35.8194";"0.1001"
"C";"2023-05-28";"2023-05-29";"30.6597";"69.22";"0.61";"77.05";"39.79";"272.15";"0.4";"44.2962";"509.04";"706.87";"35.8194";"0.1001"
"C";"2023-05-27";"2023-05-28";"30.39";"68.61";"0.61";"77.05";"39.44";"278.3";"2.9";"44.2962";"509.04";"706.87";"35.8194";"0.1001"
"C";"2023-05-26";"2023-05-27";"30.1176";"67.99";"0.58";"77.05";"39.09";"263.41";"0.1";"44.2962";"509.04";"706.87";"35.8194";"0.1001"
"C";"2023-05-25";"2023-05-26";"29.8594";"67.41";"0.47";"77.05";"38.75";"210.49";"0.2";"44.2962";"509.04";"706.87";"35.8194";"0.1001"
"C";"2023-05-24";"2023-05-25";"29.6531";"66.94";"0.59";"77.05";"38.49";"269.1";"1.7";"44.2962";"509.04";"706.87";"35.8194";"0.1001"
"C";"2023-05-23";"2023-05-24";"29.3925";"66.35";"0.57";"77.05";"38.15";"252.93";"0.4";"44.2962";"509.04";"706.87";"35.8194";"0.1001"
"C";"2023-05-22";"2023-05-23";"29.1415";"65.79";"0.53";"77.05";"37.82";"235.68";"0.3";"44.2962";"509.04";"706.87";"35.8194";"0.1001"
"C";"2023-05-21";"2023-05-22";"28.9068";"65.26";"0.65";"77.05";"37.52";"289.49";"0.4";"44.2962";"509.04";"706.87";"35.8194";"0.1001"
"C";"2023-05-20";"2023-05-21";"28.6181";"64.61";"0.65";"77.05";"37.14";"289.82";"0.9";"44.2962";"509.04";"706.87";"35.8194";"0.1001"
"C";"2023-05-19";"2023-05-20";"28.3313";"63.96";"0.45";"77.05";"36.77";"203";"1.3";"44.2962";"509.04";"706.87";"35.8194";"0.1001"
"C";"2023-05-18";"2023-05-19";"28.1317";"63.51";"0.43";"77.05";"36.51";"195.43";"1.4";"44.2962";"509.04";"706.87";"35.8194";"0.1001"
"C";"2023-05-17";"2023-05-18";"27.9398";"63.07";"0.4";"77.05";"36.26";"179.74";"1.4";"44.2962";"509.04";"706.87";"35.8194";"0.1001"
"C";"2023-05-16";"2023-05-17";"27.7619";"62.61";"0.54";"77.05";"36.03";"241.67";"2.6";"44.3407";"509.04";"705.07";"35.8194";"0.1445"
"C";"2023-05-15";"2023-05-16";"27.524";"62.07";"0.44";"77.05";"35.72";"199.28";"1.4";"44.3407";"509.04";"705.07";"35.8194";"0.1445"
"C";"2023-05-14";"2023-05-15";"27.3267";"61.63";"0.47";"77.05";"35.47";"212.04";"1.1";"44.3407";"509.04";"705.07";"35.8194";"0.1445"
"C";"2023-05-13";"2023-05-14";"27.1173";"61.16";"0.47";"77.05";"35.19";"213.14";"1";"44.3407";"509.04";"705.07";"35.8194";"0.1445"
"C";"2023-05-12";"2023-05-13";"26.9071";"60.68";"0.49";"77.05";"34.92";"218.29";"1";"44.3407";"509.04";"705.07";"35.8194";"0.1445"
"C";"2023-05-11";"2023-05-12";"26.6917";"60.2";"0.38";"77.05";"34.64";"171.2";"0.5";"44.3407";"509.04";"705.07";"35.8194";"0.1445"
"C";"2023-05-10";"2023-05-11";"26.5232";"59.82";"0.38";"77.05";"34.42";"168.46";"0.6";"44.3407";"509.04";"705.07";"35.8194";"0.1445"
"C";"2023-05-09";"2023-05-10";"26.3565";"59.44";"0.31";"77.05";"34.21";"149.7";"13.9";"44.3407";"509.04";"705.07";"35.8194";"0.1445"
"C";"2023-05-08";"2023-05-09";"26.2206";"59.13";"0.46";"77.05";"34.03";"210.33";"5.3";"44.3407";"509.04";"705.07";"35.8194";"0.1445"
"C";"2023-05-07";"2023-05-08";"26.0155";"58.67";"0.5";"77.05";"33.76";"224.68";"0.9";"44.3407";"509.04";"705.07";"35.8194";"0.1445"
"C";"2023-05-06";"2023-05-07";"25.7922";"58.17";"0.52";"77.05";"33.47";"235.23";"0.4";"44.3407";"509.04";"705.07";"35.8194";"0.1445"
"C";"2023-05-05";"2023-05-06";"25.5597";"57.64";"0.48";"77.05";"33.17";"213.59";"0.3";"44.3407";"509.04";"705.07";"35.8194";"0.1445"
"C";"2023-05-04";"2023-05-05";"25.3485";"57.17";"0.42";"77.05";"32.9";"187.41";"0.6";"44.3407";"509.04";"705.07";"35.8194";"0.1445"
"C";"2023-05-03";"2023-05-04";"25.1625";"56.75";"0.28";"77.05";"32.66";"140.65";"16.6";"44.3407";"509.14";"705.07";"35.8194";"0.1445"
"C";"2023-05-02";"2023-05-03";"25.0401";"56.47";"0.27";"77.05";"32.5";"139.47";"17.3";"44.3407";"509.14";"705.07";"35.8194";"0.1445"
"C";"2023-05-01";"2023-05-02";"24.9185";"56.39";"0.27";"77.05";"32.34";"163.61";"41.8";"44.1907";"503.84";"705.07";"35.8194";"-0.0055"
"C";"2023-04-30";"2023-05-01";"24.7974";"56.11";"0.26";"77.05";"32.18";"138.07";"22.8";"44.1907";"503.84";"705.07";"35.6694";"0.1445"
"C";"2023-04-29";"2023-04-30";"24.6829";"55.86";"0.28";"77.05";"32.03";"147.04";"23.4";"44.1907";"503.84";"705.07";"35.6694";"0.1445"
"C";"2023-04-28";"2023-04-29";"24.5612";"55.58";"0.18";"77.05";"31.88";"98.52";"20";"44.1907";"503.84";"705.07";"35.6694";"0.1445"
"C";"2023-04-27";"2023-04-28";"24.483";"55.4";"0.01";"77.05";"31.78";"44.77";"37.9";"44.1907";"503.84";"705.07";"35.6694";"0.1445"
"C";"2023-04-26";"2023-04-27";"24.4783";"55.39";"0.08";"77.05";"31.77";"61.7";"24.4";"44.1907";"503.84";"705.07";"35.6694";"0.1445"
"C";"2023-04-25";"2023-04-26";"24.4415";"55.31";"0.21";"77.05";"31.72";"118.15";"24.4";"44.1907";"503.84";"705.07";"35.6694";"0.1445"
"C";"2023-04-24";"2023-04-25";"24.3501";"55.1";"0.23";"77.05";"31.6";"108.26";"2.7";"44.1907";"503.84";"705.07";"35.6694";"0.1445"
"C";"2023-04-23";"2023-04-24";"24.2464";"54.87";"0.26";"77.05";"31.47";"134.94";"1.7";"44.1907";"503.84";"705.07";"35.6694";"0.1445"
"C";"2023-04-22";"2023-04-23";"24.1306";"54.61";"0.26";"77.05";"31.32";"130.35";"2.3";"44.1907";"503.84";"705.07";"35.6694";"0.1445"
"C";"2023-04-21";"2023-04-22";"24.0172";"54.35";"0.16";"77.05";"31.17";"88.35";"4.1";"44.1907";"503.84";"705.07";"35.6694";"0.1445"
"C";"2023-04-20";"2023-04-21";"23.9444";"54.18";"0.06";"77.05";"31.08";"69.03";"27";"44.1907";"503.84";"705.07";"35.6694";"0.1445"
"C";"2023-04-19";"2023-04-20";"23.9157";"54.12";"0.05";"77.05";"31.04";"65.44";"27.9";"44.1907";"503.84";"705.07";"35.6694";"0.1445"
"C";"2023-04-18";"2023-04-19";"23.8917";"54.07";"0.04";"77.05";"31.01";"49.62";"17.4";"44.1907";"503.84";"705.07";"35.6694";"0.1445"
"C";"2023-04-17";"2023-04-18";"23.8736";"54.02";"0.02";"77.05";"30.98";"39.63";"16.6";"44.1907";"503.84";"705.07";"35.6694";"0.1445"
"C";"2023-04-16";"2023-04-17";"23.8631";"54";"0.05";"77.05";"30.97";"56.3";"27.9";"44.1907";"503.84";"705.07";"35.6694";"0.1445"
"C";"2023-04-15";"2023-04-16";"23.8424";"53.95";"0.02";"77.05";"30.94";"48.24";"31";"44.1907";"503.84";"705.07";"35.6694";"0.1445"
"C";"2023-04-14";"2023-04-15";"23.8327";"53.93";"-0.05";"77.05";"30.93";"33.24";"48.4";"44.1907";"503.84";"705.07";"35.6694";"0.1445"
"C";"2023-04-13";"2023-04-14";"23.8567";"53.99";"-0.2";"77.05";"30.96";"44.23";"130.4";"44.1907";"503.84";"705.07";"35.6694";"0.1445"
"C";"2023-04-12";"2023-04-13";"23.9434";"54.18";"-0.09";"77.05";"31.08";"69.93";"107.2";"44.1907";"503.84";"705.07";"35.6694";"0.1445"
"C";"2023-04-11";"2023-04-12";"23.9815";"54.27";"-0.02";"77.05";"31.12";"41.26";"50.9";"44.1907";"503.84";"705.07";"35.6694";"0.1445"
"C";"2023-04-10";"2023-04-11";"23.9917";"54.29";"-0.03";"77.05";"31.14";"43.56";"55.2";"44.1907";"503.84";"705.07";"35.6694";"0.1445"
"C";"2023-04-09";"2023-04-10";"24.0057";"54.32";"-0.04";"77.05";"31.16";"39.01";"57.3";"44.1907";"503.84";"705.07";"35.6694";"0.1445"
"C";"2023-04-08";"2023-04-09";"24.0246";"54.37";"-0.03";"77.05";"31.18";"38.61";"53.1";"44.1907";"503.84";"705.07";"35.6694";"0.1445"
"C";"2023-04-07";"2023-04-08";"24.0396";"54.4";"-0.05";"77.05";"31.2";"40.99";"60.7";"44.1907";"503.84";"705.07";"35.6694";"0.1445"
"C";"2023-04-06";"2023-04-07";"24.0597";"54.45";"-0.19";"77.05";"31.23";"24.03";"106.6";"44.1907";"503.84";"705.07";"35.6694";"0.1445"
"C";"2023-04-05";"2023-04-06";"24.143";"54.63";"-0.49";"77.05";"31.33";"23.69";"238.3";"44.1907";"503.84";"705.07";"35.6694";"0.1445"
"C";"2023-04-04";"2023-04-05";"24.3593";"55.12";"-0.48";"77.05";"31.61";"30.84";"239.2";"44.1907";"503.84";"705.07";"35.6694";"0.1445"
"C";"2023-04-03";"2023-04-04";"24.5695";"55.6";"-0.35";"77.05";"31.89";"29.91";"184.1";"44.1907";"503.84";"705.07";"35.6694";"0.1445"
"C";"2023-04-02";"2023-04-03";"24.7255";"55.95";"-0.04";"77.05";"32.09";"40.87";"58.5";"44.1907";"503.84";"705.07";"35.6694";"0.1445"
"C";"2023-04-01";"2023-04-02";"24.7434";"55.99";"0.05";"77.05";"32.11";"47.72";"24.4";"44.1907";"503.84";"705.07";"35.6694";"0.1445"
"C";"2023-03-31";"2023-04-01";"24.7204";"55.94";"-0.06";"77.05";"32.08";"27.56";"53.3";"44.1907";"503.84";"705.07";"36.1186";"-0.3047"
"C";"2023-03-30";"2023-03-31";"24.7456";"56.48";"-0.02";"77.05";"32.12";"45.18";"53.4";"43.8099";"503.84";"705.07";"36.1186";"-0.3047"
"C";"2023-03-29";"2023-03-30";"24.7556";"56.51";"-0.18";"77.05";"32.13";"32.91";"109.2";"43.8099";"503.84";"705.07";"36.1186";"-0.3047"
"C";"2023-03-28";"2023-03-29";"24.8327";"56.68";"-0.41";"77.05";"32.23";"29.34";"201.2";"43.8099";"503.84";"705.07";"36.1186";"-0.3047"
"C";"2023-03-27";"2023-03-28";"25.0113";"57.09";"-0.3";"77.05";"32.46";"24.61";"157.5";"43.8099";"503.84";"705.07";"36.1186";"-0.3047"
"C";"2023-03-26";"2023-03-27";"25.1447";"57.39";"-0.08";"77.05";"32.63";"34.28";"67.2";"43.8099";"503.84";"705.07";"36.1186";"-0.3047"
"C";"2023-03-25";"2023-03-26";"25.1779";"57.47";"0.03";"77.05";"32.68";"53.42";"38.6";"43.8099";"503.84";"705.07";"36.1186";"-0.3047"
"C";"2023-03-24";"2023-03-25";"25.1633";"57.44";"0.1";"77.05";"32.66";"72.01";"28.3";"43.8099";"503.84";"705.07";"36.1186";"-0.3047"
"C";"2023-03-23";"2023-03-24";"25.12";"57.34";"0.11";"77.05";"32.6";"60.54";"13.5";"43.8099";"503.84";"705.07";"36.1186";"-0.3047"
"C";"2023-03-22";"2023-03-23";"25.0725";"57.23";"0.06";"77.05";"32.54";"64.19";"36.4";"43.8099";"503.84";"705.07";"36.1186";"-0.3047"
"C";"2023-03-21";"2023-03-22";"25.0451";"57.17";"-0.01";"77.05";"32.5";"53.55";"57.6";"43.8099";"503.84";"705.07";"36.1186";"-0.3047"
"C";"2023-03-20";"2023-03-21";"25.0505";"57.18";"-0.01";"77.05";"32.51";"41.79";"46.6";"43.8099";"503.84";"705.07";"36.1186";"-0.3047"
"C";"2023-03-19";"2023-03-20";"25.0554";"57.19";"-0.01";"77.05";"32.52";"41.56";"44.9";"43.8099";"503.84";"705.07";"36.1186";"-0.3047"
"C";"2023-03-18";"2023-03-19";"25.0589";"57.2";"-0.03";"77.05";"32.52";"41.81";"54.9";"43.8099";"503.84";"705.07";"36.1186";"-0.3047"
"C";"2023-03-17";"2023-03-18";"25.0725";"57.23";"-0.09";"77.05";"32.54";"33.08";"72.4";"43.8099";"503.84";"705.07";"36.1186";"-0.3047"
"C";"2023-03-16";"2023-03-17";"25.1117";"57.32";"-0.16";"77.05";"32.59";"14.96";"87.5";"43.8099";"503.84";"705.07";"36.1176";"-0.3037"
"C";"2023-03-15";"2023-03-16";"25.1809";"57.48";"-0.29";"77.05";"32.68";"7.68";"118.7";"43.8099";"503.84";"705.07";"36.1186";"-0.3047"
"C";"2023-03-14";"2023-03-15";"25.3073";"57.77";"-0.26";"77.05";"32.85";"6.91";"119.8";"43.8099";"503.84";"705.07";"36.1186";"-0.3047"
"C";"2023-03-13";"2023-03-14";"25.4208";"58.03";"-0.09";"77.05";"32.99";"18.07";"73.1";"43.8099";"503.84";"705.07";"36.1186";"-0.3047"
"C";"2023-03-12";"2023-03-13";"25.4593";"58.11";"-0.22";"77.05";"33.04";"21.75";"117.8";"43.8099";"503.84";"705.07";"36.1186";"-0.3047"
"C";"2023-03-11";"2023-03-12";"25.556";"58.33";"-0.28";"77.05";"33.17";"8.28";"129.8";"43.8099";"503.84";"705.07";"36.1186";"-0.3047"
"C";"2023-03-10";"2023-03-11";"25.6792";"58.61";"-0.27";"77.05";"33.33";"2.17";"119";"43.8099";"503.84";"705.07";"36.1186";"-0.3047"
"C";"2023-03-09";"2023-03-10";"25.7957";"58.88";"-0.45";"77.05";"33.48";"12.04";"210";"43.8099";"503.84";"705.07";"36.1186";"-0.3047"
"C";"2023-03-08";"2023-03-09";"25.9942";"59.33";"-0.64";"77.05";"33.74";"0.61";"277.7";"43.8099";"503.84";"705.07";"36.1186";"-0.3047"
"C";"2023-03-07";"2023-03-08";"26.2725";"59.97";"-0.6";"77.05";"34.1";"0.11";"263.7";"43.8099";"503.84";"705.07";"36.1186";"-0.3047"
"C";"2023-03-06";"2023-03-07";"26.5372";"60.57";"-0.46";"77.05";"34.44";"0.11";"202.3";"43.8099";"503.84";"705.07";"36.1186";"-0.3047"
"C";"2023-03-05";"2023-03-06";"26.7403";"61.04";"-0.34";"77.05";"34.71";"13";"158.4";"43.8099";"503.84";"705.07";"36.1186";"-0.3047"
"C";"2023-03-04";"2023-03-05";"26.8877";"61.37";"-0.32";"77.05";"34.9";"13";"173.6";"43.8099";"503.84";"705.07";"36.1186";"-0.3047"
"C";"2023-03-03";"2023-03-04";"27.0269";"61.69";"-0.42";"77.05";"35.08";"0.22";"206.6";"43.8099";"503.84";"705.07";"36.1186";"-0.3047"
"C";"2023-03-02";"2023-03-03";"27.2115";"62.11";"-0.47";"77.05";"35.32";"0.22";"230.2";"43.8099";"503.84";"705.07";"36.1186";"-0.3047"
"C";"2023-03-01";"2023-03-02";"27.4193";"62.59";"-0.5";"77.05";"35.59";"0.22";"221.2";"43.8099";"503.84";"705.07";"36.1186";"-0.3047"
"C";"2023-02-28";"2023-03-01";"27.6402";"63.09";"-0.69";"77.05";"35.87";"0.25";"322.7";"43.8099";"503.84";"705.07";"36.1186";"-0.3047"
"C";"2023-02-27";"2023-02-28";"27.9409";"63.78";"-0.58";"77.05";"36.26";"0.26";"271.8";"43.8099";"503.84";"705.07";"36.1186";"-0.3047"
"C";"2023-02-26";"2023-02-27";"28.195";"64.36";"-0.48";"77.05";"36.59";"0.61";"211.7";"43.8099";"503.84";"705.07";"0";"0"
"C";"2023-02-25";"2023-02-26";"28.4059";"64.84";"-0.4";"77.05";"36.87";"1.51";"177.2";"43.8099";"503.84";"705.07";"0";"0"
"C";"2023-02-24";"2023-02-25";"28.5815";"65.24";"-0.3";"77.05";"37.09";"9.39";"141";"43.8099";"503.84";"705.07";"0";"0"
"C";"2023-02-23";"2023-02-24";"28.7111";"65.54";"-0.33";"77.05";"37.26";"13.86";"159.3";"43.8099";"503.84";"705.07";"0";"0"
"C";"2023-02-22";"2023-02-23";"28.8573";"65.87";"-0.32";"77.05";"37.45";"5.67";"142.1";"43.8099";"503.84";"705.07";"0";"0"
"C";"2023-02-21";"2023-02-22";"28.9955";"66.18";"-0.3";"77.05";"37.63";"3.72";"134.8";"43.8099";"503.84";"705.07";"0";"0"
"C";"2023-02-20";"2023-02-21";"29.1283";"66.49";"-0.18";"77.05";"37.8";"7.48";"85.4";"43.8099";"503.84";"705.07";"0";"0"
"C";"2023-02-19";"2023-02-20";"29.2057";"66.66";"-0.1";"77.05";"37.9";"27.83";"72.5";"43.8099";"503.84";"705.07";"0";"0"
"C";"2023-02-18";"2023-02-19";"29.2502";"66.77";"-0.02";"77.05";"37.96";"56.27";"62.3";"43.8099";"503.84";"705.07";"0";"0"
"C";"2023-02-17";"2023-02-18";"29.2579";"66.78";"-0.13";"77.05";"37.97";"35.3";"88.3";"43.8099";"503.84";"705.07";"0";"0"
"C";"2023-02-16";"2023-02-17";"29.3131";"66.91";"-0.3";"77.05";"38.04";"18.43";"151.2";"43.8099";"503.84";"705.07";"0";"0"
"C";"2023-02-15";"2023-02-16";"29.4465";"67.21";"-0.44";"77.05";"38.22";"3.94";"195.7";"43.8099";"503.84";"705.07";"0";"0"
"C";"2023-02-14";"2023-02-15";"29.6381";"67.65";"-0.48";"77.05";"38.47";"2.27";"217.4";"43.8099";"503.84";"705.07";"0";"0"
"C";"2023-02-13";"2023-02-14";"29.8492";"68.13";"-0.48";"77.05";"38.74";"2.83";"219.3";"43.8099";"503.84";"705.07";"0";"0"
"C";"2023-02-12";"2023-02-13";"30.0609";"68.62";"-0.52";"77.05";"39.01";"9.53";"239.3";"43.8099";"503.84";"705.07";"0";"0"
"C";"2023-02-11";"2023-02-12";"30.2906";"69.14";"-0.53";"77.05";"39.31";"8.95";"239.9";"43.8099";"503.84";"705.07";"0";"0"
"C";"2023-02-10";"2023-02-11";"30.5249";"69.68";"-0.74";"77.05";"39.62";"2.33";"326.7";"43.8099";"503.84";"705.07";"0";"0"
"C";"2023-02-09";"2023-02-10";"30.85";"70.42";"-0.94";"77.05";"40.04";"5.18";"416.9";"43.8099";"503.84";"705.07";"0";"0"
"C";"2023-02-08";"2023-02-09";"31.263";"71.36";"-0.98";"77.05";"40.57";"2.48";"430.3";"43.8099";"503.84";"705.07";"0";"0"
"C";"2023-02-07";"2023-02-08";"31.6928";"72.34";"-0.96";"77.05";"41.13";"2.48";"422.4";"43.8099";"503.84";"705.07";"0";"0"
"C";"2023-02-06";"2023-02-07";"32.1138";"73.3";"-0.62";"77.05";"41.68";"2.59";"272.9";"43.8099";"503.84";"705.07";"0";"0"
"C";"2023-02-05";"2023-02-06";"32.3847";"73.92";"-0.45";"77.05";"42.03";"0.48";"195.9";"43.8099";"503.84";"705.07";"0";"0"
"C";"2023-02-04";"2023-02-05";"32.5801";"74.37";"-0.33";"77.05";"42.28";"0.43";"144.7";"43.8099";"503.84";"705.07";"0";"0"
"C";"2023-02-03";"2023-02-04";"32.724";"74.7";"-0.39";"77.05";"42.47";"2.6";"175.3";"43.8099";"503.84";"705.07";"0";"0"
"C";"2023-02-02";"2023-02-03";"32.8934";"75.08";"-0.35";"77.05";"42.69";"1.99";"155";"43.8099";"503.84";"705.07";"0";"0"
"C";"2023-02-01";"2023-02-02";"33.0465";"75.43";"-0.4";"77.05";"42.89";"0.38";"174.4";"43.8099";"503.84";"705.07";"0";"0"
"C";"2023-01-31";"2023-02-01";"33.221";"75.83";"-0.61";"77.05";"43.12";"0.7";"266";"43.8099";"503.84";"705.07";"0";"0"
"C";"2023-01-30";"2023-01-31";"33.4866";"76.44";"-0.66";"77.05";"43.46";"10.95";"301.1";"43.8099";"503.84";"705.07";"0";"0"
"C";"2023-01-29";"2023-01-30";"33.7775";"77.1";"-0.65";"77.05";"43.84";"7.95";"293.6";"43.8099";"503.84";"705.07";"0";"0"
"C";"2023-01-28";"2023-01-29";"34.0636";"77.75";"-0.62";"77.05";"44.21";"8.95";"280.3";"43.8099";"503.84";"705.07";"0";"0"
"C";"2023-01-27";"2023-01-28";"34.3356";"78.37";"-0.65";"77.05";"44.56";"9.84";"293.4";"43.8099";"503.84";"705.07";"0";"0"
"C";"2023-01-26";"2023-01-27";"34.6184";"79.02";"-0.75";"77.05";"44.93";"7.9";"335.3";"43.8099";"503.84";"705.07";"0";"0"
"C";"2023-01-25";"2023-01-26";"34.9466";"79.77";"-0.7";"77.05";"45.36";"9.95";"314.7";"43.8099";"503.84";"705.07";"0";"0"
"C";"2023-01-24";"2023-01-25";"35.2523";"80.47";"-0.77";"77.05";"45.75";"7.91";"347.8";"43.8099";"503.84";"705.07";"0";"0"
"C";"2023-01-23";"2023-01-24";"35.5895";"81.24";"-0.9";"77.05";"46.19";"8.06";"406.7";"43.8099";"503.84";"705.07";"0";"0"
"C";"2023-01-22";"2023-01-23";"35.9858";"82.14";"-0.78";"77.05";"46.7";"33.69";"373.1";"43.8099";"503.84";"705.07";"0";"0"
"C";"2023-01-21";"2023-01-22";"36.3256";"82.92";"-0.63";"77.05";"47.15";"33.69";"309.2";"43.8099";"503.84";"705.07";"0";"0"
"C";"2023-01-20";"2023-01-21";"36.6018";"83.55";"-0.68";"77.05";"47.5";"33.74";"332.6";"43.8099";"503.84";"705.07";"0";"0"
"C";"2023-01-19";"2023-01-20";"36.9012";"84.23";"-0.65";"77.05";"47.89";"26.54";"309.8";"43.8099";"503.84";"705.07";"0";"0"
"C";"2023-01-18";"2023-01-19";"37.185";"84.88";"-0.43";"77.05";"48.26";"26.68";"213";"43.8099";"503.84";"705.07";"0";"0"
"C";"2023-01-17";"2023-01-18";"37.3713";"85.3";"-0.45";"77.05";"48.5";"29.59";"228.4";"43.8099";"503.84";"705.07";"0";"0"
"C";"2023-01-16";"2023-01-17";"37.5696";"85.76";"-0.44";"77.05";"48.76";"10.97";"205.1";"43.8099";"503.84";"705.07";"0";"0"
"C";"2023-01-15";"2023-01-16";"37.7645";"86.2";"-0.16";"77.05";"49.01";"26.65";"95.6";"43.8099";"503.84";"705.07";"0";"0"
"C";"2023-01-14";"2023-01-15";"37.833";"86.36";"-0.12";"77.05";"49.1";"29.33";"86.1";"43.8099";"503.84";"705.07";"0";"0"
"C";"2023-01-13";"2023-01-14";"37.8865";"86.48";"-0.11";"77.05";"49.17";"35.25";"86.2";"43.8099";"503.84";"705.07";"0";"0"
"C";"2023-01-12";"2023-01-13";"37.9361";"86.59";"-0.12";"77.05";"49.24";"39.59";"90.9";"43.8099";"503.84";"705.07";"0";"0"
"C";"2023-01-11";"2023-01-12";"37.9872";"86.71";"-0.16";"77.05";"49.3";"11.62";"79.9";"43.8099";"503.84";"705.07";"0";"0"
"C";"2023-01-10";"2023-01-11";"38.0555";"86.86";"-0.18";"77.05";"49.39";"19.5";"99.6";"43.8099";"503.84";"705.07";"0";"0"
"C";"2023-01-09";"2023-01-10";"38.1352";"87.05";"-0.08";"77.05";"49.49";"37.77";"71.5";"43.8099";"503.84";"705.07";"0";"0"
"C";"2023-01-08";"2023-01-09";"38.1687";"87.12";"0.08";"77.05";"49.54";"58.61";"24.6";"43.8099";"503.84";"705.07";"0";"0"
"C";"2023-01-07";"2023-01-08";"38.1345";"87.05";"0.11";"77.05";"49.49";"68.1";"18.4";"43.8099";"503.84";"705.07";"0";"0"
"C";"2023-01-06";"2023-01-07";"38.0847";"86.93";"0.03";"77.05";"49.43";"42.3";"30";"43.8099";"503.84";"705.07";"0";"0"
"C";"2023-01-05";"2023-01-06";"38.0734";"86.91";"0.08";"77.05";"49.41";"75.85";"41.1";"43.8099";"503.84";"705.07";"0";"0"
"C";"2023-01-04";"2023-01-05";"38.0393";"86.85";"0.01";"77.05";"49.37";"52.31";"43.9";"43.7999";"503.84";"705.07";"0";"0"
"C";"2023-01-03";"2023-01-04";"38.0334";"86.83";"0.14";"77.05";"49.36";"98.82";"38.8";"43.7999";"503.84";"705.07";"0";"0"
"C";"2023-01-02";"2023-01-03";"37.974";"86.7";"0.32";"77.05";"49.28";"123.8";"22";"43.7999";"503.84";"705.07";"0";"0"
"E";"2023-01-01";"2023-01-02";"37.8332";"86.38";"0";"77.05";"49.1";"100.35";"9.3";"43.7999";"503.84";"705.07";"0";"0"
"C";"2022-12-31";"2023-01-01";"37.7422";"86.17";"0.54";"85.1";"44.35";"157.42";"10.8";"43.7999";"503.84";"705.07";"0";"0"
"C";"2022-12-30";"2022-12-31";"37.5067";"85.63";"0.29";"85.1";"44.07";"143.3";"18";"43.7999";"503.84";"705.07";"0";"0"
"C";"2022-12-29";"2022-12-30";"37.3815";"85.35";"0.26";"85.1";"43.93";"132.17";"23";"43.7999";"503.84";"705.07";"0";"0"
"C";"2022-12-28";"2022-12-29";"37.2664";"85.08";"0.16";"85.1";"43.79";"88.13";"21.2";"43.7999";"503.84";"705.07";"0";"0"
"C";"2022-12-27";"2022-12-28";"37.1979";"84.93";"0.27";"85.1";"43.71";"130.34";"13.4";"43.7999";"503.84";"705.07";"0";"0"
"C";"2022-12-26";"2022-12-27";"37.0817";"84.66";"0.32";"85.1";"43.57";"147.98";"7.4";"43.7999";"503.84";"705.07";"0";"0"
"C";"2022-12-25";"2022-12-26";"36.9394";"84.34";"0.3";"85.1";"43.41";"142.36";"10.2";"43.7999";"503.84";"705.07";"0";"0"
"C";"2022-12-24";"2022-12-25";"36.8059";"84.03";"0.3";"85.1";"43.25";"139.49";"8.1";"43.7999";"503.84";"705.07";"0";"0"
"C";"2022-12-23";"2022-12-24";"36.6755";"83.73";"0.08";"85.1";"43.1";"80.11";"44.3";"43.7999";"503.84";"705.07";"0";"0"
"C";"2022-12-22";"2022-12-23";"36.6394";"83.65";"0.01";"85.1";"43.05";"66.27";"61";"43.7999";"503.84";"705.07";"0";"0"
"C";"2022-12-21";"2022-12-22";"36.636";"83.64";"-0.06";"85.1";"43.05";"44.03";"69.2";"43.7999";"503.84";"705.07";"0";"0"
"C";"2022-12-20";"2022-12-21";"36.6644";"83.71";"-0.27";"85.1";"43.08";"23.49";"139.4";"43.7999";"503.84";"705.07";"0";"0"
"C";"2022-12-19";"2022-12-20";"36.782";"83.98";"-0.36";"85.1";"43.22";"40.18";"200.6";"43.7999";"503.84";"705.07";"0";"0"
"C";"2022-12-18";"2022-12-19";"36.9412";"84.34";"-0.7";"85.1";"43.41";"1.44";"309.9";"43.7999";"503.84";"705.07";"0";"0"
"C";"2022-12-17";"2022-12-18";"37.249";"85.04";"-0.7";"85.1";"43.77";"0.45";"304.7";"43.7999";"503.84";"705.07";"0";"0"
"C";"2022-12-16";"2022-12-17";"37.5535";"85.74";"-0.69";"85.1";"44.13";"0.45";"301";"43.7999";"503.84";"705.07";"0";"0"
"C";"2022-12-15";"2022-12-16";"37.8554";"86.43";"-0.77";"85.1";"44.48";"0.28";"335.6";"43.7999";"503.84";"705.07";"0";"0"
"C";"2022-12-14";"2022-12-15";"38.1933";"87.2";"-0.92";"85.1";"44.88";"0.44";"398.9";"43.7999";"503.84";"705.07";"0";"0"
"C";"2022-12-13";"2022-12-14";"38.5945";"88.12";"-0.94";"85.1";"45.35";"0.49";"411";"43.7999";"503.84";"705.07";"0";"0"
"C";"2022-12-12";"2022-12-13";"39.0059";"89.05";"-0.77";"85.1";"45.84";"0.59";"332.1";"43.7999";"503.84";"705.07";"0";"0"
"C";"2022-12-11";"2022-12-12";"39.3413";"89.82";"-0.59";"85.1";"46.23";"0.37";"259.7";"43.7999";"503.84";"705.07";"0";"0"
"C";"2022-12-10";"2022-12-11";"39.6003";"90.41";"-0.54";"85.1";"46.53";"0.22";"237.7";"43.7999";"503.84";"705.07";"0";"0"
"C";"2022-12-09";"2022-12-10";"39.8375";"90.95";"-0.52";"85.1";"46.81";"0.94";"229.4";"43.7999";"503.84";"705.07";"0";"0"
"C";"2022-12-08";"2022-12-09";"40.0658";"91.47";"-0.58";"85.1";"47.08";"0.37";"253";"43.7999";"503.84";"705.07";"0";"0"
"C";"2022-12-07";"2022-12-08";"40.3184";"92.05";"-0.6";"85.1";"47.38";"0.23";"260.8";"43.7999";"503.84";"705.07";"0";"0"
"C";"2022-12-06";"2022-12-07";"40.5794";"92.65";"-0.56";"85.1";"47.68";"2";"244.8";"43.7999";"503.84";"705.07";"0";"0"
"C";"2022-12-05";"2022-12-06";"40.8226";"93.2";"-0.5";"85.1";"47.97";"5.54";"225.1";"43.7999";"503.84";"705.07";"0";"0"
"C";"2022-12-04";"2022-12-05";"41.0429";"93.71";"-0.34";"85.1";"48.23";"3.57";"153.4";"43.7999";"503.84";"705.07";"0";"0"
"C";"2022-12-03";"2022-12-04";"41.1929";"94.05";"-0.34";"85.1";"48.41";"3.35";"151.7";"43.7999";"503.84";"705.07";"0";"0"
"C";"2022-12-02";"2022-12-03";"41.3415";"94.39";"-0.35";"85.1";"48.58";"1.03";"155.3";"43.7999";"503.84";"705.07";"0";"0"
"C";"2022-12-01";"2022-12-02";"41.4965";"94.74";"-0.47";"85.1";"48.76";"1.09";"207.1";"43.7999";"503.84";"705.07";"0";"0"
"C";"2022-11-30";"2022-12-01";"41.7031";"95.21";"-0.41";"85.1";"49";"1.03";"178.1";"43.7999";"503.84";"705.07";"0";"0"
"C";"2022-11-29";"2022-11-30";"41.8805";"95.62";"-0.31";"85.1";"49.21";"0.9";"137";"43.7999";"503.84";"705.07";"0";"0"
"C";"2022-11-28";"2022-11-29";"42.0175";"95.93";"-0.3";"85.1";"49.37";"0.9";"134.7";"43.7999";"503.84";"705.07";"0";"0"
"C";"2022-11-27";"2022-11-28";"42.1507";"96.23";"-0.1";"85.1";"49.53";"2.98";"47.1";"43.7999";"503.84";"705.07";"0";"0"
"C";"2022-11-26";"2022-11-27";"42.1948";"96.34";"-0.05";"85.1";"49.58";"21.38";"41.7";"43.7999";"503.84";"705.07";"0";"0"
"C";"2022-11-25";"2022-11-26";"42.2165";"96.38";"-0.05";"85.1";"49.61";"22.99";"48.9";"43.7999";"503.84";"705.07";"0";"0"
"C";"2022-11-24";"2022-11-25";"42.239";"96.44";"-0.15";"85.1";"49.63";"0.9";"66.5";"43.7999";"503.84";"705.07";"0";"0"
"C";"2022-11-23";"2022-11-24";"42.3053";"96.59";"-0.22";"85.1";"49.71";"0.79";"95.2";"43.7999";"503.84";"705.07";"0";"0"
"C";"2022-11-22";"2022-11-23";"42.4007";"96.81";"-0.19";"85.1";"49.82";"0.94";"82.7";"43.7999";"503.84";"705.07";"0";"0"
"C";"2022-11-21";"2022-11-22";"42.4836";"96.99";"-0.22";"85.1";"49.92";"1.98";"98.6";"43.7999";"503.84";"705.07";"0";"0"
"C";"2022-11-20";"2022-11-21";"42.5812";"97.22";"-0.19";"85.1";"50.04";"4.13";"86.4";"43.7999";"503.84";"705.07";"0";"0"
"C";"2022-11-19";"2022-11-20";"42.6661";"97.41";"-0.04";"85.1";"50.14";"30.21";"47.2";"43.7999";"503.84";"705.07";"0";"0"
"C";"2022-11-18";"2022-11-19";"42.6841";"97.45";"-0.04";"85.1";"50.16";"26.88";"43.1";"43.7999";"503.84";"705.07";"0";"0"
"C";"2022-11-17";"2022-11-18";"42.7011";"97.49";"-0.08";"85.1";"50.18";"20.99";"55.9";"43.7999";"503.84";"705.07";"0";"0"
"C";"2022-11-16";"2022-11-17";"42.7364";"97.57";"-0.03";"85.1";"50.22";"24.07";"38.2";"43.7999";"503.84";"705.07";"0";"0"
"C";"2022-11-15";"2022-11-16";"42.7504";"97.6";"-0.02";"85.1";"50.24";"24.07";"30.7";"43.7999";"503.84";"705.07";"0";"0"
"C";"2022-11-14";"2022-11-15";"42.757";"97.62";"0.08";"85.1";"50.24";"57";"22.1";"43.7999";"503.84";"705.07";"0";"0"
"C";"2022-11-13";"2022-11-14";"42.7226";"97.54";"0.14";"85.1";"50.2";"75.42";"15";"43.7999";"503.84";"705.07";"0";"0"
"C";"2022-11-12";"2022-11-13";"42.663";"97.4";"0.23";"85.1";"50.13";"107.83";"7.8";"43.7999";"503.84";"705.07";"0";"0"
"C";"2022-11-11";"2022-11-12";"42.5637";"97.18";"0.12";"85.1";"50.02";"63.19";"7.6";"43.7999";"503.84";"705.07";"0";"0"
"C";"2022-11-10";"2022-11-11";"42.5091";"97.05";"0.14";"85.1";"49.95";"73.84";"13.8";"43.7999";"503.84";"705.07";"0";"0"
"C";"2022-11-09";"2022-11-10";"42.4478";"96.91";"0.15";"85.1";"49.88";"87.42";"21.2";"43.7999";"503.84";"705.07";"0";"0"
"C";"2022-11-08";"2022-11-09";"42.3819";"96.76";"0.24";"85.1";"49.8";"117.35";"12.4";"43.7999";"503.84";"705.07";"0";"0"
"C";"2022-11-07";"2022-11-08";"42.278";"96.53";"0.26";"85.1";"49.68";"114.93";"1.9";"43.7999";"503.84";"705.07";"0";"0"
"C";"2022-11-06";"2022-11-07";"42.1656";"96.33";"0.3";"85.1";"49.55";"135.83";"2.9";"43.7739";"503.84";"705.07";"0";"0"
"C";"2022-11-05";"2022-11-06";"42.034";"96.03";"0.31";"85.1";"49.39";"141.52";"2.9";"43.7739";"503.84";"705.07";"0";"0"
"C";"2022-11-04";"2022-11-05";"41.897";"95.71";"0.26";"85.1";"49.23";"119.84";"4";"43.7739";"503.84";"705.07";"0";"0"
"C";"2022-11-03";"2022-11-04";"41.782";"95.45";"0.24";"85.1";"49.1";"114.21";"5.8";"43.7739";"503.84";"705.07";"0";"0"
"C";"2022-11-02";"2022-11-03";"41.6756";"95.21";"0.33";"85.1";"48.97";"145.67";"2";"43.7739";"503.84";"705.07";"0";"0"
"C";"2022-11-01";"2022-11-02";"41.5333";"94.88";"0.34";"85.1";"48.81";"167.35";"0.7";"43.7739";"503.84";"705.07";"0";"0"
"C";"2022-10-31";"2022-11-01";"41.3855";"94.54";"0.38";"85.1";"48.63";"187.47";"16.1";"43.7739";"503.84";"705.07";"0";"0"
"C";"2022-10-30";"2022-10-31";"41.2194";"94.16";"0.38";"85.1";"48.44";"197.92";"22.5";"43.7739";"503.84";"705.07";"0";"0"
"C";"2022-10-29";"2022-10-30";"41.0511";"93.78";"0.44";"85.1";"48.24";"217.1";"12.8";"43.7739";"503.84";"705.07";"0";"0"
"C";"2022-10-28";"2022-10-29";"40.8577";"93.34";"0.41";"85.1";"48.01";"192.02";"12.9";"43.7739";"503.84";"705.07";"0";"0"
"C";"2022-10-27";"2022-10-28";"40.6796";"92.93";"0.38";"85.1";"47.8";"182.53";"13";"43.7739";"503.84";"705.07";"0";"0"
"C";"2022-10-26";"2022-10-27";"40.5146";"92.55";"0.37";"85.1";"47.61";"172.73";"8.2";"43.7739";"503.84";"705.07";"0";"0"
"C";"2022-10-25";"2022-10-26";"40.3514";"92.18";"0.25";"85.1";"47.42";"143.81";"14.5";"43.7739";"503.84";"705.07";"0";"0"
"C";"2022-10-24";"2022-10-25";"40.243";"91.93";"0.38";"85.1";"47.29";"172.63";"0.2";"43.7739";"503.84";"705.07";"0";"0"
"C";"2022-10-23";"2022-10-24";"40.0751";"91.55";"0.36";"85.1";"47.09";"173.23";"0.1";"43.7739";"503.84";"705.07";"0";"0"
"C";"2022-10-22";"2022-10-23";"39.9173";"91.19";"0.42";"85.1";"46.91";"199.22";"3.2";"43.7739";"503.84";"705.07";"0";"0"
"C";"2022-10-21";"2022-10-22";"39.7345";"90.77";"0.3";"85.1";"46.69";"144.71";"2.5";"43.7739";"503.84";"705.07";"0";"0"
"C";"2022-10-20";"2022-10-21";"39.6029";"90.47";"0.31";"85.1";"46.54";"144.47";"2.5";"43.7739";"503.84";"705.07";"0";"0"
"C";"2022-10-19";"2022-10-20";"39.4652";"90.16";"0.16";"85.1";"46.38";"85.9";"11.9";"43.7739";"503.84";"705.07";"0";"0"
"C";"2022-10-18";"2022-10-19";"39.3933";"89.99";"0.18";"85.1";"46.29";"82.35";"0.6";"43.7739";"503.84";"705.07";"0";"0"
"C";"2022-10-17";"2022-10-18";"39.3163";"89.82";"0.27";"85.1";"46.2";"137.05";"0.2";"43.7739";"503.84";"705.07";"0";"0"
"C";"2022-10-16";"2022-10-17";"39.1966";"89.54";"0.24";"85.1";"46.06";"114.16";"0.2";"43.7739";"503.84";"705.07";"0";"0"
"C";"2022-10-15";"2022-10-16";"39.0924";"89.31";"0.27";"85.1";"45.94";"131.77";"0.2";"43.7739";"503.84";"705.07";"0";"0"
"C";"2022-10-14";"2022-10-15";"38.9727";"89.03";"0.21";"85.1";"45.8";"110.07";"10";"43.7739";"503.84";"705.07";"0";"0"
"C";"2022-10-13";"2022-10-14";"38.8805";"88.82";"0.17";"85.1";"45.69";"84.03";"5.8";"43.7739";"503.84";"705.07";"0";"0"
"C";"2022-10-12";"2022-10-13";"38.8043";"88.65";"0.1";"85.1";"45.6";"52.25";"7.5";"43.7739";"503.84";"705.07";"0";"0"
"C";"2022-10-11";"2022-10-12";"38.7623";"88.55";"0.19";"85.1";"45.55";"87.08";"1";"43.7739";"503.84";"705.07";"0";"0"
"C";"2022-10-10";"2022-10-11";"38.6778";"88.36";"0.19";"85.1";"45.45";"84.39";"1.2";"43.7739";"503.84";"705.07";"0";"0"
"C";"2022-10-09";"2022-10-10";"38.5965";"88.17";"0.27";"85.1";"45.35";"120.71";"0.2";"43.7739";"503.84";"705.07";"0";"0"
"C";"2022-10-08";"2022-10-09";"38.4804";"87.91";"0.26";"85.1";"45.22";"126.81";"0";"43.7739";"503.84";"705.07";"0";"0"
"C";"2022-10-07";"2022-10-08";"38.3674";"87.65";"0.25";"85.1";"45.09";"114.08";"1";"43.7739";"503.84";"705.07";"0";"0"
"C";"2022-10-06";"2022-10-07";"38.258";"87.4";"0.32";"85.1";"44.96";"142.4";"1";"43.7739";"503.84";"705.07";"0";"0"
"C";"2022-10-05";"2022-10-06";"38.1161";"87.07";"0.29";"85.1";"44.79";"136.4";"2.6";"43.7739";"503.84";"705.07";"0";"0"
"C";"2022-10-04";"2022-10-05";"37.9875";"86.78";"0.27";"85.1";"44.64";"122.53";"2.6";"43.7739";"503.84";"705.07";"0";"0"
"C";"2022-10-03";"2022-10-04";"37.8686";"86.51";"0.17";"85.1";"44.5";"83.82";"5.7";"43.7739";"503.84";"705.07";"0";"0"
"C";"2022-10-02";"2022-10-03";"37.7921";"86.33";"0.25";"85.1";"44.41";"124.43";"0.6";"43.7739";"503.84";"705.07";"0";"0"
"C";"2022-10-01";"2022-10-02";"37.6828";"86.08";"0.29";"85.1";"44.28";"123.44";"1";"43.7739";"503.84";"705.07";"0";"0"
"C";"2022-09-30";"2022-10-01";"37.5541";"85.79";"-0.01";"85.1";"44.13";"85.42";"33.2";"43.7739";"503.84";"705.07";"0";"0"
"C";"2022-09-29";"2022-09-30";"37.5567";"85.8";"0.09";"85.1";"44.13";"83.01";"38.6";"43.7739";"503.84";"705.07";"0";"0"
"C";"2022-09-28";"2022-09-29";"37.516";"85.7";"0.02";"85.1";"44.08";"80.66";"69.1";"43.7739";"503.84";"705.07";"0";"0"
"C";"2022-09-27";"2022-09-28";"37.5058";"85.68";"0.12";"85.1";"44.07";"81.92";"27.3";"43.7739";"503.84";"705.07";"0";"0"
"C";"2022-09-26";"2022-09-27";"37.4537";"85.56";"0.21";"85.1";"44.01";"105.66";"12.9";"43.7739";"503.84";"705.07";"0";"0"
"C";"2022-09-25";"2022-09-26";"37.363";"85.35";"0.28";"85.1";"43.9";"128.71";"3";"43.7739";"503.84";"705.07";"0";"0"
"C";"2022-09-24";"2022-09-25";"37.2393";"85.07";"0.25";"85.1";"43.76";"111.93";"0.5";"43.7739";"503.84";"705.07";"0";"0"
"C";"2022-09-23";"2022-09-24";"37.1283";"84.82";"0.13";"85.1";"43.63";"65.85";"8.1";"43.7739";"503.84";"705.07";"0";"0"
"C";"2022-09-22";"2022-09-23";"37.0717";"84.69";"0.18";"85.1";"43.56";"92.01";"6.3";"43.7739";"503.84";"705.07";"0";"0"
"C";"2022-09-21";"2022-09-22";"36.9909";"84.5";"0.2";"85.1";"43.47";"96.35";"7.5";"43.7739";"503.84";"705.07";"0";"0"
"C";"2022-09-20";"2022-09-21";"36.9025";"84.3";"0.11";"85.1";"43.36";"56";"8.7";"43.7739";"503.84";"705.07";"0";"0"
"C";"2022-09-19";"2022-09-20";"36.8556";"84.2";"0.12";"85.1";"43.31";"59.02";"4.8";"43.7739";"503.84";"705.07";"0";"0"
"C";"2022-09-18";"2022-09-19";"36.8019";"84.07";"0.18";"85.1";"43.25";"81.42";"0.7";"43.7739";"503.84";"705.07";"0";"0"
"C";"2022-09-17";"2022-09-18";"36.7216";"83.89";"0.21";"85.1";"43.15";"93.29";"0.7";"43.7739";"503.84";"705.07";"0";"0"
"C";"2022-09-16";"2022-09-17";"36.6295";"83.68";"0.16";"85.1";"43.04";"70.15";"1.6";"43.7739";"503.84";"705.07";"0";"0"
"C";"2022-09-15";"2022-09-16";"36.561";"83.52";"0.09";"85.1";"42.96";"39.26";"0.4";"43.7739";"503.84";"705.07";"0";"0"
"C";"2022-09-14";"2022-09-15";"36.5222";"83.43";"0.08";"85.1";"42.92";"35.89";"0.5";"43.7739";"503.84";"705.07";"0";"0"
"C";"2022-09-13";"2022-09-14";"36.4869";"83.35";"0.11";"85.1";"42.88";"47.02";"0";"43.7739";"503.84";"705.07";"0";"0"
"C";"2022-09-12";"2022-09-13";"36.4399";"83.25";"0.08";"85.1";"42.82";"43.31";"9.1";"43.7739";"503.84";"705.07";"0";"0"
"C";"2022-09-11";"2022-09-12";"36.4059";"83.17";"0.09";"85.1";"42.78";"46.38";"8.6";"43.7739";"503.84";"705.07";"0";"0"
"C";"2022-09-10";"2022-09-11";"36.368";"83.08";"0.11";"85.1";"42.74";"56.04";"8.4";"43.7739";"503.84";"705.07";"0";"0"
"C";"2022-09-09";"2022-09-10";"36.3208";"82.97";"0.1";"85.1";"42.68";"54.69";"9.9";"43.7739";"503.84";"705.07";"0";"0"
"C";"2022-09-08";"2022-09-09";"36.2765";"82.87";"0.09";"85.1";"42.63";"47.35";"9.2";"43.7739";"503.84";"705.07";"0";"0"
"C";"2022-09-07";"2022-09-08";"36.2388";"82.79";"0.09";"85.1";"42.58";"48.24";"9.7";"43.7739";"503.84";"705.07";"0";"0"
"C";"2022-09-06";"2022-09-07";"36.2007";"82.7";"0.06";"85.1";"42.54";"46.98";"19.3";"43.7739";"503.84";"705.07";"0";"0"
"C";"2022-09-05";"2022-09-06";"36.1741";"82.64";"0.11";"85.1";"42.51";"50.22";"0.1";"43.7739";"503.84";"705.07";"0";"0"
"C";"2022-09-04";"2022-09-05";"36.124";"82.52";"0.13";"85.1";"42.45";"63.43";"6.8";"43.7739";"503.84";"705.07";"0";"0"
"C";"2022-09-03";"2022-09-04";"36.0679";"82.4";"0.13";"85.1";"42.38";"62.42";"6.8";"43.7739";"503.84";"705.07";"0";"0"
"C";"2022-09-02";"2022-09-03";"36.0129";"82.27";"0.1";"85.1";"42.32";"57.19";"11.2";"43.7739";"503.84";"705.07";"0";"0"
"C";"2022-09-01";"2022-09-02";"35.9674";"82.17";"0.04";"85.1";"42.26";"31.55";"12.8";"43.7739";"503.84";"705.07";"0";"0"
"C";"2022-08-31";"2022-09-01";"35.9493";"82.12";"0.02";"85.1";"42.24";"34.98";"24.5";"43.7739";"503.84";"705.07";"0";"0"
"C";"2022-08-30";"2022-08-31";"35.9398";"82.1";"0.07";"85.1";"42.23";"54.7";"22.4";"43.7739";"503.84";"705.07";"0";"0"
"C";"2022-08-29";"2022-08-30";"35.9082";"82.03";"0.07";"85.1";"42.2";"56.26";"24.1";"43.7739";"503.84";"705.07";"0";"0"
"C";"2022-08-28";"2022-08-29";"35.877";"81.96";"0.16";"85.1";"42.16";"70.45";"1.8";"43.7739";"503.84";"705.07";"0";"0"
"C";"2022-08-27";"2022-08-28";"35.8089";"81.8";"0.16";"85.1";"42.08";"70.15";"0.4";"43.7739";"503.84";"705.07";"0";"0"
"C";"2022-08-26";"2022-08-27";"35.7399";"81.65";"-0.05";"85.1";"42";"47.21";"70.1";"43.7739";"503.84";"705.07";"0";"0"
"C";"2022-08-25";"2022-08-26";"35.7635";"81.7";"0.07";"85.1";"42.03";"32.88";"0.5";"43.7739";"503.84";"705.07";"0";"0"
"C";"2022-08-24";"2022-08-25";"35.7318";"81.63";"0.06";"85.1";"41.99";"34.49";"7.5";"43.7739";"503.84";"705.07";"0";"0"
"C";"2022-08-23";"2022-08-24";"35.7055";"81.57";"0.03";"85.1";"41.96";"24.08";"12.4";"43.7739";"503.84";"705.07";"0";"0"
"C";"2022-08-22";"2022-08-23";"35.6943";"81.54";"0.05";"85.1";"41.94";"29.43";"5.2";"43.7739";"503.84";"705.07";"0";"0"
"C";"2022-08-21";"2022-08-22";"35.6706";"81.49";"0.14";"85.1";"41.92";"62.93";"0";"43.7739";"503.84";"705.07";"0";"0"
"C";"2022-08-20";"2022-08-21";"35.608";"81.35";"0.15";"85.1";"41.84";"66.11";"0";"43.7739";"503.84";"705.07";"0";"0"
"C";"2022-08-19";"2022-08-20";"35.5427";"81.2";"0.08";"85.1";"41.77";"34.69";"0.4";"43.7739";"503.84";"705.07";"0";"0"
"C";"2022-08-18";"2022-08-19";"35.5095";"81.12";"-0.05";"85.1";"41.73";"30.63";"53.2";"43.7739";"503.84";"705.07";"0";"0"
"C";"2022-08-17";"2022-08-18";"35.533";"81.17";"0.06";"85.1";"41.75";"29.56";"1.6";"43.7739";"503.84";"705.07";"0";"0"
"C";"2022-08-16";"2022-08-17";"35.5057";"81.11";"0.11";"85.1";"41.72";"50.16";"0.6";"43.7739";"503.84";"705.07";"0";"0"
"C";"2022-08-15";"2022-08-16";"35.4571";"81";"0.16";"85.1";"41.67";"69.5";"0.1";"43.7739";"503.84";"705.07";"0";"0"
"C";"2022-08-14";"2022-08-15";"35.3883";"80.84";"0.15";"85.1";"41.58";"63.24";"0";"43.7739";"503.84";"705.07";"0";"0"
"C";"2022-08-13";"2022-08-14";"35.3248";"80.7";"0.13";"85.1";"41.51";"59.42";"0.1";"43.7739";"503.84";"705.07";"0";"0"
"C";"2022-08-12";"2022-08-13";"35.266";"80.56";"0.13";"85.1";"41.44";"57.93";"0";"43.7739";"503.84";"705.07";"0";"0"
"C";"2022-08-11";"2022-08-12";"35.2087";"80.43";"0.14";"85.1";"41.37";"57.92";"0.1";"43.7739";"503.84";"705.07";"0";"0"
"E";"2022-08-10";"2022-08-11";"35.1459";"80.29";"0.08";"85.1";"41.3";"46.52";"12.7";"43.7739";"503.84";"705.07";"0";"0"
"E";"2022-08-09";"2022-08-10";"35.1121";"80.21";"0.1";"85.1";"41.26";"44.17";"0";"43.7739";"503.84";"705.07";"0";"0"
"E";"2022-08-08";"2022-08-09";"35.068";"80.11";"0.1";"85.1";"41.21";"42.54";"0";"43.7739";"503.84";"705.07";"0";"0"
"C";"2022-08-07";"2022-08-08";"35.0254";"80.01";"0.13";"85.1";"41.16";"55.38";"0";"43.7739";"503.84";"705.07";"0";"0"
"C";"2022-08-06";"2022-08-07";"34.9704";"79.89";"0.14";"85.1";"41.09";"60.11";"0";"43.7739";"503.84";"705.07";"0";"0"
"C";"2022-08-05";"2022-08-06";"34.9106";"79.75";"0.13";"85.1";"41.02";"57.2";"0";"43.7739";"503.84";"705.07";"0";"0"
"C";"2022-08-04";"2022-08-05";"34.8538";"79.62";"0.14";"85.1";"40.96";"62.64";"0";"43.7739";"503.84";"705.07";"0";"0"
"C";"2022-08-03";"2022-08-04";"34.7914";"79.48";"0.15";"85.1";"40.88";"64.03";"0";"43.7739";"503.84";"705.07";"0";"0"
"C";"2022-08-02";"2022-08-03";"34.7277";"79.33";"0.13";"85.1";"40.81";"59.14";"0";"43.7739";"503.84";"705.07";"0";"0"
"C";"2022-08-01";"2022-08-02";"34.6689";"79.2";"0.11";"85.1";"40.74";"49.05";"0";"43.7739";"503.84";"705.07";"0";"0"
"C";"2022-07-31";"2022-08-01";"34.6204";"79.09";"0.17";"85.1";"40.68";"97.59";"21.2";"43.7739";"503.84";"705.07";"0";"0"
"C";"2022-07-30";"2022-07-31";"34.5443";"78.92";"0.17";"85.1";"40.59";"96.09";"21.8";"43.7739";"503.84";"705.07";"0";"0"
"C";"2022-07-29";"2022-07-30";"34.4703";"78.75";"0.1";"85.1";"40.51";"57.59";"13.1";"43.7739";"503.84";"705.07";"0";"0"
"C";"2022-07-28";"2022-07-29";"34.4274";"78.65";"0.2";"85.1";"40.46";"116.07";"27.4";"43.7739";"503.84";"705.07";"0";"0"
"C";"2022-07-27";"2022-07-28";"34.339";"78.45";"0.2";"85.1";"40.35";"117.59";"28.5";"43.7739";"503.84";"705.07";"0";"0"
"C";"2022-07-26";"2022-07-27";"34.2507";"78.24";"0.22";"85.1";"40.25";"128.06";"31.2";"43.7739";"503.84";"705.07";"0";"0"
"C";"2022-07-25";"2022-07-26";"34.1548";"78.03";"0.33";"85.1";"40.13";"154.27";"8.3";"43.7739";"503.84";"705.07";"0";"0"
"C";"2022-07-24";"2022-07-25";"34.0097";"77.69";"0.34";"85.1";"39.96";"151.44";"0";"43.7739";"503.84";"705.07";"0";"0"
"C";"2022-07-23";"2022-07-24";"33.8592";"77.35";"0.36";"85.1";"39.79";"157.93";"0";"43.7739";"503.84";"705.07";"0";"0"
"C";"2022-07-22";"2022-07-23";"33.702";"76.99";"0.33";"85.1";"39.6";"152.83";"5.6";"43.7739";"503.84";"705.07";"0";"0"
"C";"2022-07-21";"2022-07-22";"33.5557";"76.66";"0.35";"85.1";"39.43";"162.83";"9.2";"43.7739";"503.84";"705.07";"0";"0"
"C";"2022-07-20";"2022-07-21";"33.403";"76.31";"0.34";"85.1";"39.25";"155.41";"3.6";"43.7739";"503.84";"705.07";"0";"0"
"C";"2022-07-19";"2022-07-20";"33.2522";"75.96";"0.34";"85.1";"39.07";"154.09";"3.6";"43.7739";"503.84";"705.07";"0";"0"
"C";"2022-07-18";"2022-07-19";"33.1027";"75.62";"0.4";"85.1";"38.9";"178.73";"3.6";"43.7739";"503.84";"705.07";"0";"0"
"C";"2022-07-17";"2022-07-18";"32.9287";"75.22";"0.46";"85.1";"38.69";"204.52";"3.6";"43.7739";"503.84";"705.07";"0";"0"
"C";"2022-07-16";"2022-07-17";"32.7287";"74.77";"0.48";"85.1";"38.46";"212.52";"3.6";"43.7739";"503.84";"705.07";"0";"0"
"C";"2022-07-15";"2022-07-16";"32.5207";"74.29";"0.42";"85.1";"38.21";"189.25";"3.6";"43.7739";"503.84";"705.07";"0";"0"
"C";"2022-07-14";"2022-07-15";"32.3359";"73.87";"0.32";"85.1";"38";"146.48";"3.6";"43.7739";"503.84";"705.07";"0";"0"
"C";"2022-07-13";"2022-07-14";"32.194";"73.55";"0.33";"85.1";"37.83";"149.9";"3.9";"43.7739";"503.84";"705.07";"0";"0"
"C";"2022-07-12";"2022-07-13";"32.0495";"73.22";"0.37";"85.1";"37.66";"166.39";"3.9";"43.7739";"503.84";"705.07";"0";"0"
"C";"2022-07-11";"2022-07-12";"31.8878";"72.85";"0.33";"85.1";"37.47";"148.3";"3.6";"43.7739";"496.94";"705.07";"0";"0"
"C";"2022-07-10";"2022-07-11";"31.7437";"72.52";"0.19";"85.1";"37.3";"116.45";"30.9";"43.7739";"496.94";"705.07";"0";"0"
"C";"2022-07-09";"2022-07-10";"31.6588";"72.32";"0.33";"85.1";"37.2";"161.58";"18.6";"43.7739";"496.94";"705.07";"0";"0"
"C";"2022-07-08";"2022-07-09";"31.5164";"72";"0.3";"85.1";"37.03";"149.15";"18.6";"43.7739";"496.94";"705.07";"0";"0"
"C";"2022-07-07";"2022-07-08";"31.3868";"71.7";"0.38";"85.1";"36.88";"186.52";"18.6";"43.7739";"496.94";"705.07";"0";"0"
"C";"2022-07-06";"2022-07-07";"31.22";"71.32";"0.38";"85.1";"36.69";"181.66";"12.8";"43.7739";"496.94";"705.07";"0";"0"
"C";"2022-07-05";"2022-07-06";"31.0518";"70.94";"0.38";"85.1";"36.49";"182.86";"14.4";"43.7739";"496.94";"705.07";"0";"0"
"C";"2022-07-04";"2022-07-05";"30.884";"70.55";"0.37";"85.1";"36.29";"182.17";"18.2";"43.7739";"496.94";"705.07";"0";"0"
"C";"2022-07-03";"2022-07-04";"30.7205";"70.18";"0.38";"85.1";"36.1";"174.72";"5.7";"43.7739";"503.84";"705.07";"0";"0"
"C";"2022-07-02";"2022-07-03";"30.5556";"69.8";"0.41";"85.1";"35.91";"181.45";"0.3";"43.7739";"503.84";"705.07";"0";"0"
"C";"2022-07-01";"2022-07-02";"30.375";"69.39";"0.34";"85.1";"35.69";"179.94";"13";"43.7739";"503.84";"705.07";"0";"0"
"C";"2022-06-30";"2022-07-01";"30.2262";"69.05";"0.34";"85.1";"35.52";"186.05";"38.4";"43.7739";"503.84";"705.07";"0";"0"
"C";"2022-06-29";"2022-06-30";"30.0787";"68.71";"0.37";"85.1";"35.35";"200.28";"38.2";"43.7739";"496.94";"705.07";"0";"0"
"C";"2022-06-28";"2022-06-29";"29.9172";"68.34";"0.33";"85.1";"35.16";"155.86";"10.8";"43.7739";"496.94";"705.07";"0";"0"
"C";"2022-06-27";"2022-06-28";"29.7722";"68.01";"0.38";"85.1";"34.98";"175.54";"7.7";"43.7739";"496.94";"705.07";"0";"0"
"C";"2022-06-26";"2022-06-27";"29.6044";"67.63";"0.49";"85.1";"34.79";"214.87";"2.3";"43.7739";"496.94";"705.07";"0";"0"
"C";"2022-06-25";"2022-06-26";"29.3919";"67.14";"0.5";"85.1";"34.54";"219.7";"2.3";"43.7739";"496.94";"705.07";"0";"0"
"C";"2022-06-24";"2022-06-25";"29.1745";"66.65";"0.4";"85.1";"34.28";"177.66";"2.3";"43.7739";"496.94";"705.07";"0";"0"
"C";"2022-06-23";"2022-06-24";"28.9993";"66.25";"0.3";"85.1";"34.08";"136.34";"6.1";"43.7739";"496.94";"705.07";"0";"0"
"C";"2022-06-22";"2022-06-23";"28.8692";"65.95";"0.28";"85.1";"33.92";"125.02";"2.4";"43.7739";"496.94";"705.07";"0";"0"
"C";"2022-06-21";"2022-06-22";"28.7467";"65.67";"6.24";"85.1";"33.78";"178.34";"2.3";"43.7739";"496.94";"705.07";"0";"0"
"E";"2022-06-20";"2022-06-21";"26.0167";"72.64";"0.43";"85.1";"30.57";"152.67";"0.1";"35.8139";"389.84";"517.87";"0";"0"
"E";"2022-06-19";"2022-06-20";"25.8641";"72.22";"0.48";"85.1";"30.39";"170.43";"0";"35.8139";"389.84";"517.87";"0";"0"
"E";"2022-06-18";"2022-06-19";"25.6937";"71.74";"0.49";"85.1";"30.19";"175.68";"0";"35.8139";"389.84";"517.87";"0";"0"
"E";"2022-06-17";"2022-06-18";"25.518";"71.25";"0.4";"85.1";"29.99";"144.71";"1.7";"35.8139";"389.84";"517.87";"0";"0"
"E";"2022-06-16";"2022-06-17";"25.375";"70.85";"0.33";"85.1";"29.82";"121.5";"2.1";"35.8139";"389.84";"517.87";"0";"0"
"E";"2022-06-15";"2022-06-16";"25.2556";"70.52";"0.33";"85.1";"29.68";"122.09";"4";"35.8139";"389.84";"517.87";"0";"0"
"E";"2022-06-14";"2022-06-15";"25.1375";"70.19";"0.39";"85.1";"29.54";"143.54";"3.2";"35.8139";"389.84";"517.87";"0";"0"
"E";"2022-06-13";"2022-06-14";"24.9972";"69.8";"0.45";"85.1";"29.37";"160.28";"0";"35.8139";"389.84";"517.87";"0";"0"
"E";"2022-06-12";"2022-06-13";"24.8369";"69.35";"0.46";"85.1";"29.19";"171.41";"0";"35.8139";"389.84";"517.87";"0";"0"
"E";"2022-06-11";"2022-06-12";"24.6724";"68.89";"0.47";"85.1";"28.99";"167.19";"0";"35.8139";"389.84";"517.87";"0";"0"
"E";"2022-06-10";"2022-06-11";"24.5052";"68.42";"0.35";"85.1";"28.8";"126.8";"0";"35.8139";"389.84";"517.87";"0";"0"
"E";"2022-06-09";"2022-06-10";"24.3784";"68.07";"0.45";"85.1";"28.65";"159.57";"0";"35.8139";"389.84";"517.87";"0";"0"
"E";"2022-06-08";"2022-06-09";"24.2189";"67.62";"0.42";"85.1";"28.46";"152.05";"0";"35.8139";"389.84";"517.87";"0";"0"
"E";"2022-06-07";"2022-06-08";"24.0668";"67.2";"0.65";"85.1";"28.28";"233.19";"0";"35.8139";"389.84";"517.87";"0";"0"
"E";"2022-06-06";"2022-06-07";"23.8336";"66.55";"0.63";"85.1";"28.01";"225.89";"0";"35.8139";"389.84";"517.87";"0";"0"
"E";"2022-06-05";"2022-06-06";"23.6077";"65.92";"0.66";"85.1";"27.74";"236.95";"0";"35.8139";"389.84";"517.87";"0";"0"
"E";"2022-06-04";"2022-06-05";"23.3708";"65.26";"0.66";"85.1";"27.46";"237.3";"0";"35.8139";"389.84";"517.87";"0";"0"
"E";"2022-06-03";"2022-06-04";"23.1335";"64.59";"0.65";"85.1";"27.18";"233.09";"0";"35.8139";"389.84";"517.87";"0";"0"
"E";"2022-06-02";"2022-06-03";"22.9004";"63.94";"0.63";"85.1";"26.91";"225.42";"0";"35.8139";"389.84";"517.87";"0";"0"
"E";"2022-06-01";"2022-06-02";"22.675";"63.31";"0.39";"85.1";"26.65";"139.75";"0";"35.8139";"389.84";"517.87";"0";"0"
"E";"2022-05-31";"2022-06-01";"22.5352";"62.92";"0.61";"85.1";"26.48";"243.92";"24.4";"35.8139";"389.84";"517.87";"0";"0"
"E";"2022-05-30";"2022-05-31";"22.3157";"62.31";"0.63";"85.1";"26.22";"251.97";"26.5";"35.8139";"389.84";"517.87";"0";"0"
"E";"2022-05-29";"2022-05-30";"22.0902";"61.68";"0.72";"85.1";"25.96";"257.64";"0";"35.8139";"389.84";"517.87";"0";"0"
"E";"2022-05-28";"2022-05-29";"21.8326";"60.96";"0.72";"85.1";"25.66";"258.06";"0";"35.8139";"389.84";"517.87";"0";"0"
"E";"2022-05-27";"2022-05-28";"21.5745";"60.24";"0.71";"85.1";"25.35";"254.46";"0";"35.8139";"389.84";"517.87";"0";"0"
"E";"2022-05-26";"2022-05-27";"21.3201";"59.53";"0.71";"85.1";"25.05";"253.22";"0";"35.8139";"389.84";"517.87";"0";"0"
"E";"2022-05-25";"2022-05-26";"21.0668";"58.82";"0.73";"85.1";"24.76";"260.6";"0";"35.8139";"389.84";"517.87";"0";"0"
"E";"2022-05-24";"2022-05-25";"20.8062";"58.1";"0.73";"85.1";"24.45";"261.85";"0";"35.8139";"389.84";"517.87";"0";"0"
"E";"2022-05-23";"2022-05-24";"20.5444";"57.36";"0.77";"85.1";"24.14";"274.89";"0";"35.8139";"389.84";"517.87";"0";"0"
"E";"2022-05-22";"2022-05-23";"20.2695";"56.6";"0.72";"85.1";"23.82";"258.34";"0";"35.8139";"389.84";"517.87";"0";"0"
"E";"2022-05-21";"2022-05-22";"20.0112";"55.88";"0.72";"85.1";"23.51";"258.79";"0";"35.8139";"389.84";"517.87";"0";"0"
"E";"2022-05-20";"2022-05-21";"19.7524";"55.15";"0.74";"85.1";"23.21";"266.67";"0";"35.8139";"389.84";"517.87";"0";"0"
"E";"2022-05-19";"2022-05-20";"19.4857";"54.41";"0.72";"85.1";"22.9";"258.05";"0";"35.8139";"389.84";"517.87";"0";"0"
"E";"2022-05-18";"2022-05-19";"19.2277";"53.69";"0.7";"85.1";"22.59";"249.46";"0";"35.8139";"389.84";"517.87";"0";"0"
"E";"2022-05-17";"2022-05-18";"18.9783";"52.99";"0.72";"85.1";"22.3";"257.36";"0";"35.8139";"389.84";"517.87";"0";"0"
"E";"2022-05-16";"2022-05-17";"18.7209";"52.27";"0.75";"85.1";"22";"267.62";"0";"35.8139";"389.84";"517.87";"0";"0"
"E";"2022-05-15";"2022-05-16";"18.4533";"51.53";"0.76";"85.1";"21.68";"272.24";"0";"35.8139";"389.84";"517.87";"0";"0"
"E";"2022-05-14";"2022-05-15";"18.181";"50.77";"0.75";"85.1";"21.36";"268.86";"0";"35.8139";"389.84";"517.87";"0";"0"
"E";"2022-05-13";"2022-05-14";"17.9122";"50.01";"0.75";"85.1";"21.05";"269.08";"0";"35.8139";"389.84";"517.87";"0";"0"
"E";"2022-05-12";"2022-05-13";"17.6431";"49.26";"0.74";"85.1";"20.73";"264.06";"0";"35.8139";"389.84";"517.87";"0";"0"
"E";"2022-05-11";"2022-05-12";"17.379";"48.53";"0.8";"85.1";"20.42";"288.01";"0";"35.8139";"389.84";"517.87";"0";"0"
"E";"2022-05-10";"2022-05-11";"17.091";"47.72";"0.74";"85.1";"20.08";"263.7";"0";"35.8139";"389.84";"517.87";"0";"0"
"E";"2022-05-09";"2022-05-10";"16.8273";"46.99";"0.71";"85.1";"19.77";"255.6";"0";"35.8139";"389.84";"517.87";"0";"0"
"E";"2022-05-08";"2022-05-09";"16.5717";"46.27";"0.71";"85.1";"19.47";"255.15";"0";"35.8139";"389.84";"517.87";"0";"0"
"E";"2022-05-07";"2022-05-08";"16.3166";"45.56";"0.73";"85.1";"19.17";"260.19";"0";"35.8139";"389.84";"517.87";"0";"0"
"E";"2022-05-06";"2022-05-07";"16.0564";"44.83";"0.73";"85.1";"18.87";"262.63";"0";"35.8139";"389.84";"517.87";"0";"0"
"E";"2022-05-05";"2022-05-06";"15.7937";"44.1";"0.7";"85.1";"18.56";"250.85";"0";"35.8139";"389.84";"517.87";"0";"0"
"E";"2022-05-04";"2022-05-05";"15.5429";"43.4";"0.68";"85.1";"18.26";"246.09";"1.4";"35.8139";"389.84";"517.87";"0";"0"
"E";"2022-05-03";"2022-05-04";"15.2982";"42.72";"0.68";"85.1";"17.98";"245.36";"0";"35.8139";"389.84";"517.87";"0";"0"
"E";"2022-05-02";"2022-05-03";"15.0529";"42.03";"0.68";"85.1";"17.69";"243.97";"0";"35.8139";"389.84";"517.87";"0";"0"
"E";"2022-05-01";"2022-05-02";"14.8089";"41.35";"0.12";"85.1";"17.4";"224.04";"0";"35.8139";"389.84";"517.87";"0";"0"
"E";"2022-04-30";"2022-05-01";"14.7671";"41.23";"0.48";"85.1";"17.35";"202.51";"29.2";"35.8139";"389.84";"517.87";"0";"0"
"E";"2022-04-29";"2022-04-30";"14.5937";"40.75";"0.51";"85.1";"17.15";"213.2";"30.2";"35.8139";"389.84";"517.87";"0";"0"
"E";"2022-04-28";"2022-04-29";"14.4107";"40.24";"0.49";"85.1";"16.93";"185.46";"10.2";"35.8139";"389.84";"517.87";"0";"0"
"E";"2022-04-27";"2022-04-28";"14.2355";"39.75";"0.56";"85.1";"16.73";"199.78";"0.3";"35.8139";"389.84";"517.87";"0";"0"
"E";"2022-04-26";"2022-04-27";"14.036";"39.19";"0.52";"85.1";"16.49";"185.17";"0.3";"35.8139";"389.84";"517.87";"0";"0"
"E";"2022-04-25";"2022-04-26";"13.8512";"38.68";"0.53";"85.1";"16.28";"193.03";"3.7";"35.8139";"389.84";"517.87";"0";"0"
"E";"2022-04-24";"2022-04-25";"13.6618";"38.15";"0.61";"85.1";"16.05";"217.95";"0.5";"35.8139";"389.84";"517.87";"0";"0"
"E";"2022-04-23";"2022-04-24";"13.4443";"37.54";"0.62";"85.1";"15.8";"221.65";"0.1";"35.8139";"389.84";"517.87";"0";"0"
"E";"2022-04-22";"2022-04-23";"13.2228";"36.92";"0.57";"85.1";"15.54";"203.56";"0";"35.8139";"389.84";"517.87";"0";"0"
"E";"2022-04-21";"2022-04-22";"13.0192";"36.35";"0.55";"85.1";"15.3";"196.52";"0";"35.8139";"389.84";"517.87";"0";"0"
"E";"2022-04-20";"2022-04-21";"12.8227";"35.8";"0.54";"85.1";"15.07";"194.68";"0";"35.8139";"389.84";"517.87";"0";"0"
"E";"2022-04-19";"2022-04-20";"12.628";"35.26";"0.55";"85.1";"14.84";"196.6";"0";"35.8139";"389.84";"517.87";"0";"0"
"E";"2022-04-18";"2022-04-19";"12.4314";"34.71";"0.57";"85.1";"14.61";"202.58";"0";"35.8139";"389.84";"517.87";"0";"0"
"E";"2022-04-17";"2022-04-18";"12.2288";"34.15";"0.57";"85.1";"14.37";"203.55";"0";"35.8139";"389.84";"517.87";"0";"0"
"E";"2022-04-16";"2022-04-17";"12.0253";"33.58";"0.57";"85.1";"14.13";"204.02";"0";"35.8139";"389.84";"517.87";"0";"0"
"E";"2022-04-15";"2022-04-16";"11.8215";"33.01";"0.58";"85.1";"13.89";"208.5";"0";"35.8139";"389.84";"517.87";"0";"0"
"E";"2022-04-14";"2022-04-15";"11.613";"32.43";"0.57";"85.1";"13.65";"204.83";"1";"35.8139";"389.84";"517.87";"0";"0"
"E";"2022-04-13";"2022-04-14";"11.4091";"31.86";"0.52";"85.1";"13.41";"189.02";"1.4";"35.8139";"389.84";"517.87";"0";"0"
"E";"2022-04-12";"2022-04-13";"11.2215";"31.33";"0.51";"85.1";"13.19";"183.88";"1.6";"35.8139";"389.84";"517.87";"0";"0"
"E";"2022-04-11";"2022-04-12";"11.0392";"30.82";"0.46";"85.1";"12.97";"172.54";"6.2";"35.8139";"389.84";"517.87";"0";"0"
"E";"2022-04-10";"2022-04-11";"10.8728";"30.36";"0.51";"85.1";"12.78";"183.84";"1.4";"35.8139";"389.84";"517.87";"0";"0"
"E";"2022-04-09";"2022-04-10";"10.6904";"29.85";"0.52";"85.1";"12.56";"188.72";"1.4";"35.8139";"389.84";"517.87";"0";"0"
"E";"2022-04-08";"2022-04-09";"10.5032";"29.33";"0.56";"85.1";"12.34";"203.06";"3.3";"35.8139";"389.84";"517.87";"0";"0"
"E";"2022-04-07";"2022-04-08";"10.3034";"28.63";"0.51";"85.1";"12.11";"188.04";"3.3";"35.9915";"397.76";"519.07";"0";"0"
"E";"2022-04-06";"2022-04-07";"10.1186";"28.25";"0.41";"85.1";"11.89";"153.4";"6.6";"35.8139";"389.84";"517.87";"0";"0"
"E";"2022-04-05";"2022-04-06";"9.9718";"27.84";"0.36";"85.1";"11.72";"153.4";"24.4";"35.8139";"389.84";"517.87";"0";"0"
"E";"2022-04-04";"2022-04-05";"9.8428";"27.48";"0.26";"85.1";"11.57";"121.16";"27.9";"35.8139";"389.84";"517.87";"0";"0"
"E";"2022-04-03";"2022-04-04";"9.7496";"27.22";"0.37";"85.1";"11.46";"145.88";"12.6";"35.8139";"389.84";"517.87";"0";"0"
"E";"2022-04-02";"2022-04-03";"9.6162";"26.72";"0.35";"85.1";"11.3";"137.32";"13.1";"35.9915";"397.76";"519.07";"0";"0"
"E";"2022-04-01";"2022-04-02";"9.492";"26.5";"0.28";"85.1";"11.15";"115.75";"14.9";"35.8139";"389.84";"517.87";"0";"0"
"E";"2022-03-31";"2022-04-01";"9.3911";"26.09";"0.06";"85.1";"11.04";"72.15";"48.8";"35.9915";"397.76";"519.07";"0";"0"
"E";"2022-03-30";"2022-03-31";"9.3678";"26.03";"0.13";"85.1";"11.01";"90.64";"44.8";"35.9915";"397.76";"519.07";"0";"0"
"E";"2022-03-29";"2022-03-30";"9.3219";"25.9";"0.25";"85.1";"10.95";"114.68";"25.2";"35.9915";"397.76";"519.07";"0";"0"
"E";"2022-03-28";"2022-03-29";"9.2328";"25.65";"0.26";"85.1";"10.85";"112.75";"19.4";"35.9915";"397.76";"519.07";"0";"0"
"E";"2022-03-27";"2022-03-28";"9.1394";"25.39";"0.23";"85.1";"10.74";"108.77";"25.6";"35.9915";"397.76";"519.07";"0";"0"
"E";"2022-03-26";"2022-03-27";"9.0563";"25.16";"0.23";"85.1";"10.64";"109.9";"26.8";"35.9915";"397.76";"519.07";"0";"0"
"E";"2022-03-25";"2022-03-26";"8.9732";"24.93";"0.16";"85.1";"10.54";"103.11";"46.4";"35.9915";"397.76";"519.07";"0";"0"
"E";"2022-03-24";"2022-03-25";"8.9164";"24.77";"0.07";"85.1";"10.48";"74.99";"51.3";"35.9915";"397.76";"519.07";"0";"0"
"E";"2022-03-23";"2022-03-24";"8.8927";"24.71";"0.07";"85.1";"10.45";"72.99";"48.4";"35.9915";"397.76";"519.07";"0";"0"
"E";"2022-03-22";"2022-03-23";"8.8682";"24.64";"0.06";"85.1";"10.42";"71.66";"48.8";"35.9915";"397.76";"519.07";"0";"0"
"E";"2022-03-21";"2022-03-22";"8.8453";"24.58";"0.05";"85.1";"10.39";"56.29";"38.5";"35.9915";"397.76";"519.07";"0";"0"
"E";"2022-03-20";"2022-03-21";"8.8275";"24.53";"0.05";"85.1";"10.37";"56.62";"39.4";"35.9915";"397.76";"519.07";"0";"0"
"E";"2022-03-19";"2022-03-20";"8.8103";"24.48";"0.06";"85.1";"10.35";"58.1";"38.2";"35.9915";"397.76";"519.07";"0";"0"
"E";"2022-03-18";"2022-03-19";"8.7904";"24.42";"0.06";"85.1";"10.33";"69.55";"46.5";"35.9915";"397.76";"519.07";"0";"0"
"E";"2022-03-17";"2022-03-18";"8.7684";"24.36";"0.02";"85.1";"10.3";"72.39";"63.9";"35.9915";"397.76";"519.07";"0";"0"
"E";"2022-03-16";"2022-03-17";"8.7599";"24.34";"-0.17";"85.1";"10.29";"20.72";"81.5";"35.9915";"397.76";"519.07";"0";"0"
"E";"2022-03-15";"2022-03-16";"8.8207";"24.51";"-0.22";"85.1";"10.37";"19.56";"100.1";"35.9915";"397.76";"519.07";"0";"0"
"E";"2022-03-14";"2022-03-15";"8.9012";"24.73";"-0.05";"85.1";"10.46";"54.75";"72.5";"35.9915";"397.76";"519.07";"0";"0"
"E";"2022-03-13";"2022-03-14";"8.9189";"24.78";"-0.04";"85.1";"10.48";"56.78";"71.7";"35.9915";"397.76";"519.07";"0";"0"
"E";"2022-03-12";"2022-03-13";"8.9339";"24.82";"-0.06";"85.1";"10.5";"52.85";"73.1";"35.9915";"397.76";"519.07";"0";"0"
"E";"2022-03-11";"2022-03-12";"8.9542";"24.88";"-0.13";"85.1";"10.52";"39.16";"85.4";"35.9915";"397.76";"519.07";"0";"0"
"E";"2022-03-10";"2022-03-11";"9.0004";"25.01";"-0.15";"85.1";"10.58";"20.51";"75.4";"35.9915";"397.76";"519.07";"0";"0"
"E";"2022-03-09";"2022-03-10";"9.0553";"25.16";"-0.2";"85.1";"10.64";"20.51";"91.6";"35.9915";"397.76";"519.07";"0";"0"
"E";"2022-03-08";"2022-03-09";"9.1264";"25.36";"-0.22";"85.1";"10.72";"20.51";"98.1";"35.9915";"397.76";"519.07";"0";"0"
"E";"2022-03-07";"2022-03-08";"9.204";"25.57";"-0.3";"85.1";"10.82";"15.81";"123.7";"35.9915";"397.76";"519.07";"0";"0"
"E";"2022-03-06";"2022-03-07";"9.3118";"25.87";"-0.29";"85.1";"10.94";"20.51";"125.2";"35.9915";"397.76";"519.07";"0";"0"
"E";"2022-03-05";"2022-03-06";"9.4165";"26.16";"-0.29";"85.1";"11.07";"20.51";"124.1";"35.9915";"397.76";"519.07";"0";"0"
"E";"2022-03-04";"2022-03-05";"9.5201";"26.45";"-0.43";"85.1";"11.19";"0";"155.9";"35.9915";"397.76";"519.07";"0";"0"
"E";"2022-03-03";"2022-03-04";"9.676";"26.88";"-0.44";"85.1";"11.37";"0";"158.7";"35.9915";"397.76";"519.07";"0";"0"
"E";"2022-03-02";"2022-03-03";"9.8347";"27.33";"-0.35";"85.1";"11.56";"24.7";"150.7";"35.9915";"397.76";"519.07";"0";"0"
"E";"2022-03-01";"2022-03-02";"9.9607";"27.68";"-0.33";"85.1";"11.7";"21.34";"138.4";"35.9915";"397.76";"519.07";"0";"0"
"E";"2022-02-28";"2022-03-01";"10.0778";"28";"-0.45";"85.1";"11.84";"33.9";"196.2";"35.9915";"397.76";"519.07";"0";"0"
"E";"2022-02-27";"2022-02-28";"10.2401";"28.45";"-0.29";"85.1";"12.03";"38.64";"143.4";"35.9915";"397.76";"519.07";"0";"0"
"E";"2022-02-26";"2022-02-27";"10.3448";"28.74";"-0.26";"85.1";"12.16";"34.13";"126.8";"35.9915";"397.76";"519.07";"0";"0"
"E";"2022-02-25";"2022-02-26";"10.4375";"29";"-0.43";"85.1";"12.26";"1.6";"156.8";"35.9915";"397.76";"519.07";"0";"0"
"E";"2022-02-24";"2022-02-25";"10.5927";"29.43";"-0.37";"85.1";"12.45";"5.41";"138";"35.9915";"397.76";"519.07";"0";"0"
"E";"2022-02-23";"2022-02-24";"10.7251";"29.8";"-0.35";"85.1";"12.6";"21.36";"148.4";"35.9915";"397.76";"519.07";"0";"0"
"E";"2022-02-22";"2022-02-23";"10.8522";"30.15";"-0.33";"85.1";"12.75";"15.8";"134.7";"35.9915";"397.76";"519.07";"0";"0"
"E";"2022-02-21";"2022-02-22";"10.971";"30.48";"-0.34";"85.1";"12.89";"16.43";"139.4";"35.9915";"397.76";"519.07";"0";"0"
"E";"2022-02-20";"2022-02-21";"11.094";"30.82";"-0.34";"85.1";"13.04";"24.83";"148.3";"35.9915";"397.76";"519.07";"0";"0"
"E";"2022-02-19";"2022-02-20";"11.2174";"31.17";"-0.34";"85.1";"13.18";"28.53";"150.9";"35.9915";"397.76";"519.07";"0";"0"
"E";"2022-02-18";"2022-02-19";"11.3398";"31.51";"-0.32";"85.1";"13.33";"26.69";"142.9";"35.9915";"397.76";"519.07";"0";"0"
"E";"2022-02-17";"2022-02-18";"11.456";"31.83";"-0.28";"85.1";"13.46";"4.84";"106.6";"35.9915";"397.76";"519.07";"0";"0"
"E";"2022-02-16";"2022-02-17";"11.5577";"32.11";"-0.35";"85.1";"13.58";"0.56";"127.9";"35.9915";"397.76";"519.07";"0";"0"
"E";"2022-02-15";"2022-02-16";"11.685";"32.47";"-0.5";"85.1";"13.73";"0.56";"181";"35.9915";"397.76";"519.07";"0";"0"
"E";"2022-02-14";"2022-02-15";"11.8654";"32.97";"-0.49";"85.1";"13.94";"0.56";"178.7";"35.9915";"397.76";"519.07";"0";"0"
"E";"2022-02-13";"2022-02-14";"12.0402";"33.45";"-0.43";"85.1";"14.15";"10.16";"166.1";"35.9915";"397.76";"519.07";"0";"0"
"E";"2022-02-12";"2022-02-13";"12.1962";"33.89";"-0.43";"85.1";"14.33";"10.42";"166.4";"35.9915";"397.76";"519.07";"0";"0"
"E";"2022-02-11";"2022-02-12";"12.3522";"34.32";"-0.49";"85.1";"14.51";"4.56";"181.8";"35.9915";"397.76";"519.07";"0";"0"
"E";"2022-02-10";"2022-02-11";"12.5294";"34.81";"-0.39";"85.1";"14.72";"7.68";"146.3";"35.9915";"397.76";"519.07";"0";"0"
"E";"2022-02-09";"2022-02-10";"12.668";"35.2";"-0.38";"85.1";"14.89";"3";"139.3";"35.9915";"397.76";"519.07";"0";"0"
"E";"2022-02-08";"2022-02-09";"12.8043";"35.58";"-0.34";"85.1";"15.05";"1.6";"123.6";"35.9915";"397.76";"519.07";"0";"0"
"E";"2022-02-07";"2022-02-08";"12.9264";"35.92";"-0.36";"85.1";"15.19";"5.42";"134.3";"35.9915";"397.76";"519.07";"0";"0"
"E";"2022-02-06";"2022-02-07";"13.0553";"36.27";"-0.16";"85.1";"15.34";"9.5";"66.3";"35.9915";"397.76";"519.07";"0";"0"
"E";"2022-02-05";"2022-02-06";"13.1121";"36.43";"-0.16";"85.1";"15.41";"9.3";"67.3";"35.9915";"397.76";"519.07";"0";"0"
"E";"2022-02-04";"2022-02-05";"13.1701";"36.59";"-0.28";"85.1";"15.48";"8.85";"108.7";"35.9915";"397.76";"519.07";"0";"0"
"E";"2022-02-03";"2022-02-04";"13.27";"36.87";"-0.49";"85.1";"15.59";"5.22";"182.5";"35.9915";"397.76";"519.07";"0";"0"
"E";"2022-02-02";"2022-02-03";"13.4472";"37.36";"-0.54";"85.1";"15.8";"1.5";"195.5";"35.9915";"397.76";"519.07";"0";"0"
"E";"2022-02-01";"2022-02-02";"13.6412";"37.9";"-0.49";"85.1";"16.03";"1";"178.8";"35.9915";"397.76";"519.07";"0";"0"
"E";"2022-01-31";"2022-02-01";"13.8191";"38.4";"-0.53";"85.1";"16.24";"1.5";"192.5";"35.9915";"397.76";"519.07";"0";"0"
"E";"2022-01-30";"2022-01-31";"14.01";"38.93";"-0.49";"85.1";"16.46";"16.36";"191.4";"35.9915";"397.76";"519.07";"0";"0"
"E";"2022-01-29";"2022-01-30";"14.1851";"39.41";"-0.48";"85.1";"16.67";"16.86";"190.9";"35.9915";"397.76";"519.07";"0";"0"
"E";"2022-01-28";"2022-01-29";"14.3592";"39.9";"-0.66";"85.1";"16.87";"1";"237.7";"35.9915";"397.76";"519.07";"0";"0"
"E";"2022-01-27";"2022-01-28";"14.596";"40.55";"-0.66";"85.1";"17.15";"2";"240.3";"35.9915";"397.76";"519.07";"0";"0"
"E";"2022-01-26";"2022-01-27";"14.8343";"41.22";"-0.73";"85.1";"17.43";"0.73";"262";"35.9915";"397.76";"519.07";"0";"0"
"E";"2022-01-25";"2022-01-26";"15.0956";"41.94";"-0.86";"85.1";"17.74";"0.38";"310.3";"35.9915";"397.76";"519.07";"0";"0"
"E";"2022-01-24";"2022-01-25";"15.4055";"42.8";"-0.67";"85.1";"18.1";"0.38";"241.4";"35.9915";"397.76";"519.07";"0";"0"
"E";"2022-01-23";"2022-01-24";"15.6464";"43.47";"-0.59";"85.1";"18.39";"0.45";"211.3";"35.9915";"397.76";"519.07";"0";"0"
"E";"2022-01-22";"2022-01-23";"15.8573";"44.06";"-0.61";"85.1";"18.63";"0";"219.5";"35.9915";"397.76";"519.07";"0";"0"
"E";"2022-01-21";"2022-01-22";"16.0768";"44.67";"-0.67";"85.1";"18.89";"15.77";"257.3";"35.9915";"397.76";"519.07";"0";"0"
"E";"2022-01-20";"2022-01-21";"16.3183";"45.34";"-0.75";"85.1";"19.18";"0";"268.6";"35.9915";"397.76";"519.07";"0";"0"
"E";"2022-01-19";"2022-01-20";"16.5869";"46.09";"-0.8";"85.1";"19.49";"0";"289.2";"35.9915";"397.76";"519.07";"0";"0"
"E";"2022-01-18";"2022-01-19";"16.8761";"46.89";"-0.82";"85.1";"19.83";"0.16";"294.8";"35.9915";"397.76";"519.07";"0";"0"
"E";"2022-01-17";"2022-01-18";"17.1707";"47.71";"-0.76";"85.1";"20.18";"0.6";"272.7";"35.9915";"397.76";"519.07";"0";"0"
"E";"2022-01-16";"2022-01-17";"17.4428";"48.46";"-0.69";"85.1";"20.5";"4.08";"252.6";"35.9915";"397.76";"519.07";"0";"0"
"E";"2022-01-15";"2022-01-16";"17.6914";"49.15";"-0.62";"85.1";"20.79";"4.08";"228.6";"35.9915";"397.76";"519.07";"0";"0"
"E";"2022-01-14";"2022-01-15";"17.9159";"49.78";"-0.98";"85.1";"21.05";"0.16";"354.1";"35.9915";"397.76";"519.07";"0";"0"
"E";"2022-01-13";"2022-01-14";"18.2698";"50.76";"-0.87";"85.1";"21.47";"0.16";"313.3";"35.9915";"397.76";"519.07";"0";"0"
"E";"2022-01-12";"2022-01-13";"18.583";"51.63";"-0.91";"85.1";"21.84";"1.16";"330.5";"35.9915";"397.76";"519.07";"0";"0"
"E";"2022-01-11";"2022-01-12";"18.9123";"52.55";"-0.89";"85.1";"22.22";"0.6";"319.9";"35.9915";"397.76";"519.07";"0";"0"
"E";"2022-01-10";"2022-01-11";"19.2316";"53.43";"-0.63";"85.1";"22.6";"0.6";"228.9";"35.9915";"397.76";"519.07";"0";"0"
"E";"2022-01-09";"2022-01-10";"19.4599";"54.07";"-0.49";"85.1";"22.87";"14.85";"191.4";"35.9915";"397.76";"519.07";"0";"0"
"E";"2022-01-08";"2022-01-09";"19.6365";"54.56";"-0.46";"85.1";"23.07";"15.7";"182.3";"35.9915";"397.76";"519.07";"0";"0"
"E";"2022-01-07";"2022-01-08";"19.8031";"55.02";"-0.54";"85.1";"23.27";"18.08";"213.7";"35.9915";"397.76";"519.07";"0";"0"
"E";"2022-01-06";"2022-01-07";"19.9987";"55.57";"-0.51";"85.1";"23.5";"13.97";"198.9";"35.9915";"397.76";"519.07";"0";"0"
"E";"2022-01-05";"2022-01-06";"20.1836";"56.08";"-0.34";"85.1";"23.72";"13.59";"134.9";"35.9915";"397.76";"519.07";"0";"0"
"E";"2022-01-04";"2022-01-05";"20.3049";"56.42";"-0.28";"85.1";"23.86";"14.85";"113.9";"35.9915";"397.76";"519.07";"0";"0"
"E";"2022-01-03";"2022-01-04";"20.404";"56.69";"-0.12";"85.1";"23.98";"46.79";"91.2";"35.9915";"397.76";"519.07";"0";"0"
"E";"2022-01-02";"2022-01-03";"20.4484";"56.81";"-0.08";"85.1";"24.03";"45.29";"75.7";"35.9915";"397.76";"519.07";"0";"0"
"E";"2022-01-01";"2022-01-02";"20.4788";"56.9";"0";"85.1";"24.06";"49.39";"77.4";"35.9915";"397.76";"519.07";"0";"0"
"E";"2021-12-31";"2022-01-01";"20.5068";"56.98";"0.02";"91";"22.53";"83.85";"77.1";"35.9915";"397.76";"519.07";"0";"0"
"E";"2021-12-30";"2021-12-31";"20.5001";"56.96";"-0.07";"91";"22.53";"60.57";"85.8";"35.9915";"397.76";"519.07";"0";"0"
"E";"2021-12-29";"2021-12-30";"20.5254";"57.03";"-0.24";"91";"22.56";"2.24";"89.4";"35.9915";"397.76";"519.07";"0";"0"
"E";"2021-12-28";"2021-12-29";"20.6125";"57.27";"-0.36";"91";"22.65";"5.07";"134.4";"35.9915";"397.76";"519.07";"0";"0"
"E";"2021-12-27";"2021-12-28";"20.7419";"57.63";"-0.57";"91";"22.79";"7.58";"212.3";"35.9915";"397.76";"519.07";"0";"0"
"E";"2021-12-26";"2021-12-27";"20.9466";"58.2";"-0.7";"91";"23.02";"0";"251.2";"35.9915";"397.76";"519.07";"0";"0"
"E";"2021-12-25";"2021-12-26";"21.1978";"58.9";"-0.58";"91";"23.29";"0.46";"207.5";"35.9915";"397.76";"519.07";"0";"0"
"E";"2021-12-24";"2021-12-25";"21.4049";"59.47";"-0.55";"91";"23.52";"5.46";"203.7";"35.9915";"397.76";"519.07";"0";"0"
"E";"2021-12-23";"2021-12-24";"21.6031";"60.02";"-0.8";"91";"23.74";"0";"289.2";"35.9915";"397.76";"519.07";"0";"0"
"E";"2021-12-22";"2021-12-23";"21.8923";"60.83";"-0.81";"91";"24.06";"0";"291.8";"35.9915";"397.76";"519.07";"0";"0"
"E";"2021-12-21";"2021-12-22";"22.1842";"61.64";"-0.81";"91";"24.38";"0";"290.6";"35.9915";"397.76";"519.07";"0";"0"
"E";"2021-12-20";"2021-12-21";"22.4747";"62.44";"-0.56";"91";"24.7";"0";"200.4";"35.9915";"397.76";"519.07";"0";"0"
"E";"2021-12-19";"2021-12-20";"22.6751";"63";"-0.4";"91";"24.92";"6.96";"150.7";"35.9915";"397.76";"519.07";"0";"0"
"E";"2021-12-18";"2021-12-19";"22.8189";"63.4";"-0.42";"91";"25.08";"8.46";"159.3";"35.9915";"397.76";"519.07";"0";"0"
"E";"2021-12-17";"2021-12-18";"22.9697";"63.82";"-0.57";"91";"25.24";"0";"204.2";"35.9915";"397.76";"519.07";"0";"0"
"E";"2021-12-16";"2021-12-17";"23.1739";"64.39";"-0.54";"91";"25.47";"0";"192.6";"35.9915";"397.76";"519.07";"0";"0"
"E";"2021-12-15";"2021-12-16";"23.3665";"64.92";"-0.66";"91";"25.68";"0";"239.1";"35.9915";"397.76";"519.07";"0";"0"
"E";"2021-12-14";"2021-12-15";"23.6056";"65.59";"-0.66";"91";"25.94";"0";"238.2";"35.9915";"397.76";"519.07";"0";"0"
"E";"2021-12-13";"2021-12-14";"23.8438";"66.25";"-0.68";"91";"26.2";"0";"245.7";"35.9915";"397.76";"519.07";"0";"0"
"E";"2021-12-12";"2021-12-13";"24.0896";"66.93";"-0.65";"91";"26.47";"0";"234.7";"35.9915";"397.76";"519.07";"0";"0"
"E";"2021-12-11";"2021-12-12";"24.3242";"67.58";"-0.7";"91";"26.73";"0";"253.5";"35.9915";"397.76";"519.07";"0";"0"
"E";"2021-12-10";"2021-12-11";"24.5777";"68.29";"-0.68";"91";"27.01";"0";"246";"35.9915";"397.76";"519.07";"0";"0"
"E";"2021-12-09";"2021-12-10";"24.8237";"68.97";"-0.67";"91";"27.28";"0";"240.3";"35.9915";"397.76";"519.07";"0";"0"
"E";"2021-12-08";"2021-12-09";"25.064";"69.64";"-0.67";"91";"27.54";"0";"242.1";"35.9915";"397.76";"519.07";"0";"0"
"E";"2021-12-07";"2021-12-08";"25.3061";"70.31";"-0.71";"91";"27.81";"0";"254.9";"35.9915";"397.76";"519.07";"0";"0"
"E";"2021-12-06";"2021-12-07";"25.5609";"71.02";"-0.7";"91";"28.09";"0.3";"251.9";"35.9915";"397.76";"519.07";"0";"0"
"E";"2021-12-05";"2021-12-06";"25.8126";"71.72";"-0.6";"91";"28.37";"0";"215.2";"35.9915";"397.76";"519.07";"0";"0"
"E";"2021-12-04";"2021-12-05";"26.0278";"72.32";"-0.64";"91";"28.6";"0";"229.4";"35.9915";"397.76";"519.07";"0";"0"
"E";"2021-12-03";"2021-12-04";"26.2572";"72.95";"-0.63";"91";"28.85";"0";"227.9";"35.9915";"397.76";"519.07";"0";"0"
"E";"2021-12-02";"2021-12-03";"26.4851";"73.59";"-0.32";"91";"29.1";"0";"214.9";"35.9915";"397.76";"519.07";"0";"0"
"E";"2021-12-01";"2021-12-02";"26.5999";"73.91";"-0.67";"91";"29.23";"0";"240.1";"35.9915";"397.76";"519.07";"0";"0"
"E";"2021-11-30";"2021-12-01";"26.84";"74.57";"-0.64";"91";"29.49";"0";"240.9";"35.9915";"397.76";"519.07";"0";"0"
"E";"2021-11-29";"2021-11-30";"27.071";"75.21";"-0.59";"91";"29.75";"0.24";"237.2";"35.9915";"397.76";"519.07";"0";"0"
"E";"2021-11-28";"2021-11-29";"27.2849";"75.81";"-0.62";"91";"29.98";"0";"223.9";"35.9915";"397.76";"519.07";"0";"0"
"E";"2021-11-27";"2021-11-28";"27.5088";"76.43";"-0.62";"91";"30.23";"0";"221.8";"35.9915";"397.76";"519.07";"0";"0"
"E";"2021-11-26";"2021-11-27";"27.7306";"77.05";"-0.61";"91";"30.47";"0";"218";"35.9915";"397.76";"519.07";"0";"0"
"E";"2021-11-25";"2021-11-26";"27.9487";"77.65";"-0.43";"91";"30.71";"1.92";"215.4";"35.9915";"397.76";"519.07";"0";"0"
"E";"2021-11-24";"2021-11-25";"28.1021";"78.08";"-0.56";"91";"30.88";"0";"200.5";"35.9915";"397.76";"519.07";"0";"0"
"E";"2021-11-23";"2021-11-24";"28.3026";"78.64";"-0.55";"91";"31.1";"1.92";"200.3";"35.9915";"397.76";"519.07";"0";"0"
"E";"2021-11-22";"2021-11-23";"28.501";"79.19";"-0.41";"91";"31.32";"0";"148.7";"35.9915";"397.76";"519.07";"0";"0"
"E";"2021-11-21";"2021-11-22";"28.6497";"79.6";"-0.27";"91";"31.48";"15.65";"112.4";"35.9915";"397.76";"519.07";"0";"0"
"E";"2021-11-20";"2021-11-21";"28.7465";"79.87";"-0.25";"91";"31.59";"21.72";"110.9";"35.9915";"397.76";"519.07";"0";"0"
"E";"2021-11-19";"2021-11-20";"28.8357";"80.12";"-0.51";"91";"31.69";"11.44";"196.7";"35.9915";"397.76";"519.07";"0";"0"
"E";"2021-11-18";"2021-11-19";"29.021";"80.63";"-0.54";"91";"31.89";"0";"194.2";"35.9915";"397.76";"519.07";"0";"0"
"E";"2021-11-17";"2021-11-18";"29.2152";"81.17";"-0.52";"91";"32.1";"8.3";"194.5";"35.9915";"397.76";"519.07";"0";"0"
"E";"2021-11-16";"2021-11-17";"29.4014";"81.69";"-0.49";"91";"32.31";"8.93";"185";"35.9915";"397.76";"519.07";"0";"0"
"E";"2021-11-15";"2021-11-16";"29.5775";"82.18";"-0.46";"91";"32.5";"0";"165.9";"35.9915";"397.76";"519.07";"0";"0"
"E";"2021-11-14";"2021-11-15";"29.7434";"82.64";"-0.3";"91";"32.69";"3";"111.9";"35.9915";"397.76";"519.07";"0";"0"
"E";"2021-11-13";"2021-11-14";"29.8523";"82.94";"-0.28";"91";"32.8";"9.5";"109.9";"35.9915";"397.76";"519.07";"0";"0"
"E";"2021-11-12";"2021-11-13";"29.9527";"83.22";"-0.35";"91";"32.92";"0";"125.1";"35.9915";"397.76";"519.07";"0";"0"
"E";"2021-11-11";"2021-11-12";"30.0778";"83.57";"-0.36";"91";"33.05";"0";"130.1";"35.9915";"397.76";"519.07";"0";"0"
"E";"2021-11-10";"2021-11-11";"30.2079";"83.93";"-0.36";"91";"33.2";"2.5";"133.4";"35.9915";"397.76";"519.07";"0";"0"
"E";"2021-11-09";"2021-11-10";"30.3388";"84.29";"-0.35";"91";"33.34";"4.05";"129.9";"35.9915";"397.76";"519.07";"0";"0"
"E";"2021-11-08";"2021-11-09";"30.4646";"84.64";"-0.26";"91";"33.48";"4.01";"98.5";"35.9915";"397.76";"519.07";"0";"0"
"E";"2021-11-07";"2021-11-08";"30.559";"84.91";"-0.02";"91";"33.58";"12.49";"19.1";"35.9915";"397.76";"519.07";"0";"0"
"E";"2021-11-06";"2021-11-07";"30.5656";"84.92";"-0.03";"91";"33.59";"10.87";"23.1";"35.9915";"397.76";"519.07";"0";"0"
"E";"2021-11-05";"2021-11-06";"30.5779";"84.96";"-0.35";"91";"33.6";"7.46";"134.3";"35.9915";"397.76";"519.07";"0";"0"
"E";"2021-11-04";"2021-11-05";"30.7047";"85.31";"-0.34";"91";"33.74";"9.5";"131";"35.9915";"397.76";"519.07";"0";"0"
"E";"2021-11-03";"2021-11-04";"30.8263";"85.65";"-0.33";"91";"33.88";"8";"127.8";"35.9915";"397.76";"519.07";"0";"0"
"E";"2021-11-02";"2021-11-03";"30.946";"85.98";"-0.28";"91";"34.01";"10.77";"109.9";"35.9915";"397.76";"519.07";"0";"0"
"E";"2021-11-01";"2021-11-02";"31.0452";"86.26";"-0.07";"91";"34.12";"15.44";"39.5";"35.9915";"397.76";"519.07";"0";"0"
"E";"2021-10-31";"2021-11-01";"31.0693";"86.32";"-0.14";"91";"34.14";"41.49";"90.5";"35.9915";"397.76";"519.07";"0";"0"
"E";"2021-10-30";"2021-10-31";"31.1182";"86.46";"-0.16";"91";"34.2";"41.88";"97.8";"35.9915";"397.76";"519.07";"0";"0"
"E";"2021-10-29";"2021-10-30";"31.1742";"86.62";"-0.18";"91";"34.26";"31.04";"110.1";"35.9915";"397.76";"519.07";"0";"0"
"E";"2021-10-28";"2021-10-29";"31.2403";"86.8";"-0.11";"91";"34.33";"37.89";"76.6";"35.9915";"397.76";"519.07";"0";"0"
"E";"2021-10-27";"2021-10-28";"31.2802";"86.91";"-0.18";"91";"34.37";"11.21";"76.9";"35.9915";"397.76";"519.07";"0";"0"
"E";"2021-10-26";"2021-10-27";"31.3459";"87.09";"-0.18";"91";"34.45";"5.19";"70";"35.9915";"397.76";"519.07";"0";"0"
"E";"2021-10-25";"2021-10-26";"31.4107";"87.27";"-0.08";"91";"34.52";"4.16";"32.8";"35.9915";"397.76";"519.07";"0";"0"
"E";"2021-10-24";"2021-10-25";"31.4394";"87.35";"-0.02";"91";"34.55";"4.9";"13";"35.9915";"397.76";"519.07";"0";"0"
"E";"2021-10-23";"2021-10-24";"31.4475";"87.37";"-0.02";"91";"34.56";"4.45";"10";"35.9915";"397.76";"519.07";"0";"0"
"E";"2021-10-22";"2021-10-23";"31.453";"87.39";"0.1";"91";"34.56";"41.22";"6.6";"35.9915";"397.76";"519.07";"0";"0"
"E";"2021-10-21";"2021-10-22";"31.4184";"87.29";"0.18";"91";"34.53";"67.78";"2.1";"35.9915";"397.76";"519.07";"0";"0"
"E";"2021-10-20";"2021-10-21";"31.3527";"87.11";"0.22";"91";"34.45";"80.35";"2.2";"35.9915";"397.76";"519.07";"0";"0"
"E";"2021-10-19";"2021-10-20";"31.2745";"86.89";"0.07";"91";"34.37";"30.62";"5";"35.9915";"397.76";"519.07";"0";"0"
"E";"2021-10-18";"2021-10-19";"31.2489";"86.82";"0.03";"91";"34.34";"24.74";"15.3";"35.9915";"397.76";"519.07";"0";"0"
"E";"2021-10-17";"2021-10-18";"31.2394";"86.8";"0.04";"91";"34.33";"33.38";"20.4";"35.9915";"397.76";"519.07";"0";"0"
"E";"2021-10-16";"2021-10-17";"31.2264";"86.76";"0.06";"91";"34.31";"32.47";"10.5";"35.9915";"397.76";"519.07";"0";"0"
"E";"2021-10-15";"2021-10-16";"31.2044";"86.7";"0.09";"91";"34.29";"36.06";"5.1";"35.9915";"397.76";"519.07";"0";"0"
"E";"2021-10-14";"2021-10-15";"31.1735";"86.61";"0.08";"91";"34.26";"44.13";"15.1";"35.9915";"397.76";"519.07";"0";"0"
"E";"2021-10-13";"2021-10-14";"31.1447";"86.53";"-0.09";"91";"34.22";"10.07";"43.1";"35.9915";"397.76";"519.07";"0";"0"
"E";"2021-10-12";"2021-10-13";"31.1778";"86.63";"0";"91";"34.26";"13.06";"11.8";"35.9915";"397.76";"519.07";"0";"0"
"E";"2021-10-11";"2021-10-12";"31.1765";"86.62";"0.11";"91";"34.26";"43.47";"4.7";"35.9915";"397.76";"519.07";"0";"0"
"E";"2021-10-10";"2021-10-11";"31.1378";"86.51";"0.1";"91";"34.22";"44.77";"7.3";"35.9915";"397.76";"519.07";"0";"0"
"E";"2021-10-09";"2021-10-10";"31.1002";"86.41";"0.13";"91";"34.18";"51.05";"5.3";"35.9915";"397.76";"519.07";"0";"0"
"E";"2021-10-08";"2021-10-09";"31.0545";"86.28";"0.13";"91";"34.13";"52.97";"4.8";"35.9915";"397.76";"519.07";"0";"0"
"E";"2021-10-07";"2021-10-08";"31.0063";"86.15";"0.05";"91";"34.07";"47.44";"30.5";"35.9915";"397.76";"519.07";"0";"0"
"E";"2021-10-06";"2021-10-07";"30.9893";"86.1";"0.18";"91";"34.05";"71.8";"8.6";"35.9915";"397.76";"519.07";"0";"0"
"E";"2021-10-05";"2021-10-06";"30.9261";"85.93";"0.23";"91";"33.98";"97.73";"15.2";"35.9915";"397.76";"519.07";"0";"0"
"E";"2021-10-04";"2021-10-05";"30.8436";"85.7";"0.16";"91";"33.89";"76.56";"18.4";"35.9915";"397.76";"519.07";"0";"0"
"E";"2021-10-03";"2021-10-04";"30.7855";"85.54";"0.2";"91";"33.83";"87.23";"14.6";"35.9915";"397.76";"519.07";"0";"0"
"E";"2021-10-02";"2021-10-03";"30.7129";"85.33";"0.17";"91";"33.75";"76.86";"14.6";"35.9915";"397.76";"519.07";"0";"0"
"E";"2021-10-01";"2021-10-02";"30.6506";"85.16";"0.09";"91";"33.68";"50.37";"19.4";"35.9915";"397.76";"519.07";"0";"0"
"E";"2021-09-30";"2021-10-01";"30.6196";"85.07";"0.42";"91";"33.65";"157.33";"7.5";"35.9915";"397.76";"519.07";"0";"0"
"E";"2021-09-29";"2021-09-30";"30.4697";"84.66";"0.42";"91";"33.48";"152.15";"0.6";"35.9915";"397.76";"519.07";"0";"0"
"E";"2021-09-28";"2021-09-29";"30.3182";"84.24";"0.45";"91";"33.32";"160.22";"0";"35.9915";"397.76";"519.07";"0";"0"
"E";"2021-09-27";"2021-09-28";"30.1579";"83.79";"0.46";"91";"33.14";"167.27";"0";"35.9915";"397.76";"519.07";"0";"0"
"E";"2021-09-26";"2021-09-27";"29.9907";"83.33";"0.5";"91";"32.96";"178.32";"0";"35.9915";"397.76";"519.07";"0";"0"
"E";"2021-09-25";"2021-09-26";"29.8124";"82.83";"0.5";"91";"32.76";"178.79";"0";"35.9915";"397.76";"519.07";"0";"0"
"E";"2021-09-24";"2021-09-25";"29.6336";"82.33";"0.43";"91";"32.56";"154.43";"0";"35.9915";"397.76";"519.07";"0";"0"
"E";"2021-09-23";"2021-09-24";"29.4791";"81.91";"0.39";"91";"32.39";"140.18";"0.2";"35.9915";"397.76";"519.07";"0";"0"
"E";"2021-09-22";"2021-09-23";"29.3391";"81.52";"0.33";"91";"32.24";"120.15";"1.6";"35.9915";"397.76";"519.07";"0";"0"
"E";"2021-09-21";"2021-09-22";"29.2206";"81.19";"0.2";"91";"32.11";"87.27";"14";"35.9915";"397.76";"519.07";"0";"0"
"E";"2021-09-20";"2021-09-21";"29.1474";"80.98";"0.3";"91";"32.03";"110.53";"2.8";"35.9915";"397.76";"519.07";"0";"0"
"E";"2021-09-19";"2021-09-20";"29.0396";"80.68";"0.32";"91";"31.91";"149.71";"34.5";"35.9915";"397.76";"519.07";"0";"0"
"E";"2021-09-18";"2021-09-19";"28.9243";"80.36";"0.47";"91";"31.78";"168.61";"0";"35.9915";"397.76";"519.07";"0";"0"
"E";"2021-09-17";"2021-09-18";"28.7557";"79.9";"0.33";"91";"31.6";"136.86";"16.8";"35.9915";"397.76";"519.07";"0";"0"
"E";"2021-09-16";"2021-09-17";"28.6357";"79.56";"0.4";"91";"31.47";"144.89";"0";"35.9915";"397.76";"519.07";"0";"0"
"E";"2021-09-15";"2021-09-16";"28.4908";"79.16";"0.36";"91";"31.31";"145.46";"17.3";"35.9915";"397.76";"519.07";"0";"0"
"E";"2021-09-14";"2021-09-15";"28.3626";"78.8";"0.48";"91";"31.17";"172.42";"0.5";"35.9915";"397.76";"519.07";"0";"0"
"E";"2021-09-13";"2021-09-14";"28.1907";"78.33";"0.44";"91";"30.98";"159.56";"0";"35.9915";"397.76";"519.07";"0";"0"
"E";"2021-09-12";"2021-09-13";"28.0311";"77.88";"0.59";"91";"30.8";"213.41";"0";"35.9915";"397.76";"519.07";"0";"0"
"E";"2021-09-11";"2021-09-12";"27.8177";"77.29";"0.6";"91";"30.57";"215.62";"0";"35.9915";"397.76";"519.07";"0";"0"
"E";"2021-09-10";"2021-09-11";"27.6021";"76.69";"0.59";"91";"30.33";"212.06";"0";"35.9915";"397.76";"519.07";"0";"0"
"E";"2021-09-09";"2021-09-10";"27.39";"76.1";"0.62";"91";"30.1";"222.42";"0";"35.9915";"397.76";"519.07";"0";"0"
"E";"2021-09-08";"2021-09-09";"27.1676";"75.48";"0.61";"91";"29.85";"221.6";"0.5";"35.9915";"397.76";"519.07";"0";"0"
"E";"2021-09-07";"2021-09-08";"26.9465";"74.87";"0.62";"91";"29.61";"226.63";"2.9";"35.9915";"397.76";"519.07";"0";"0"
"E";"2021-09-06";"2021-09-07";"26.7227";"74.25";"0.46";"91";"29.37";"169.65";"3.6";"35.9915";"397.76";"519.07";"0";"0"
"E";"2021-09-05";"2021-09-06";"26.5567";"73.79";"0.65";"91";"29.18";"234.21";"0";"35.9915";"397.76";"519.07";"0";"0"
"E";"2021-09-04";"2021-09-05";"26.3225";"73.14";"0.65";"91";"28.93";"232.67";"0";"35.9915";"397.76";"519.07";"0";"0"
"E";"2021-09-03";"2021-09-04";"26.0898";"72.49";"0.6";"91";"28.67";"217.48";"0";"35.9915";"397.76";"519.07";"0";"0"
"E";"2021-09-02";"2021-09-03";"25.8723";"71.88";"0.51";"91";"28.43";"185.76";"3.5";"35.9915";"397.76";"519.07";"0";"0"
"E";"2021-09-01";"2021-09-02";"25.6901";"71.38";"0.51";"91";"28.23";"193.08";"8.3";"35.9915";"397.76";"519.07";"0";"0"
"E";"2021-08-31";"2021-09-01";"25.5053";"70.86";"0.55";"91";"28.03";"197.73";"0";"35.9915";"397.76";"519.07";"0";"0"
"E";"2021-08-30";"2021-08-31";"25.3076";"70.32";"0.49";"91";"27.81";"178.46";"3.5";"35.9915";"397.76";"519.07";"0";"0"
"E";"2021-08-29";"2021-08-30";"25.1326";"69.83";"0.48";"91";"27.62";"177.66";"4.7";"35.9915";"397.76";"519.07";"0";"0"
"E";"2021-08-28";"2021-08-29";"24.9597";"69.35";"0.49";"91";"27.43";"178.26";"2.8";"35.9915";"397.76";"519.07";"0";"0"
"E";"2021-08-27";"2021-08-28";"24.7842";"68.86";"0.53";"91";"27.24";"217.48";"27.3";"35.9915";"397.76";"519.07";"0";"0"
"E";"2021-08-26";"2021-08-27";"24.594";"68.33";"0.51";"91";"27.03";"210.42";"28.1";"35.9915";"397.76";"519.07";"0";"0"
"E";"2021-08-25";"2021-08-26";"24.4117";"67.83";"0.61";"91";"26.83";"221.86";"1.6";"35.9915";"397.76";"519.07";"0";"0"
"E";"2021-08-24";"2021-08-25";"24.1914";"67.21";"0.6";"91";"26.58";"221.47";"7.2";"35.9915";"397.76";"519.07";"0";"0"
"E";"2021-08-23";"2021-08-24";"23.9771";"66.62";"0.49";"91";"26.35";"183.27";"5.5";"35.9915";"397.76";"519.07";"0";"0"
"E";"2021-08-22";"2021-08-23";"23.7993";"66.12";"0.52";"91";"26.15";"187.96";"2.2";"35.9915";"397.76";"519.07";"0";"0"
"E";"2021-08-21";"2021-08-22";"23.6136";"65.61";"0.52";"91";"25.95";"189.08";"2.2";"35.9915";"397.76";"519.07";"0";"0"
"E";"2021-08-20";"2021-08-21";"23.4267";"65.09";"0.53";"91";"25.74";"196.15";"5.6";"35.9915";"397.76";"519.07";"0";"0"
"E";"2021-08-19";"2021-08-20";"23.2362";"64.56";"0.55";"91";"25.53";"201.62";"4.9";"35.9915";"397.76";"519.07";"0";"0"
"E";"2021-08-18";"2021-08-19";"23.0395";"64.01";"0.55";"91";"25.32";"208.86";"10";"35.9915";"397.76";"519.07";"0";"0"
"E";"2021-08-17";"2021-08-18";"22.8406";"63.46";"0.58";"91";"25.1";"210.44";"1.8";"35.9915";"397.76";"519.07";"0";"0"
"E";"2021-08-16";"2021-08-17";"22.632";"62.88";"0.54";"91";"24.87";"197.1";"3.7";"35.9915";"397.76";"519.07";"0";"0"
"E";"2021-08-15";"2021-08-16";"22.4386";"62.34";"0.59";"91";"24.66";"213.25";"0";"35.9915";"397.76";"519.07";"0";"0"
"E";"2021-08-14";"2021-08-15";"22.2254";"61.75";"0.59";"91";"24.42";"213.18";"0";"35.9915";"397.76";"519.07";"0";"0"
"E";"2021-08-13";"2021-08-14";"22.0122";"61.16";"0.45";"91";"24.19";"164.62";"1.9";"35.9915";"397.76";"519.07";"0";"0"
"E";"2021-08-12";"2021-08-13";"21.8495";"60.71";"0.44";"91";"24.01";"159.45";"0.5";"35.9915";"397.76";"519.07";"0";"0"
"E";"2021-08-11";"2021-08-12";"21.6906";"60.27";"0.35";"91";"23.84";"127.99";"0.5";"35.9915";"397.76";"519.07";"0";"0"
"E";"2021-08-10";"2021-08-11";"21.5631";"59.91";"0.46";"91";"23.7";"164.88";"0.5";"35.9915";"397.76";"519.07";"0";"0"
"E";"2021-08-09";"2021-08-10";"21.3987";"59.45";"0.41";"91";"23.52";"154.98";"8.2";"35.9915";"397.76";"519.07";"0";"0"
"E";"2021-08-08";"2021-08-09";"21.2519";"59.05";"0.43";"91";"23.35";"162.37";"8.5";"35.9915";"397.76";"519.07";"0";"0"
"E";"2021-08-07";"2021-08-08";"21.0981";"58.62";"0.43";"91";"23.18";"162.8";"8.5";"35.9915";"397.76";"519.07";"0";"0"
"E";"2021-08-06";"2021-08-07";"20.9438";"58.19";"0.43";"91";"23.02";"155.35";"0.5";"35.9915";"397.76";"519.07";"0";"0"
"E";"2021-08-05";"2021-08-06";"20.789";"57.76";"0.4";"91";"22.85";"150.11";"7.7";"35.9915";"397.76";"519.07";"0";"0"
"E";"2021-08-04";"2021-08-05";"20.6466";"57.37";"0.35";"91";"22.69";"139.62";"14.1";"35.9915";"397.76";"519.07";"0";"0"
"E";"2021-08-03";"2021-08-04";"20.5211";"57.02";"0.33";"91";"22.55";"127.66";"9.3";"35.9915";"397.76";"519.07";"0";"0"
"E";"2021-08-02";"2021-08-03";"20.4027";"56.69";"0.39";"91";"22.42";"147.36";"7.7";"35.9915";"397.76";"519.07";"0";"0"
"E";"2021-08-01";"2021-08-02";"20.2631";"56.3";"0.36";"91";"22.27";"141.39";"13.6";"35.9915";"397.76";"519.07";"0";"0"
"E";"2021-07-31";"2021-08-01";"20.1353";"55.94";"0.3";"91";"22.13";"144.48";"36.9";"35.9915";"397.76";"519.07";"0";"0"
"E";"2021-07-30";"2021-07-31";"20.0276";"55.65";"0.33";"91";"22.01";"157.27";"37.5";"35.9915";"397.76";"519.07";"0";"0"
"E";"2021-07-29";"2021-07-30";"19.9079";"55.31";"0.52";"91";"21.88";"198.9";"11.1";"35.9915";"397.76";"519.07";"0";"0"
"E";"2021-07-28";"2021-07-29";"19.7201";"54.79";"0.46";"91";"21.67";"177.16";"13";"35.9915";"397.76";"519.07";"0";"0"
"E";"2021-07-27";"2021-07-28";"19.556";"54.33";"0.48";"91";"21.49";"183.38";"11.4";"35.9915";"397.76";"519.07";"0";"0"
"E";"2021-07-26";"2021-07-27";"19.384";"53.86";"0.44";"91";"21.3";"166.52";"8.4";"35.9915";"397.76";"519.07";"0";"0"
"E";"2021-07-25";"2021-07-26";"19.2259";"53.42";"0.46";"91";"21.13";"172.87";"7.2";"35.9915";"397.76";"519.07";"0";"0"
"E";"2021-07-24";"2021-07-25";"19.0602";"52.96";"0.5";"91";"20.95";"186.93";"7.2";"35.9915";"397.76";"519.07";"0";"0"
"E";"2021-07-23";"2021-07-24";"18.8805";"52.46";"0.4";"91";"20.75";"147.82";"3.5";"35.9915";"397.76";"519.07";"0";"0"
"E";"2021-07-22";"2021-07-23";"18.7361";"52.06";"0.13";"91";"20.59";"104.17";"56.9";"35.9915";"397.76";"519.07";"0";"0"
"E";"2021-07-21";"2021-07-22";"18.6889";"51.93";"0.12";"91";"20.54";"97.31";"55.3";"35.9915";"397.76";"519.07";"0";"0"
"E";"2021-07-20";"2021-07-21";"18.6469";"51.81";"0.16";"91";"20.49";"106.88";"47.9";"35.9915";"397.76";"519.07";"0";"0"
"E";"2021-07-19";"2021-07-20";"18.5879";"51.65";"0.15";"91";"20.43";"101.59";"46";"35.9915";"397.76";"519.07";"0";"0"
"E";"2021-07-18";"2021-07-19";"18.5323";"51.49";"0.18";"91";"20.37";"105.1";"39.3";"35.9915";"397.76";"519.07";"0";"0"
"E";"2021-07-17";"2021-07-18";"18.4665";"51.31";"0.18";"91";"20.29";"103.35";"39.3";"35.9915";"397.76";"519.07";"0";"0"
"E";"2021-07-16";"2021-07-17";"18.4024";"51.13";"0.18";"91";"20.22";"101.91";"35.5";"35.9915";"397.76";"519.07";"0";"0"
"E";"2021-07-15";"2021-07-16";"18.3359";"50.95";"0.14";"91";"20.15";"101.9";"49.7";"35.9915";"397.76";"519.07";"0";"0"
"E";"2021-07-14";"2021-07-15";"18.2838";"50.8";"0.16";"91";"20.09";"100.04";"42.7";"35.9915";"397.76";"519.07";"0";"0"
"E";"2021-07-13";"2021-07-14";"18.2265";"50.64";"0.08";"91";"20.03";"103.79";"40.7";"35.9915";"397.76";"519.07";"0";"0"
"E";"2021-07-12";"2021-07-13";"18.1984";"50.56";"0.42";"91";"20";"166.14";"13.6";"35.9915";"397.76";"519.07";"0";"0"
"E";"2021-07-11";"2021-07-12";"18.0458";"50.14";"0.44";"91";"19.83";"171.17";"12.5";"35.9915";"397.76";"519.07";"0";"0"
"E";"2021-07-10";"2021-07-11";"17.8872";"49.7";"0.45";"91";"19.66";"173.1";"12.5";"35.9915";"397.76";"519.07";"0";"0"
"E";"2021-07-09";"2021-07-10";"17.7266";"49.25";"0.33";"91";"19.48";"142.38";"23.1";"35.9915";"397.76";"519.07";"0";"0"
"E";"2021-07-08";"2021-07-09";"17.6073";"48.92";"0.35";"91";"19.35";"141.23";"16.7";"35.9915";"397.76";"519.07";"0";"0"
"E";"2021-07-07";"2021-07-08";"17.4828";"48.57";"0.39";"91";"19.21";"144.84";"4.7";"35.9915";"397.76";"519.07";"0";"0"
"E";"2021-07-06";"2021-07-07";"17.3426";"48.19";"0.45";"91";"19.06";"161.93";"1.6";"35.9915";"397.76";"519.07";"0";"0"
"E";"2021-07-05";"2021-07-06";"17.1822";"47.74";"0.37";"91";"18.88";"133.47";"0.7";"35.9915";"397.76";"519.07";"0";"0"
"E";"2021-07-04";"2021-07-05";"17.0495";"47.37";"0.39";"91";"18.74";"139.89";"0";"35.9915";"397.76";"519.07";"0";"0"
"E";"2021-07-03";"2021-07-04";"16.9096";"46.98";"0.39";"91";"18.58";"141.05";"1.7";"35.9915";"397.76";"519.07";"0";"0"
"E";"2021-07-02";"2021-07-03";"16.7702";"46.59";"0.32";"91";"18.43";"142.22";"26.3";"35.9915";"397.76";"519.07";"0";"0"
"E";"2021-07-01";"2021-07-02";"16.6543";"46.27";"0.34";"91";"18.3";"124.48";"2.5";"35.9915";"397.76";"519.07";"0";"0"
"E";"2021-06-30";"2021-07-01";"16.5323";"45.93";"0.41";"91";"18.17";"147.63";"0.1";"35.9915";"397.76";"519.07";"0";"0"
"E";"2021-06-29";"2021-06-30";"16.3847";"45.52";"0.42";"91";"18.01";"156.93";"5.2";"35.9915";"397.76";"519.07";"0";"0"
"E";"2021-06-28";"2021-06-29";"16.233";"45.1";"0.47";"91";"17.84";"169.37";"0.1";"35.9915";"397.76";"519.07";"0";"0"
"E";"2021-06-27";"2021-06-28";"16.0638";"44.63";"0.38";"91";"17.65";"163.48";"28.2";"35.9915";"397.76";"519.07";"0";"0"
"E";"2021-06-26";"2021-06-27";"15.9285";"44.26";"0.38";"91";"17.5";"163.93";"28.2";"35.9915";"397.76";"519.07";"0";"0"
"E";"2021-06-25";"2021-06-26";"15.7927";"43.88";"0.35";"91";"17.35";"126.89";"0.3";"35.9915";"397.76";"519.07";"0";"0"
"E";"2021-06-24";"2021-06-25";"15.6661";"43.53";"0.29";"91";"17.22";"108.3";"4.8";"35.9915";"397.76";"519.07";"0";"0"
"E";"2021-06-23";"2021-06-24";"15.5626";"43.24";"0.34";"91";"17.1";"151.62";"28.2";"35.9915";"397.76";"519.07";"0";"0"
"E";"2021-06-22";"2021-06-23";"15.4392";"42.9";"0.42";"91";"16.97";"149.93";"0.3";"35.9915";"397.76";"519.07";"0";"0"
"E";"2021-06-21";"2021-06-22";"15.2896";"42.48";"0.39";"91";"16.8";"140.43";"0.8";"35.9915";"397.76";"519.07";"0";"0"
"E";"2021-06-20";"2021-06-21";"15.1499";"42.09";"0.46";"91";"16.65";"165.06";"0.3";"35.9915";"397.76";"519.07";"0";"0"
"E";"2021-06-19";"2021-06-20";"14.9851";"41.64";"0.45";"91";"16.47";"163.84";"0.3";"35.9915";"397.76";"519.07";"0";"0"
"E";"2021-06-18";"2021-06-19";"14.8216";"41.18";"0.47";"91";"16.29";"167.81";"0.3";"35.9915";"397.76";"519.07";"0";"0"
"E";"2021-06-17";"2021-06-18";"14.654";"40.72";"0.47";"91";"16.1";"168.47";"0.8";"35.9915";"397.76";"519.07";"0";"0"
"E";"2021-06-16";"2021-06-17";"14.4863";"40.25";"0.42";"91";"15.92";"153.45";"0.8";"35.9915";"397.76";"519.07";"0";"0"
"E";"2021-06-15";"2021-06-16";"14.3336";"39.83";"0.46";"91";"15.75";"165.04";"0.8";"35.9915";"397.76";"519.07";"0";"0"
"E";"2021-06-14";"2021-06-15";"14.1694";"39.37";"0.47";"91";"15.57";"168.37";"0.5";"35.9915";"397.76";"519.07";"0";"0"
"E";"2021-06-13";"2021-06-14";"14.0015";"38.9";"0.78";"91";"15.39";"181.56";"0";"35.9915";"397.76";"519.07";"0";"0"
"E";"2021-06-12";"2021-06-13";"13.72";"38.12";"0.52";"91";"15.08";"185.61";"0";"35.9915";"397.76";"519.07";"0";"0"
"E";"2021-06-11";"2021-06-12";"13.5343";"37.6";"0.47";"91";"14.87";"168.75";"0.5";"35.9915";"397.76";"519.07";"0";"0"
"E";"2021-06-10";"2021-06-11";"13.3661";"37.14";"0.49";"91";"14.69";"176.68";"1.4";"35.9915";"397.76";"519.07";"0";"0"
"E";"2021-06-09";"2021-06-10";"13.1908";"36.65";"0.36";"91";"14.5";"131.42";"1.9";"35.9915";"397.76";"519.07";"0";"0"
"E";"2021-06-08";"2021-06-09";"13.0614";"36.29";"0.38";"91";"14.35";"140.58";"2.2";"35.9915";"397.76";"519.07";"0";"0"
"E";"2021-06-07";"2021-06-08";"12.923";"35.91";"0.44";"91";"14.2";"159.91";"0.5";"35.9915";"397.76";"519.07";"0";"0"
"E";"2021-06-06";"2021-06-07";"12.7636";"35.46";"0.5";"91";"14.03";"179.34";"0";"35.9915";"397.76";"519.07";"0";"0"
"E";"2021-06-05";"2021-06-06";"12.5843";"34.96";"0.5";"91";"13.83";"178.91";"0.4";"35.9915";"397.76";"519.07";"0";"0"
"E";"2021-06-04";"2021-06-05";"12.4058";"34.47";"0.5";"91";"13.63";"178.7";"0.6";"35.9915";"397.76";"519.07";"0";"0"
"E";"2021-06-03";"2021-06-04";"12.2276";"33.97";"0.45";"91";"13.44";"161.46";"0.5";"35.9915";"397.76";"519.07";"0";"0"
"E";"2021-06-02";"2021-06-03";"12.0667";"33.53";"0.48";"91";"13.26";"175.11";"2.2";"35.9915";"397.76";"519.07";"0";"0"
"E";"2021-06-01";"2021-06-02";"11.8938";"33.05";"0.21";"91";"13.07";"78.96";"2.5";"35.9915";"397.76";"519.07";"0";"0"
"E";"2021-05-31";"2021-06-01";"11.8173";"32.83";"0.3";"91";"12.99";"108.14";"0.5";"35.9915";"397.76";"519.07";"0";"0"
"E";"2021-05-30";"2021-05-31";"11.7097";"32.53";"0.31";"91";"12.87";"110.91";"0.5";"35.9915";"397.76";"519.07";"0";"0"
"E";"2021-05-29";"2021-05-30";"11.5993";"32.23";"0.35";"91";"12.75";"126.22";"0.5";"35.9915";"397.76";"519.07";"0";"0"
"E";"2021-05-28";"2021-05-29";"11.4736";"31.88";"0.3";"91";"12.61";"127.93";"21.5";"35.9915";"397.76";"519.07";"0";"0"
"E";"2021-05-27";"2021-05-28";"11.3671";"31.58";"0.2";"91";"12.49";"94.25";"20.9";"35.9915";"397.76";"519.07";"0";"0"
"E";"2021-05-26";"2021-05-27";"11.2937";"31.38";"0.23";"91";"12.41";"103.03";"20";"35.9915";"397.76";"519.07";"0";"0"
"E";"2021-05-25";"2021-05-26";"11.2107";"31.15";"0.31";"91";"12.32";"129.02";"18.6";"35.9915";"397.76";"519.07";"0";"0"
"E";"2021-05-24";"2021-05-25";"11.1002";"30.84";"0.23";"91";"12.2";"81.76";"0";"35.9915";"397.76";"519.07";"0";"0"
"E";"2021-05-23";"2021-05-24";"11.0185";"30.61";"0.22";"91";"12.11";"78.52";"0.5";"35.9915";"397.76";"519.07";"0";"0"
"E";"2021-05-22";"2021-05-23";"10.9404";"30.4";"0.23";"91";"12.02";"84.29";"0.5";"35.9915";"397.76";"519.07";"0";"0"
"E";"2021-05-21";"2021-05-22";"10.8566";"30.16";"0.24";"91";"11.93";"88.44";"0.5";"35.9915";"397.76";"519.07";"0";"0"
"E";"2021-05-20";"2021-05-21";"10.7687";"29.92";"0.18";"91";"11.83";"71.01";"7";"35.9915";"397.76";"519.07";"0";"0"
"E";"2021-05-19";"2021-05-20";"10.7047";"29.74";"0.12";"91";"11.76";"50.46";"6.9";"35.9915";"397.76";"519.07";"0";"0"
"E";"2021-05-18";"2021-05-19";"10.6611";"29.62";"0.13";"91";"11.72";"48.32";"2.5";"35.9915";"397.76";"519.07";"0";"0"
"E";"2021-05-17";"2021-05-18";"10.6153";"29.49";"0.13";"91";"11.67";"51.36";"3.3";"35.9915";"397.76";"519.07";"0";"0"
"E";"2021-05-16";"2021-05-17";"10.5673";"29.36";"0.28";"91";"11.61";"101.63";"0.8";"35.9915";"397.76";"519.07";"0";"0"
"E";"2021-05-15";"2021-05-16";"10.4665";"29.08";"0.28";"91";"11.5";"103.04";"2.2";"35.9915";"397.76";"519.07";"0";"0"
"E";"2021-05-14";"2021-05-15";"10.3657";"28.8";"0.29";"91";"11.39";"104.42";"0.9";"35.9915";"397.76";"519.07";"0";"0"
"E";"2021-05-13";"2021-05-14";"10.2622";"28.51";"0.33";"91";"11.28";"120.73";"1.5";"35.9915";"397.76";"519.07";"0";"0"
"E";"2021-05-12";"2021-05-13";"10.1429";"28.18";"0.33";"91";"11.15";"119.7";"0";"35.9915";"397.76";"519.07";"0";"0"
"E";"2021-05-11";"2021-05-12";"10.0232";"27.85";"0.39";"91";"11.01";"140.93";"0";"35.9915";"397.76";"519.07";"0";"0"
"E";"2021-05-10";"2021-05-11";"9.8823";"27.46";"0.37";"91";"10.86";"132.6";"0.4";"35.9915";"397.76";"519.07";"0";"0"
"E";"2021-05-09";"2021-05-10";"9.7501";"27.09";"0.24";"91";"10.71";"88.49";"0.4";"35.9915";"397.76";"519.07";"0";"0"
"E";"2021-05-08";"2021-05-09";"9.662";"26.85";"0.21";"91";"10.62";"75.36";"0.4";"35.9915";"397.76";"519.07";"0";"0"
"E";"2021-05-07";"2021-05-08";"9.587";"26.64";"-0.06";"91";"10.54";"24.14";"46.9";"35.9915";"397.76";"519.07";"0";"0"
"E";"2021-05-06";"2021-05-07";"9.6098";"26.7";"0.03";"91";"10.56";"35.07";"24.5";"35.9915";"397.76";"519.07";"0";"0"
"E";"2021-05-05";"2021-05-06";"9.5992";"26.67";"0.1";"91";"10.55";"45.11";"9.4";"35.9915";"397.76";"519.07";"0";"0"
"E";"2021-05-04";"2021-05-05";"9.5635";"26.57";"0.18";"91";"10.51";"72.12";"6.6";"35.9915";"397.76";"519.07";"0";"0"
"E";"2021-05-03";"2021-05-04";"9.498";"26.39";"0.23";"91";"10.44";"86.56";"5.1";"35.9915";"397.76";"519.07";"0";"0"
"E";"2021-05-02";"2021-05-03";"9.4165";"26.16";"0.31";"91";"10.35";"114.78";"3.6";"35.9915";"397.76";"519.07";"0";"0"
"E";"2021-05-01";"2021-05-02";"9.3053";"25.85";"0.31";"91";"10.23";"117.08";"4.1";"35.9915";"397.76";"519.07";"0";"0"
"E";"2021-04-30";"2021-05-01";"9.1923";"25.54";"0.08";"91";"10.1";"63.9";"35.8";"35.9915";"397.76";"519.07";"0";"0"
"E";"2021-04-29";"2021-04-30";"9.1642";"25.46";"0.01";"91";"10.07";"37.85";"34.9";"35.9915";"397.76";"519.07";"0";"0"
"E";"2021-04-28";"2021-04-29";"9.1613";"25.45";"-0.04";"91";"10.07";"26.99";"40.7";"35.9915";"397.76";"519.07";"0";"0"
"E";"2021-04-27";"2021-04-28";"9.175";"25.49";"-0.08";"91";"10.08";"18.6";"48.1";"35.9915";"397.76";"519.07";"0";"0"
"E";"2021-04-26";"2021-04-27";"9.2045";"25.57";"-0.07";"91";"10.11";"16.77";"41.4";"35.9915";"397.76";"519.07";"0";"0"
"E";"2021-04-25";"2021-04-26";"9.229";"25.64";"0";"91";"10.14";"28.23";"27.4";"35.9915";"397.76";"519.07";"0";"0"
"E";"2021-04-24";"2021-04-25";"9.2282";"25.64";"0";"91";"10.14";"25.77";"26.8";"35.9915";"397.76";"519.07";"0";"0"
"E";"2021-04-23";"2021-04-24";"9.2293";"25.64";"-0.01";"91";"10.14";"6.81";"11.2";"35.9915";"397.76";"519.07";"0";"0"
"E";"2021-04-22";"2021-04-23";"9.2337";"25.66";"-0.02";"91";"10.15";"28.22";"36.2";"35.9915";"397.76";"519.07";"0";"0"
"E";"2021-04-21";"2021-04-22";"9.2416";"25.68";"0.01";"91";"10.16";"28.4";"23.3";"35.9915";"397.76";"519.07";"0";"0"
"E";"2021-04-20";"2021-04-21";"9.2365";"25.66";"-0.07";"91";"10.15";"0.49";"25.9";"35.9915";"397.76";"519.07";"0";"0"
"E";"2021-04-19";"2021-04-20";"9.2619";"25.73";"-0.05";"91";"10.18";"0.49";"19";"35.9915";"397.76";"519.07";"0";"0"
"E";"2021-04-18";"2021-04-19";"9.2804";"25.78";"-0.09";"91";"10.2";"0.79";"32.8";"35.9915";"397.76";"519.07";"0";"0"
"E";"2021-04-17";"2021-04-18";"9.3124";"25.87";"-0.16";"91";"10.23";"0.49";"59.7";"35.9915";"397.76";"519.07";"0";"0"
"E";"2021-04-16";"2021-04-17";"9.3716";"26.04";"-0.22";"91";"10.3";"0.48";"78.3";"35.9915";"397.76";"519.07";"0";"0"
"E";"2021-04-15";"2021-04-16";"9.4494";"26.25";"-0.25";"91";"10.38";"0.48";"90.2";"35.9915";"397.76";"519.07";"0";"0"
"E";"2021-04-14";"2021-04-15";"9.5391";"26.5";"-0.25";"91";"10.48";"0.48";"89.6";"35.9915";"397.76";"519.07";"0";"0"
"E";"2021-04-13";"2021-04-14";"9.6283";"26.75";"-0.3";"91";"10.58";"0.48";"109.8";"35.9915";"397.76";"519.07";"0";"0"
"E";"2021-04-12";"2021-04-13";"9.7376";"27.06";"-0.17";"91";"10.7";"0.78";"60.9";"35.9915";"397.76";"519.07";"0";"0"
"E";"2021-04-11";"2021-04-12";"9.7977";"27.22";"-0.02";"91";"10.77";"7.99";"15.9";"35.9915";"397.76";"519.07";"0";"0"
"E";"2021-04-10";"2021-04-11";"9.8056";"27.24";"-0.07";"91";"10.78";"0.78";"27.1";"35.9915";"397.76";"519.07";"0";"0"
"E";"2021-04-09";"2021-04-10";"9.832";"27.32";"-0.19";"91";"10.8";"0.49";"67.8";"35.9915";"397.76";"519.07";"0";"0"
"E";"2021-04-08";"2021-04-09";"9.8993";"27.5";"-0.22";"91";"10.88";"0.48";"80.8";"35.9915";"397.76";"519.07";"0";"0"
"E";"2021-04-07";"2021-04-08";"9.9797";"27.73";"-0.37";"91";"10.97";"0.49";"132.4";"35.9915";"397.76";"519.07";"0";"0"
"E";"2021-04-06";"2021-04-07";"10.1116";"28.09";"-0.17";"91";"11.11";"7.09";"66.9";"35.9915";"397.76";"519.07";"0";"0"
"E";"2021-04-05";"2021-04-06";"10.1714";"28.26";"-0.06";"91";"11.18";"11.07";"32.2";"35.9915";"397.76";"519.07";"0";"0"
"E";"2021-04-04";"2021-04-05";"10.1925";"28.32";"-0.06";"91";"11.2";"10.25";"33.4";"35.9915";"397.76";"519.07";"0";"0"
"E";"2021-04-03";"2021-04-04";"10.2157";"28.38";"-0.05";"91";"11.23";"16.45";"33.6";"35.9915";"397.76";"519.07";"0";"0"
"E";"2021-04-02";"2021-04-03";"10.2329";"28.43";"0.06";"91";"11.24";"29.44";"7.1";"35.9915";"397.76";"519.07";"0";"0"
"E";"2021-04-01";"2021-04-02";"10.2106";"28.37";"0.12";"91";"11.22";"48.04";"5";"35.9915";"397.76";"519.07";"0";"0"
"E";"2021-03-31";"2021-04-01";"10.1675";"28.25";"0";"91";"11.17";"60.34";"59.6";"35.9915";"397.76";"519.07";"0";"0"
"E";"2021-03-30";"2021-03-31";"10.1667";"28.25";"-0.01";"91";"11.17";"63.92";"66.9";"35.9915";"397.76";"519.07";"0";"0"
"E";"2021-03-29";"2021-03-30";"10.1698";"28.26";"-0.11";"91";"11.18";"27.51";"66.3";"35.9915";"397.76";"519.07";"0";"0"
"E";"2021-03-28";"2021-03-29";"10.2085";"28.36";"0";"91";"11.22";"32.63";"31.6";"35.9915";"397.76";"519.07";"0";"0"
"E";"2021-03-27";"2021-03-28";"10.2075";"28.36";"0.03";"91";"11.22";"34.52";"20.9";"35.9915";"397.76";"519.07";"0";"0"
"E";"2021-03-26";"2021-03-27";"10.1966";"28.33";"-0.1";"91";"11.21";"26.61";"62.4";"35.9915";"397.76";"519.07";"0";"0"
"E";"2021-03-25";"2021-03-26";"10.2324";"28.43";"-0.15";"91";"11.24";"12.21";"66.3";"35.9915";"397.76";"519.07";"0";"0"
"E";"2021-03-24";"2021-03-25";"10.2864";"28.58";"-0.26";"91";"11.3";"0";"94.4";"35.9915";"397.76";"519.07";"0";"0"
"E";"2021-03-23";"2021-03-24";"10.3808";"28.84";"-0.3";"91";"11.41";"0";"107.1";"35.9915";"397.76";"519.07";"0";"0"
"E";"2021-03-22";"2021-03-23";"10.4879";"29.14";"-0.27";"91";"11.53";"0";"97.4";"35.9915";"397.76";"519.07";"0";"0"
"E";"2021-03-21";"2021-03-22";"10.5853";"29.41";"-0.31";"91";"11.63";"0.44";"112.7";"35.9915";"397.76";"519.07";"0";"0"
"E";"2021-03-20";"2021-03-21";"10.6976";"29.72";"-0.3";"91";"11.76";"0.72";"109.2";"35.9915";"397.76";"519.07";"0";"0"
"E";"2021-03-19";"2021-03-20";"10.8061";"30.02";"-0.36";"91";"11.87";"1.76";"129.7";"35.9915";"397.76";"519.07";"0";"0"
"E";"2021-03-18";"2021-03-19";"10.934";"30.38";"-0.38";"91";"12.02";"0";"137.6";"35.9915";"397.76";"519.07";"0";"0"
"E";"2021-03-17";"2021-03-18";"11.0716";"30.76";"-0.23";"91";"12.17";"0";"81.3";"35.9915";"397.76";"519.07";"0";"0"
"E";"2021-03-16";"2021-03-17";"11.1529";"30.99";"-0.25";"91";"12.26";"0";"91.3";"35.9915";"397.76";"519.07";"0";"0"
"E";"2021-03-15";"2021-03-16";"11.2441";"31.24";"-0.22";"91";"12.36";"4.81";"82.2";"35.9915";"397.76";"519.07";"0";"0"
"E";"2021-03-14";"2021-03-15";"11.3215";"31.46";"-0.1";"91";"12.44";"11.4";"47.9";"35.9915";"397.76";"519.07";"0";"0"
"E";"2021-03-13";"2021-03-14";"11.358";"31.56";"-0.11";"91";"12.48";"11.25";"49.2";"35.9915";"397.76";"519.07";"0";"0"
"E";"2021-03-12";"2021-03-13";"11.3959";"31.66";"-0.24";"91";"12.52";"2.56";"90.3";"35.9915";"397.76";"519.07";"0";"0"
"E";"2021-03-11";"2021-03-12";"11.4837";"31.91";"-0.25";"91";"12.62";"0";"88.5";"35.9915";"397.76";"519.07";"0";"0"
"E";"2021-03-10";"2021-03-11";"11.5722";"32.15";"-0.35";"91";"12.72";"0";"127";"35.9915";"397.76";"519.07";"0";"0"
"E";"2021-03-09";"2021-03-10";"11.6992";"32.51";"-0.5";"91";"12.86";"0";"181.2";"35.9915";"397.76";"519.07";"0";"0"
"E";"2021-03-08";"2021-03-09";"11.8804";"33.01";"-0.36";"91";"13.06";"0.44";"130";"35.9915";"397.76";"519.07";"0";"0"
"E";"2021-03-07";"2021-03-08";"12.0099";"33.37";"-0.26";"91";"13.2";"0.29";"93.6";"35.9915";"397.76";"519.07";"0";"0"
"E";"2021-03-06";"2021-03-07";"12.1032";"33.63";"-0.3";"91";"13.3";"0";"106.3";"35.9915";"397.76";"519.07";"0";"0"
"E";"2021-03-05";"2021-03-06";"12.2096";"33.92";"-0.42";"91";"13.42";"0";"149.8";"35.9915";"397.76";"519.07";"0";"0"
"E";"2021-03-04";"2021-03-05";"12.3593";"34.34";"-0.22";"91";"13.58";"0.44";"81.1";"35.9915";"397.76";"519.07";"0";"0"
"E";"2021-03-03";"2021-03-04";"12.44";"34.56";"-0.15";"91";"13.67";"0.44";"54.4";"35.9915";"397.76";"519.07";"0";"0"
"E";"2021-03-02";"2021-03-03";"12.494";"34.71";"-0.24";"91";"13.73";"0.44";"87.4";"35.9915";"397.76";"519.07";"0";"0"
"E";"2021-03-01";"2021-03-02";"12.5809";"34.96";"-0.21";"91";"13.83";"0.44";"74.7";"35.9915";"397.76";"519.07";"0";"0"
"E";"2021-02-28";"2021-03-01";"12.6551";"35.16";"-0.28";"91";"13.91";"1.57";"101.5";"35.9915";"397.76";"519.07";"0";"0"
"E";"2021-02-27";"2021-02-28";"12.755";"35.44";"-0.24";"91";"14.02";"1.15";"87.3";"35.9915";"397.76";"519.07";"0";"0"
"E";"2021-02-26";"2021-02-27";"12.8412";"35.68";"-0.28";"91";"14.11";"4.55";"105.1";"35.9915";"397.76";"519.07";"0";"0"
"E";"2021-02-25";"2021-02-26";"12.9418";"35.96";"-0.19";"91";"14.22";"7";"76.8";"35.9915";"397.76";"519.07";"0";"0"
"E";"2021-02-24";"2021-02-25";"13.0116";"36.15";"-0.25";"91";"14.3";"2.18";"90.7";"35.9915";"397.76";"519.07";"0";"0"
"E";"2021-02-23";"2021-02-24";"13.1001";"36.4";"-0.24";"91";"14.4";"4.21";"92";"35.9915";"397.76";"519.07";"0";"0"
"E";"2021-02-22";"2021-02-23";"13.1879";"36.64";"-0.29";"91";"14.49";"9.6";"115.5";"35.9915";"397.76";"519.07";"0";"0"
"E";"2021-02-21";"2021-02-22";"13.2938";"36.94";"-0.2";"91";"14.61";"15.45";"86.1";"35.9915";"397.76";"519.07";"0";"0"
"E";"2021-02-20";"2021-02-21";"13.3644";"37.13";"-0.19";"91";"14.69";"15.45";"84";"35.9915";"397.76";"519.07";"0";"0"
"E";"2021-02-19";"2021-02-20";"13.433";"37.32";"-0.35";"91";"14.76";"2.12";"126.3";"35.9915";"397.76";"519.07";"0";"0"
"E";"2021-02-18";"2021-02-19";"13.5572";"37.67";"-0.47";"91";"14.9";"0";"170.4";"35.9915";"397.76";"519.07";"0";"0"
"E";"2021-02-17";"2021-02-18";"13.7276";"38.14";"-0.55";"91";"15.09";"0";"199.3";"35.9915";"397.76";"519.07";"0";"0"
"E";"2021-02-16";"2021-02-17";"13.9269";"38.69";"-0.71";"91";"15.3";"0";"254.9";"35.9915";"397.76";"519.07";"0";"0"
"E";"2021-02-15";"2021-02-16";"14.1818";"39.4";"-0.85";"91";"15.58";"0";"304.5";"35.9915";"397.76";"519.07";"0";"0"
"E";"2021-02-14";"2021-02-15";"14.4863";"40.25";"-0.83";"91";"15.92";"0";"297.2";"35.9915";"397.76";"519.07";"0";"0"
"E";"2021-02-13";"2021-02-14";"14.7861";"41.08";"-0.8";"91";"16.25";"0";"287.7";"35.9915";"397.76";"519.07";"0";"0"
"E";"2021-02-12";"2021-02-13";"15.0738";"41.88";"-0.91";"91";"16.56";"0";"329.4";"35.9915";"397.76";"519.07";"0";"0"
"E";"2021-02-11";"2021-02-12";"15.403";"42.8";"-0.87";"91";"16.93";"0";"312.2";"35.9915";"397.76";"519.07";"0";"0"
"E";"2021-02-10";"2021-02-11";"15.7152";"43.66";"-0.96";"91";"17.27";"0";"343.9";"35.9915";"397.76";"519.07";"0";"0"
"E";"2021-02-09";"2021-02-10";"16.0591";"44.62";"-0.81";"91";"17.65";"0";"291.5";"35.9915";"397.76";"519.07";"0";"0"
"E";"2021-02-08";"2021-02-09";"16.3506";"45.43";"-0.74";"91";"17.97";"0";"268.1";"35.9915";"397.76";"519.07";"0";"0"
"E";"2021-02-07";"2021-02-08";"16.6187";"46.17";"-0.57";"91";"18.26";"0";"206.6";"35.9915";"397.76";"519.07";"0";"0"
"E";"2021-02-06";"2021-02-07";"16.8253";"46.75";"-0.51";"91";"18.49";"0";"182.8";"35.9915";"397.76";"519.07";"0";"0"
"E";"2021-02-05";"2021-02-06";"17.0082";"47.26";"-0.72";"91";"18.69";"0";"257.5";"35.9915";"397.76";"519.07";"0";"0"
"E";"2021-02-04";"2021-02-05";"17.2657";"47.97";"-0.66";"91";"18.97";"0";"235.8";"35.9915";"397.76";"519.07";"0";"0"
"E";"2021-02-03";"2021-02-04";"17.5015";"48.63";"-0.62";"91";"19.23";"0";"223.1";"35.9915";"397.76";"519.07";"0";"0"
"E";"2021-02-02";"2021-02-03";"17.7245";"49.25";"-0.76";"91";"19.48";"0";"273.5";"35.9915";"397.76";"519.07";"0";"0"
"E";"2021-02-01";"2021-02-02";"17.998";"50.01";"-0.73";"91";"19.78";"0";"263.4";"35.9915";"397.76";"519.07";"0";"0"
"E";"2021-01-31";"2021-02-01";"18.2614";"50.74";"-0.73";"91";"20.07";"0";"263";"35.9915";"397.76";"519.07";"0";"0"
"E";"2021-01-30";"2021-01-31";"18.5244";"51.47";"-0.7";"91";"20.36";"0";"250.8";"35.9915";"397.76";"519.07";"0";"0"
"E";"2021-01-29";"2021-01-30";"18.7751";"52.17";"-0.69";"91";"20.63";"0";"248";"35.9915";"397.76";"519.07";"0";"0"
"E";"2021-01-28";"2021-01-29";"19.0231";"52.85";"-0.83";"91";"20.9";"0";"298.9";"35.9915";"397.76";"519.07";"0";"0"
"E";"2021-01-27";"2021-01-28";"19.322";"53.69";"-0.63";"91";"21.23";"0";"227.3";"35.9915";"397.76";"519.07";"0";"0"
"E";"2021-01-26";"2021-01-27";"19.5494";"54.32";"-0.75";"91";"21.48";"0";"270.7";"35.9915";"397.76";"519.07";"0";"0"
"E";"2021-01-25";"2021-01-26";"19.8201";"55.07";"-0.55";"91";"21.78";"1.62";"200";"35.9915";"397.76";"519.07";"0";"0"
"E";"2021-01-24";"2021-01-25";"20.0185";"55.62";"-0.46";"91";"22";"0";"165.4";"35.9915";"397.76";"519.07";"0";"0"
"E";"2021-01-23";"2021-01-24";"20.1839";"56.08";"-0.41";"91";"22.18";"0.44";"148.6";"35.9915";"397.76";"519.07";"0";"0"
"E";"2021-01-22";"2021-01-23";"20.3321";"56.49";"-0.47";"91";"22.34";"0.44";"168";"35.9915";"397.76";"519.07";"0";"0"
"E";"2021-01-21";"2021-01-22";"20.4996";"56.96";"-0.59";"91";"22.53";"0";"211.4";"35.9915";"397.76";"519.07";"0";"0"
"E";"2021-01-20";"2021-01-21";"20.711";"57.54";"-0.63";"91";"22.76";"0";"225.4";"35.9915";"397.76";"519.07";"0";"0"
"E";"2021-01-19";"2021-01-20";"20.9364";"58.17";"-0.7";"91";"23.01";"0";"251.7";"35.9915";"397.76";"519.07";"0";"0"
"E";"2021-01-18";"2021-01-19";"21.1881";"58.87";"-0.7";"91";"23.28";"0";"251.3";"35.9915";"397.76";"519.07";"0";"0"
"E";"2021-01-17";"2021-01-18";"21.4394";"59.57";"-0.71";"91";"23.56";"0";"256.1";"35.9915";"397.76";"519.07";"0";"0"
"E";"2021-01-16";"2021-01-17";"21.6955";"60.28";"-0.69";"91";"23.84";"0";"248.3";"35.9915";"397.76";"519.07";"0";"0"
"E";"2021-01-15";"2021-01-16";"21.9439";"60.97";"-0.7";"91";"24.11";"0";"251.5";"35.9915";"397.76";"519.07";"0";"0"
"E";"2021-01-14";"2021-01-15";"22.1953";"61.67";"-0.74";"91";"24.39";"0";"266.6";"35.9915";"397.76";"519.07";"0";"0"
"E";"2021-01-13";"2021-01-14";"22.4619";"62.41";"-0.79";"91";"24.68";"8.61";"294";"35.9915";"397.76";"519.07";"0";"0"
"E";"2021-01-12";"2021-01-13";"22.7473";"63.2";"-0.62";"91";"25";"7.2";"231.2";"35.9915";"397.76";"519.07";"0";"0"
"E";"2021-01-11";"2021-01-12";"22.9713";"63.82";"-0.64";"91";"25.24";"0";"228.9";"35.9915";"397.76";"519.07";"0";"0"
"E";"2021-01-10";"2021-01-11";"23.2001";"64.46";"-0.5";"91";"25.49";"9.8";"188.1";"35.9915";"397.76";"519.07";"0";"0"
"E";"2021-01-09";"2021-01-10";"23.3784";"64.96";"-0.51";"91";"25.69";"7.68";"192.1";"35.9915";"397.76";"519.07";"0";"0"
"E";"2021-01-08";"2021-01-09";"23.5628";"65.47";"-0.63";"91";"25.89";"7.2";"232.1";"35.9915";"397.76";"519.07";"0";"0"
"E";"2021-01-07";"2021-01-08";"23.7878";"66.09";"-0.62";"91";"26.14";"0.72";"224.4";"35.9915";"397.76";"519.07";"0";"0"
"E";"2021-01-06";"2021-01-07";"24.0115";"66.71";"-0.64";"91";"26.39";"0";"228.9";"35.9915";"397.76";"519.07";"0";"0"
"E";"2021-01-05";"2021-01-06";"24.2404";"67.35";"-0.49";"91";"26.64";"0";"175.9";"35.9915";"397.76";"519.07";"0";"0"
"E";"2021-01-04";"2021-01-05";"24.4163";"67.84";"-0.53";"91";"26.83";"5.18";"197.5";"35.9915";"397.76";"519.07";"0";"0"
"E";"2021-01-03";"2021-01-04";"24.6086";"68.37";"-0.45";"91";"27.04";"3.84";"166.9";"35.9915";"397.76";"519.07";"0";"0"
"E";"2021-01-02";"2021-01-03";"24.7717";"68.83";"-0.48";"91";"27.22";"4.28";"177.8";"35.9915";"397.76";"519.07";"0";"0"
"E";"2021-01-01";"2021-01-02";"24.9452";"69.31";"0";"91";"27.41";"4.28";"166.3";"35.9915";"397.76";"519.07";"0";"0"
"E";"2020-12-31";"2021-01-01";"25.1072";"69.76";"-0.62";"85";"29.54";"1.61";"223.8";"35.9915";"397.76";"519.07";"0";"0"
"E";"2020-12-30";"2020-12-31";"25.3294";"70.38";"-0.66";"85";"29.8";"0.44";"237.7";"35.9915";"397.76";"519.07";"0";"0"
"E";"2020-12-29";"2020-12-30";"25.5667";"71.04";"-0.61";"85";"30.08";"0.44";"218.4";"35.9915";"397.76";"519.07";"0";"0"
"E";"2020-12-28";"2020-12-29";"25.7847";"71.64";"-0.62";"85";"30.33";"0.44";"223.3";"35.9915";"397.76";"519.07";"0";"0"
"E";"2020-12-27";"2020-12-28";"26.0076";"72.26";"-0.56";"85";"30.6";"7.05";"209.6";"35.9915";"397.76";"519.07";"0";"0"
"E";"2020-12-26";"2020-12-27";"26.2101";"72.82";"-0.46";"85";"30.84";"7.68";"172.2";"35.9915";"397.76";"519.07";"0";"0"
"E";"2020-12-25";"2020-12-26";"26.3746";"73.28";"-0.44";"85";"31.03";"11.48";"168";"35.9915";"397.76";"519.07";"0";"0"
"E";"2020-12-24";"2020-12-25";"26.5312";"73.72";"-0.37";"85";"31.21";"10.87";"144.1";"35.9915";"397.76";"519.07";"0";"0"
"E";"2020-12-23";"2020-12-24";"26.6644";"74.09";"-0.44";"85";"31.37";"7.06";"165.8";"35.9915";"397.76";"519.07";"0";"0"
"E";"2020-12-22";"2020-12-23";"26.8232";"74.53";"-0.51";"85";"31.56";"10.87";"194.8";"35.9915";"397.76";"519.07";"0";"0"
"E";"2020-12-21";"2020-12-22";"27.0071";"75.04";"-0.54";"85";"31.77";"9.86";"205.7";"35.9915";"397.76";"519.07";"0";"0"
"E";"2020-12-20";"2020-12-21";"27.203";"75.58";"-0.6";"85";"32";"10.09";"227";"35.9915";"397.76";"519.07";"0";"0"
"E";"2020-12-19";"2020-12-20";"27.4199";"76.18";"-0.6";"85";"32.26";"10.32";"226";"35.9915";"397.76";"519.07";"0";"0"
"E";"2020-12-18";"2020-12-19";"27.6356";"76.78";"-0.64";"85";"32.51";"0";"229.5";"35.9915";"397.76";"519.07";"0";"0"
"E";"2020-12-17";"2020-12-18";"27.8651";"77.42";"-0.61";"85";"32.78";"0.8";"220.1";"35.9915";"397.76";"519.07";"0";"0"
"E";"2020-12-16";"2020-12-17";"28.0832";"78.03";"-0.64";"85";"33.04";"4.16";"233.9";"35.9915";"397.76";"519.07";"0";"0"
"E";"2020-12-15";"2020-12-16";"28.3129";"78.67";"-0.64";"85";"33.31";"1";"230.9";"35.9915";"397.76";"519.07";"0";"0"
"E";"2020-12-14";"2020-12-15";"28.5428";"79.3";"-0.63";"85";"33.58";"1.43";"228.1";"35.9915";"397.76";"519.07";"0";"0"
"E";"2020-12-13";"2020-12-14";"28.7696";"79.93";"-0.54";"85";"33.85";"0";"193.5";"35.9915";"397.76";"519.07";"0";"0"
"E";"2020-12-12";"2020-12-13";"28.963";"80.47";"-0.55";"85";"34.07";"0";"197.2";"35.9915";"397.76";"519.07";"0";"0"
"E";"2020-12-11";"2020-12-12";"29.1602";"81.02";"-0.66";"85";"34.31";"0";"238.5";"35.9915";"397.76";"519.07";"0";"0"
"E";"2020-12-10";"2020-12-11";"29.3987";"81.68";"-0.7";"85";"34.59";"0";"251.9";"35.9915";"397.76";"519.07";"0";"0"
"E";"2020-12-09";"2020-12-10";"29.6506";"82.38";"-0.63";"85";"34.88";"1.81";"227.3";"35.9915";"397.76";"519.07";"0";"0"
"E";"2020-12-08";"2020-12-09";"29.8761";"83.01";"-0.55";"85";"35.15";"1.5";"199.2";"35.9915";"397.76";"519.07";"0";"0"
"E";"2020-12-07";"2020-12-08";"30.0738";"83.56";"-0.53";"85";"35.38";"5.02";"195.8";"35.9915";"397.76";"519.07";"0";"0"
"E";"2020-12-06";"2020-12-07";"30.2646";"84.09";"-0.54";"85";"35.61";"11.59";"204.7";"35.9915";"397.76";"519.07";"0";"0"
"E";"2020-12-05";"2020-12-06";"30.4578";"84.62";"-0.55";"85";"35.83";"10.26";"207.8";"35.9915";"397.76";"519.07";"0";"0"
"E";"2020-12-04";"2020-12-05";"30.6554";"85.17";"-0.59";"85";"36.07";"0.44";"213.8";"35.9915";"397.76";"519.07";"0";"0"
"E";"2020-12-03";"2020-12-04";"30.8687";"85.77";"-0.69";"85";"36.32";"0";"249.3";"35.9915";"397.76";"519.07";"0";"0"
"E";"2020-12-02";"2020-12-03";"31.118";"86.46";"-0.69";"85";"36.61";"0";"248.6";"35.9915";"397.76";"519.07";"0";"0"
"E";"2020-12-01";"2020-12-02";"31.3666";"87.15";"-0.64";"85";"36.9";"0";"224.7";"35.9915";"397.76";"519.07";"0";"0"
"E";"2020-11-30";"2020-12-01";"31.5964";"87.79";"-0.59";"85";"37.17";"1.56";"210.2";"35.9915";"397.76";"519.07";"0";"0"
"E";"2020-11-29";"2020-11-30";"31.8071";"88.37";"-0.53";"85";"37.42";"1.56";"193.4";"35.9915";"397.76";"519.07";"0";"0"
"E";"2020-11-28";"2020-11-29";"31.9989";"88.91";"-0.5";"85";"37.65";"1.56";"182.2";"35.9915";"397.76";"519.07";"0";"0"
"E";"2020-11-27";"2020-11-28";"32.1796";"89.41";"-0.48";"85";"37.86";"1.56";"173.3";"35.9915";"397.76";"519.07";"0";"0"
"E";"2020-11-26";"2020-11-27";"32.3514";"89.89";"-0.49";"85";"38.06";"0";"177.6";"35.9915";"397.76";"519.07";"0";"0"
"E";"2020-11-25";"2020-11-26";"32.5289";"90.38";"-0.48";"85";"38.27";"0";"174";"35.9915";"397.76";"519.07";"0";"0"
"E";"2020-11-24";"2020-11-25";"32.7029";"90.86";"-0.51";"85";"38.47";"0";"182.6";"35.9915";"397.76";"519.07";"0";"0"
"E";"2020-11-23";"2020-11-24";"32.8855";"91.37";"-0.39";"85";"38.69";"0";"140.2";"35.9915";"397.76";"519.07";"0";"0"
"E";"2020-11-22";"2020-11-23";"33.0256";"91.76";"-0.32";"85";"38.85";"1.56";"116.9";"35.9915";"397.76";"519.07";"0";"0"
"E";"2020-11-21";"2020-11-22";"33.141";"92.08";"-0.34";"85";"38.99";"1.56";"124";"35.9915";"397.76";"519.07";"0";"0"
"E";"2020-11-20";"2020-11-21";"33.2634";"92.42";"-0.36";"85";"39.13";"2.77";"132.2";"35.9915";"397.76";"519.07";"0";"0"
"E";"2020-11-19";"2020-11-20";"33.3929";"92.78";"-0.3";"85";"39.29";"2.77";"111.2";"35.9915";"397.76";"519.07";"0";"0"
"E";"2020-11-18";"2020-11-19";"33.5013";"93.08";"-0.3";"85";"39.41";"1.77";"109";"35.9915";"397.76";"519.07";"0";"0"
"E";"2020-11-17";"2020-11-18";"33.6085";"93.38";"-0.25";"85";"39.54";"2";"92.3";"35.9915";"397.76";"519.07";"0";"0"
"E";"2020-11-16";"2020-11-17";"33.6987";"93.63";"-0.17";"85";"39.65";"2";"64.3";"35.9915";"397.76";"519.07";"0";"0"
"E";"2020-11-15";"2020-11-16";"33.761";"93.8";"-0.09";"85";"39.72";"5.6";"36.3";"35.9915";"397.76";"519.07";"0";"0"
"E";"2020-11-14";"2020-11-15";"33.7917";"93.89";"-0.08";"85";"39.75";"6.34";"35.3";"35.9915";"397.76";"519.07";"0";"0"
"E";"2020-11-13";"2020-11-14";"33.8207";"93.97";"-0.36";"85";"39.79";"1.56";"130";"35.9915";"397.76";"519.07";"0";"0"
"E";"2020-11-12";"2020-11-13";"33.9492";"94.33";"-0.37";"85";"39.94";"1.56";"135.8";"35.9915";"397.76";"519.07";"0";"0"
"E";"2020-11-11";"2020-11-12";"34.0834";"94.7";"-0.37";"85";"40.1";"1.56";"136.1";"35.9915";"397.76";"519.07";"0";"0"
"E";"2020-11-10";"2020-11-11";"34.2179";"95.07";"-0.3";"85";"40.26";"1.56";"109.7";"35.9915";"397.76";"519.07";"0";"0"
"E";"2020-11-09";"2020-11-10";"34.3261";"95.37";"-0.23";"85";"40.38";"1.56";"85.6";"35.9915";"397.76";"519.07";"0";"0"
"E";"2020-11-08";"2020-11-09";"34.4101";"95.61";"-0.15";"85";"40.48";"2";"55.9";"35.9915";"397.76";"519.07";"0";"0"
"E";"2020-11-07";"2020-11-08";"34.464";"95.76";"-0.21";"85";"40.55";"2.41";"79.6";"35.9915";"397.76";"519.07";"0";"0"
"E";"2020-11-06";"2020-11-07";"34.5412";"95.97";"-0.19";"85";"40.64";"1.99";"69.7";"35.9915";"397.76";"519.07";"0";"0"
"E";"2020-11-05";"2020-11-06";"34.6089";"96.16";"-0.29";"85";"40.72";"3.99";"106.7";"35.9915";"397.76";"519.07";"0";"0"
"E";"2020-11-04";"2020-11-05";"34.7116";"96.44";"-0.16";"85";"40.84";"4.03";"62.8";"35.9915";"397.76";"519.07";"0";"0"
"E";"2020-11-03";"2020-11-04";"34.7704";"96.61";"0.01";"85";"40.91";"15.87";"12";"35.9915";"397.76";"519.07";"0";"0"
"E";"2020-11-02";"2020-11-03";"34.7665";"96.6";"-0.07";"85";"40.9";"16.34";"41.2";"35.9915";"397.76";"519.07";"0";"0"
"E";"2020-11-01";"2020-11-02";"34.7914";"96.67";"-0.15";"85";"40.93";"12.3";"67.8";"35.9915";"397.76";"519.07";"0";"0"
"E";"2020-10-31";"2020-11-01";"34.8468";"96.82";"0";"85";"41";"10.21";"10.8";"35.9915";"397.76";"519.07";"0";"0"
"E";"2020-10-30";"2020-10-31";"34.8475";"96.82";"-0.2";"85";"41";"0.87";"72.7";"35.9915";"397.76";"519.07";"0";"0"
"E";"2020-10-29";"2020-10-30";"34.9193";"97.02";"-0.29";"85";"41.08";"0.43";"103.1";"35.9915";"397.76";"519.07";"0";"0"
"E";"2020-10-28";"2020-10-29";"35.022";"97.31";"-0.06";"85";"41.2";"11.67";"35";"35.9915";"397.76";"519.07";"0";"0"
"E";"2020-10-27";"2020-10-28";"35.0453";"97.37";"-0.11";"85";"41.23";"12.94";"52";"35.9915";"397.76";"519.07";"0";"0"
"E";"2020-10-26";"2020-10-27";"35.0844";"97.48";"-0.08";"85";"41.28";"15.53";"44.5";"35.9915";"397.76";"519.07";"0";"0"
"E";"2020-10-25";"2020-10-26";"35.1133";"97.56";"-0.01";"85";"41.31";"14.94";"17.7";"35.9915";"397.76";"519.07";"0";"0"
"E";"2020-10-24";"2020-10-25";"35.1161";"97.57";"0.01";"85";"41.31";"16.27";"11.2";"35.9915";"397.76";"519.07";"0";"0"
"E";"2020-10-23";"2020-10-24";"35.111";"97.55";"-0.04";"85";"41.31";"13.37";"27.8";"35.9915";"397.76";"519.07";"0";"0"
"E";"2020-10-22";"2020-10-23";"35.1255";"97.59";"-0.04";"85";"41.32";"12.5";"25.3";"35.9915";"397.76";"519.07";"0";"0"
"E";"2020-10-21";"2020-10-22";"35.1383";"97.63";"-0.02";"85";"41.34";"12.93";"19.3";"35.9915";"397.76";"519.07";"0";"0"
"E";"2020-10-20";"2020-10-21";"35.1447";"97.65";"-0.05";"85";"41.35";"12.93";"31.7";"35.9915";"397.76";"519.07";"0";"0"
"E";"2020-10-19";"2020-10-20";"35.1635";"97.7";"-0.08";"85";"41.37";"6.17";"34.1";"35.9915";"397.76";"519.07";"0";"0"
"E";"2020-10-18";"2020-10-19";"35.1914";"97.78";"-0.09";"85";"41.4";"1.08";"32.7";"35.9915";"397.76";"519.07";"0";"0"
"E";"2020-10-17";"2020-10-18";"35.2231";"97.87";"-0.09";"85";"41.44";"0.43";"32.3";"35.9915";"397.76";"519.07";"0";"0"
"E";"2020-10-16";"2020-10-17";"35.255";"97.95";"-0.11";"85";"41.48";"0.34";"38.9";"35.9915";"397.76";"519.07";"0";"0"
"E";"2020-10-15";"2020-10-16";"35.2935";"98.06";"-0.06";"85";"41.52";"12.52";"34.7";"35.9915";"397.76";"519.07";"0";"0"
"E";"2020-10-14";"2020-10-15";"35.3157";"98.12";"-0.05";"85";"41.55";"12.52";"30.8";"35.9915";"397.76";"519.07";"0";"0"
"E";"2020-10-13";"2020-10-14";"35.334";"98.17";"-0.04";"85";"41.57";"13.11";"27.5";"35.9915";"397.76";"519.07";"0";"0"
"E";"2020-10-12";"2020-10-13";"35.3484";"98.21";"-0.03";"85";"41.59";"12.5";"24.9";"35.9915";"397.76";"519.07";"0";"0"
"E";"2020-10-11";"2020-10-12";"35.3608";"98.25";"0.04";"85";"41.6";"20.17";"7.5";"35.9915";"397.76";"519.07";"0";"0"
"E";"2020-10-10";"2020-10-11";"35.3481";"98.21";"0.06";"85";"41.59";"28.02";"4.8";"35.9915";"397.76";"519.07";"0";"0"
"E";"2020-10-09";"2020-10-10";"35.3249";"98.15";"0";"85";"41.56";"5.44";"4";"35.9915";"397.76";"519.07";"0";"0"
"E";"2020-10-08";"2020-10-09";"35.3235";"98.14";"-0.01";"85";"41.56";"5";"7.4";"35.9915";"397.76";"519.07";"0";"0"
"E";"2020-10-07";"2020-10-08";"35.3259";"98.15";"0.01";"85";"41.56";"5.27";"0.9";"35.9915";"397.76";"519.07";"0";"0"
"E";"2020-10-06";"2020-10-07";"35.3215";"98.14";"-0.01";"85";"41.55";"5.45";"7.6";"35.9915";"397.76";"519.07";"0";"0"
"E";"2020-10-05";"2020-10-06";"35.3237";"98.14";"0";"85";"41.56";"3.05";"3.5";"35.9915";"397.76";"519.07";"0";"0"
"E";"2020-10-04";"2020-10-05";"35.3242";"98.15";"0.08";"85";"41.56";"30.65";"0.6";"35.9915";"397.76";"519.07";"0";"0"
"E";"2020-10-03";"2020-10-04";"35.2941";"98.06";"0.12";"85";"41.52";"41.61";"0";"35.9915";"397.76";"519.07";"0";"0"
"E";"2020-10-02";"2020-10-03";"35.2525";"97.95";"0.05";"85";"41.47";"17.41";"0.5";"35.9915";"397.76";"519.07";"0";"0"
"E";"2020-10-01";"2020-10-02";"35.2356";"97.9";"0.04";"85";"41.45";"18.4";"3.2";"35.9915";"397.76";"519.07";"0";"0"
"E";"2020-09-30";"2020-10-01";"35.2204";"97.86";"0";"85";"41.44";"13.4";"7.8";"35.9915";"397.76";"519.07";"0";"0"
"E";"2020-09-29";"2020-09-30";"35.2218";"97.86";"0";"85";"41.44";"15.29";"16.9";"35.9915";"397.76";"519.07";"0";"0"
"E";"2020-09-28";"2020-09-29";"35.2234";"97.87";"0.05";"85";"41.44";"24.29";"5";"35.9915";"397.76";"519.07";"0";"0"
"E";"2020-09-27";"2020-09-28";"35.2041";"97.81";"0.05";"85";"41.42";"28.49";"11.1";"35.9915";"397.76";"519.07";"0";"0"
"E";"2020-09-26";"2020-09-27";"35.1867";"97.76";"0.1";"85";"41.4";"37.55";"0.4";"35.9915";"397.76";"519.07";"0";"0"
"E";"2020-09-25";"2020-09-26";"35.1495";"97.66";"0.12";"85";"41.35";"42.91";"0";"35.9915";"397.76";"519.07";"0";"0"
"E";"2020-09-24";"2020-09-25";"35.1066";"97.54";"0.1";"85";"41.3";"44.89";"0";"35.9915";"397.76";"519.07";"0";"0"
"E";"2020-09-23";"2020-09-24";"35.0717";"97.44";"0.09";"85";"41.26";"41.34";"0";"35.9915";"397.76";"519.07";"0";"0"
"E";"2020-09-22";"2020-09-23";"35.0404";"97.36";"0.12";"85";"41.22";"41.56";"0";"35.9915";"397.76";"519.07";"0";"0"
"E";"2020-09-21";"2020-09-22";"34.9988";"97.24";"0.11";"85";"41.18";"44.08";"2.8";"35.9915";"397.76";"519.07";"0";"0"
"E";"2020-09-20";"2020-09-21";"34.9575";"97.13";"0.13";"85";"41.13";"45.9";"0";"35.9915";"397.76";"519.07";"0";"0"
"E";"2020-09-19";"2020-09-20";"34.9116";"97";"0.13";"85";"41.07";"45.73";"0";"35.9915";"397.76";"519.07";"0";"0"
"E";"2020-09-18";"2020-09-19";"34.8659";"96.87";"0.11";"85";"41.02";"40.89";"0";"35.9915";"397.76";"519.07";"0";"0"
"E";"2020-09-17";"2020-09-18";"34.825";"96.76";"0.11";"85";"40.97";"41.33";"3";"35.9915";"397.76";"519.07";"0";"0"
"E";"2020-09-16";"2020-09-17";"34.7867";"96.65";"0.12";"85";"40.93";"42.17";"0";"35.9915";"397.76";"519.07";"0";"0"
"E";"2020-09-15";"2020-09-16";"34.7446";"96.54";"0.12";"85";"40.88";"43.56";"0";"35.9915";"397.76";"519.07";"0";"0"
"E";"2020-09-14";"2020-09-15";"34.7012";"96.42";"0.19";"85";"40.82";"68.11";"0";"35.9915";"397.76";"519.07";"0";"0"
"E";"2020-09-13";"2020-09-14";"34.6333";"96.23";"0.16";"85";"40.75";"58.43";"0";"35.9915";"397.76";"519.07";"0";"0"
"E";"2020-09-12";"2020-09-13";"34.5751";"96.06";"0.17";"85";"40.68";"59.4";"0";"35.9915";"397.76";"519.07";"0";"0"
"E";"2020-09-11";"2020-09-12";"34.5157";"95.9";"0.12";"85";"40.61";"42.56";"0";"35.9915";"397.76";"519.07";"0";"0"
"E";"2020-09-10";"2020-09-11";"34.4732";"95.78";"0.11";"85";"40.56";"38.82";"0";"35.9915";"397.76";"519.07";"0";"0"
"E";"2020-09-09";"2020-09-10";"34.4344";"95.67";"0.15";"85";"40.51";"53.94";"0";"35.9915";"397.76";"519.07";"0";"0"
"E";"2020-09-08";"2020-09-09";"34.3805";"95.52";"0.11";"85";"40.45";"41.39";"0";"35.9915";"397.76";"519.07";"0";"0"
"E";"2020-09-07";"2020-09-08";"34.3392";"95.41";"0.05";"85";"40.4";"39.6";"21.4";"35.9915";"397.76";"519.07";"0";"0"
"E";"2020-09-06";"2020-09-07";"34.321";"95.36";"0.07";"85";"40.38";"44.6";"18.2";"35.9915";"397.76";"519.07";"0";"0"
"E";"2020-09-05";"2020-09-06";"34.2947";"95.29";"0.09";"85";"40.35";"48.87";"18.2";"35.9915";"397.76";"519.07";"0";"0"
"E";"2020-09-04";"2020-09-05";"34.264";"95.2";"0.05";"85";"40.31";"35.16";"18.2";"35.9915";"397.76";"519.07";"0";"0"
"E";"2020-09-03";"2020-09-04";"34.2471";"95.15";"0.06";"85";"40.29";"38.66";"18.2";"35.9915";"397.76";"519.07";"0";"0"
"E";"2020-09-02";"2020-09-03";"34.2267";"95.1";"0.02";"85";"40.27";"34.29";"27.1";"35.9915";"397.76";"519.07";"0";"0"
"E";"2020-09-01";"2020-09-02";"34.2195";"95.08";"0";"85";"40.26";"27.3";"25.8";"35.9915";"397.76";"519.07";"0";"0"
"E";"2020-08-31";"2020-09-01";"34.218";"95.96";"0.14";"85";"40.26";"59.56";"0";"35.6585";"389.84";"517.87";"0";"0"
"E";"2020-08-30";"2020-08-31";"34.1685";"95.82";"0.2";"85";"40.2";"71.83";"0";"35.6585";"389.84";"517.87";"0";"0"
"E";"2020-08-29";"2020-08-30";"34.0966";"95.62";"0.21";"85";"40.11";"73.48";"0";"35.6585";"389.84";"517.87";"0";"0"
"E";"2020-08-28";"2020-08-29";"34.0231";"95.41";"0.21";"85";"40.03";"75.85";"0";"35.6585";"389.84";"517.87";"0";"0"
"E";"2020-08-27";"2020-08-28";"33.9473";"95.2";"0.21";"85";"39.94";"73.5";"0";"35.6585";"389.84";"517.87";"0";"0"
"E";"2020-08-26";"2020-08-27";"33.8738";"94.99";"0.21";"85";"39.85";"74.2";"0";"35.6585";"389.84";"517.87";"0";"0"
"E";"2020-08-25";"2020-08-26";"33.7996";"94.79";"0.22";"85";"39.76";"77.08";"0";"35.6585";"389.84";"517.87";"0";"0"
"E";"2020-08-24";"2020-08-25";"33.7225";"94.57";"0.23";"85";"39.67";"83.64";"0";"35.6585";"389.84";"517.87";"0";"0"
"E";"2020-08-23";"2020-08-24";"33.6389";"94.34";"0.29";"85";"39.58";"102.68";"0";"35.6585";"389.84";"517.87";"0";"0"
"E";"2020-08-22";"2020-08-23";"33.5362";"94.05";"0.29";"85";"39.45";"102.11";"0";"35.6585";"389.84";"517.87";"0";"0"
"E";"2020-08-21";"2020-08-22";"33.4341";"93.76";"0.21";"85";"39.33";"75.77";"0";"35.6585";"389.84";"517.87";"0";"0"
"E";"2020-08-20";"2020-08-21";"33.3583";"93.55";"0.2";"85";"39.25";"71.55";"0";"35.6585";"389.84";"517.87";"0";"0"
"E";"2020-08-19";"2020-08-20";"33.2868";"93.35";"0.22";"85";"39.16";"77.92";"0";"35.6585";"389.84";"517.87";"0";"0"
"E";"2020-08-18";"2020-08-19";"33.2088";"93.13";"0.24";"85";"39.07";"83.94";"0";"35.6585";"389.84";"517.87";"0";"0"
"E";"2020-08-17";"2020-08-18";"33.1249";"92.89";"0.22";"85";"38.97";"79.6";"0";"35.6585";"389.84";"517.87";"0";"0"
"E";"2020-08-16";"2020-08-17";"33.0453";"92.67";"0.29";"85";"38.88";"103.3";"0";"35.6585";"389.84";"517.87";"0";"0"
"E";"2020-08-15";"2020-08-16";"32.942";"92.38";"0.27";"85";"38.76";"94.83";"0";"35.6585";"389.84";"517.87";"0";"0"
"E";"2020-08-14";"2020-08-15";"32.8472";"92.12";"0.27";"85";"38.64";"94.57";"0";"35.6585";"389.84";"517.87";"0";"0"
"E";"2020-08-13";"2020-08-14";"32.7526";"91.85";"0.26";"85";"38.53";"91.44";"0";"35.6585";"389.84";"517.87";"0";"0"
"E";"2020-08-12";"2020-08-13";"32.6612";"91.59";"0.25";"85";"38.42";"89.24";"0";"35.6585";"389.84";"517.87";"0";"0"
"E";"2020-08-11";"2020-08-12";"32.5719";"91.34";"0.22";"85";"38.32";"77.74";"0";"35.6585";"389.84";"517.87";"0";"0"
"E";"2020-08-10";"2020-08-11";"32.4942";"91.13";"0.22";"85";"38.23";"79.41";"0";"35.6585";"389.84";"517.87";"0";"0"
"E";"2020-08-09";"2020-08-10";"32.4148";"90.9";"0.31";"85";"38.14";"110.38";"0";"35.6585";"389.84";"517.87";"0";"0"
"E";"2020-08-08";"2020-08-09";"32.3044";"90.59";"0.3";"85";"38.01";"108.31";"0";"35.6585";"389.84";"517.87";"0";"0"
"E";"2020-08-07";"2020-08-08";"32.1961";"90.29";"0.25";"85";"37.88";"90.36";"0";"35.6585";"389.84";"517.87";"0";"0"
"E";"2020-08-06";"2020-08-07";"32.1057";"90.04";"0.27";"85";"37.77";"95.61";"0";"35.6585";"389.84";"517.87";"0";"0"
"E";"2020-08-05";"2020-08-06";"32.0101";"89.77";"0.27";"85";"37.66";"97.04";"0";"35.6585";"389.84";"517.87";"0";"0"
"E";"2020-08-04";"2020-08-05";"31.9131";"89.5";"0.24";"85";"37.54";"85.98";"0";"35.6585";"389.84";"517.87";"0";"0"
"E";"2020-08-03";"2020-08-04";"31.8271";"89.26";"0.27";"85";"37.44";"97.83";"0";"35.6585";"389.84";"517.87";"0";"0"
"E";"2020-08-02";"2020-08-03";"31.7293";"88.98";"0.23";"85";"37.33";"100.68";"19.1";"35.6585";"389.84";"517.87";"0";"0"
"E";"2020-08-01";"2020-08-02";"31.6477";"88.75";"0.24";"85";"37.23";"105.7";"21.2";"35.6585";"389.84";"517.87";"0";"0"
"E";"2020-07-31";"2020-08-01";"31.5632";"88.52";"0.31";"85";"37.13";"112.23";"0";"35.6585";"389.84";"517.87";"0";"0"
"E";"2020-07-30";"2020-07-31";"31.4509";"88.2";"0.31";"85";"37";"110.52";"0";"35.6585";"389.84";"517.87";"0";"0"
"E";"2020-07-29";"2020-07-30";"31.3404";"87.89";"0.32";"85";"36.87";"113.09";"0";"35.6585";"389.84";"517.87";"0";"0"
"E";"2020-07-28";"2020-07-29";"31.2273";"87.57";"0.32";"85";"36.74";"113.64";"0";"35.6585";"389.84";"517.87";"0";"0"
"E";"2020-07-27";"2020-07-28";"31.1137";"87.25";"0.32";"85";"36.6";"115.25";"0";"35.6585";"389.84";"517.87";"0";"0"
"E";"2020-07-26";"2020-07-27";"30.9984";"86.93";"0.34";"85";"36.47";"122.38";"0";"35.6585";"389.84";"517.87";"0";"0"
"E";"2020-07-25";"2020-07-26";"30.8761";"86.59";"0.21";"85";"36.32";"74.27";"0";"35.6585";"389.84";"517.87";"0";"0"
"E";"2020-07-24";"2020-07-25";"30.8018";"86.38";"0.18";"85";"36.24";"62.7";"0";"35.6585";"389.84";"517.87";"0";"0"
"E";"2020-07-23";"2020-07-24";"30.7391";"86.2";"0.16";"85";"36.16";"57.33";"0";"35.6585";"389.84";"517.87";"0";"0"
"E";"2020-07-22";"2020-07-23";"30.6817";"86.04";"0.15";"85";"36.1";"53.86";"0";"35.6585";"389.84";"517.87";"0";"0"
"E";"2020-07-21";"2020-07-22";"30.6279";"85.89";"0.13";"85";"36.03";"47.64";"0";"35.6585";"389.84";"517.87";"0";"0"
"E";"2020-07-20";"2020-07-21";"30.5802";"85.76";"0.15";"85";"35.98";"52.69";"0";"35.6585";"389.84";"517.87";"0";"0"
"E";"2020-07-19";"2020-07-20";"30.5276";"85.61";"0.18";"85";"35.91";"71.92";"8";"35.6585";"389.84";"517.87";"0";"0"
"E";"2020-07-18";"2020-07-19";"30.4636";"85.43";"0.18";"85";"35.84";"70.96";"8";"35.6585";"389.84";"517.87";"0";"0"
"E";"2020-07-17";"2020-07-18";"30.4007";"85.25";"0.17";"85";"35.77";"59.41";"0";"35.6585";"389.84";"517.87";"0";"0"
"E";"2020-07-16";"2020-07-17";"30.3413";"85.09";"0.1";"85";"35.7";"37.11";"0";"35.6585";"389.84";"517.87";"0";"0"
"E";"2020-07-15";"2020-07-16";"30.3041";"84.98";"0.22";"85";"35.65";"80.14";"0";"35.6585";"389.84";"517.87";"0";"0"
"E";"2020-07-14";"2020-07-15";"30.224";"84.76";"0.18";"85";"35.56";"65.4";"0";"35.6585";"389.84";"517.87";"0";"0"
"E";"2020-07-13";"2020-07-14";"30.1586";"84.58";"0.4";"85";"35.48";"143.46";"0";"35.6585";"389.84";"517.87";"0";"0"
"E";"2020-07-12";"2020-07-13";"30.0151";"84.17";"0.47";"85";"35.31";"166.11";"0";"35.6585";"389.84";"517.87";"0";"0"
"E";"2020-07-11";"2020-07-12";"29.849";"83.71";"0.47";"85";"35.12";"166.83";"0";"35.6585";"389.84";"517.87";"0";"0"
"E";"2020-07-10";"2020-07-11";"29.6822";"83.24";"0.32";"85";"34.92";"114.93";"0";"35.6585";"389.84";"517.87";"0";"0"
"E";"2020-07-09";"2020-07-10";"29.5673";"82.92";"0.28";"85";"34.79";"98.59";"0";"35.6585";"389.84";"517.87";"0";"0"
"E";"2020-07-08";"2020-07-09";"29.4687";"82.64";"0.2";"85";"34.67";"70.22";"0";"35.6585";"389.84";"517.87";"0";"0"
"E";"2020-07-07";"2020-07-08";"29.3984";"82.44";"0.21";"85";"34.59";"76.67";"0";"35.6585";"389.84";"517.87";"0";"0"
"E";"2020-07-06";"2020-07-07";"29.3218";"82.23";"0.39";"85";"34.5";"137.73";"0";"35.6585";"389.84";"517.87";"0";"0"
"E";"2020-07-05";"2020-07-06";"29.184";"81.84";"0.34";"85";"34.33";"150.6";"26.5";"35.6585";"389.84";"517.87";"0";"0"
"E";"2020-07-04";"2020-07-05";"29.0618";"81.5";"0.34";"85";"34.19";"147.61";"26.5";"35.6585";"389.84";"517.87";"0";"0"
"E";"2020-07-03";"2020-07-04";"28.9407";"81.16";"0.34";"85";"34.05";"122.28";"0";"35.6585";"389.84";"517.87";"0";"0"
"E";"2020-07-02";"2020-07-03";"28.8184";"80.82";"0.3";"85";"33.9";"106.25";"0";"35.6585";"389.84";"517.87";"0";"0"
"E";"2020-07-01";"2020-07-02";"28.7122";"80.52";"0.19";"85";"33.78";"66";"0";"35.6585";"389.84";"517.87";"0";"0"
"E";"2020-06-30";"2020-07-01";"28.6462";"80.33";"0.43";"85";"33.7";"172.26";"3.7";"35.6585";"389.84";"517.87";"0";"0"
"E";"2020-06-29";"2020-06-30";"28.4926";"79.9";"0.46";"85";"33.52";"165.65";"0";"35.6585";"389.84";"517.87";"0";"0"
"E";"2020-06-28";"2020-06-29";"28.327";"79.44";"0.48";"85";"33.33";"170.45";"0";"35.6585";"389.84";"517.87";"0";"0"
"E";"2020-06-27";"2020-06-28";"28.1565";"78.96";"0.49";"85";"33.13";"175.13";"0";"35.6585";"389.84";"517.87";"0";"0"
"E";"2020-06-26";"2020-06-27";"27.9814";"78.47";"0.48";"85";"32.92";"172.66";"0";"35.6585";"389.84";"517.87";"0";"0"
"E";"2020-06-25";"2020-06-26";"27.8087";"77.99";"0.46";"85";"32.72";"163.39";"0";"35.6585";"389.84";"517.87";"0";"0"
"E";"2020-06-24";"2020-06-25";"27.6454";"77.53";"0.49";"85";"32.52";"175.17";"0.6";"35.6585";"389.84";"517.87";"0";"0"
"E";"2020-06-23";"2020-06-24";"27.4707";"77.04";"0.48";"85";"32.32";"170.99";"0.6";"35.6585";"389.84";"517.87";"0";"0"
"E";"2020-06-22";"2020-06-23";"27.3003";"76.56";"0.46";"85";"32.12";"165.74";"2.3";"35.6585";"389.84";"517.87";"0";"0"
"E";"2020-06-21";"2020-06-22";"27.1368";"76.1";"0.4";"85";"31.93";"167.47";"26.5";"35.6585";"389.84";"517.87";"0";"0"
"E";"2020-06-20";"2020-06-21";"26.9959";"75.71";"0.43";"85";"31.76";"178.46";"26.5";"35.6585";"389.84";"517.87";"0";"0"
"E";"2020-06-19";"2020-06-20";"26.8439";"75.28";"0.5";"85";"31.58";"178.82";"0";"35.6585";"389.84";"517.87";"0";"0"
"E";"2020-06-18";"2020-06-19";"26.6651";"74.78";"0.5";"85";"31.37";"178.82";"0";"35.6585";"389.84";"517.87";"0";"0"
"E";"2020-06-17";"2020-06-18";"26.4863";"74.28";"0.39";"85";"31.16";"140.62";"0";"35.6585";"389.84";"517.87";"0";"0"
"E";"2020-06-16";"2020-06-17";"26.3456";"73.88";"0.47";"85";"30.99";"169.04";"0";"35.6585";"389.84";"517.87";"0";"0"
"E";"2020-06-15";"2020-06-16";"26.1766";"73.41";"0.53";"85";"30.8";"187.67";"0";"35.6585";"389.84";"517.87";"0";"0"
"E";"2020-06-14";"2020-06-15";"25.9889";"72.88";"0.54";"85";"30.58";"192.75";"0";"35.6585";"389.84";"517.87";"0";"0"
"E";"2020-06-13";"2020-06-14";"25.7962";"72.34";"0.54";"85";"30.35";"191.98";"0";"35.6585";"389.84";"517.87";"0";"0"
"E";"2020-06-12";"2020-06-13";"25.6042";"71.8";"0.5";"85";"30.12";"177.67";"0";"35.6585";"389.84";"517.87";"0";"0"
"E";"2020-06-11";"2020-06-12";"25.4265";"71.31";"0.5";"85";"29.91";"179.17";"0";"35.6585";"389.84";"517.87";"0";"0"
"E";"2020-06-10";"2020-06-11";"25.2474";"70.8";"0.46";"85";"29.7";"162.95";"0";"35.6585";"389.84";"517.87";"0";"0"
"E";"2020-06-09";"2020-06-10";"25.0844";"70.35";"0.47";"85";"29.51";"168.53";"0.6";"35.6585";"389.84";"517.87";"0";"0"
"E";"2020-06-08";"2020-06-09";"24.9164";"69.88";"0.55";"85";"29.31";"195.87";"0";"35.6585";"389.84";"517.87";"0";"0"
"E";"2020-06-07";"2020-06-08";"24.7206";"69.33";"0.54";"85";"29.08";"193.38";"0";"35.6585";"389.84";"517.87";"0";"0"
"E";"2020-06-06";"2020-06-07";"24.5272";"68.78";"0.56";"85";"28.86";"199.12";"0";"35.6585";"389.84";"517.87";"0";"0"
"E";"2020-06-05";"2020-06-06";"24.328";"68.23";"0.51";"85";"28.62";"182.04";"0";"35.6585";"389.84";"517.87";"0";"0"
"E";"2020-06-04";"2020-06-05";"24.146";"67.71";"0.46";"85";"28.41";"166.78";"1.1";"35.6585";"389.84";"517.87";"0";"0"
"E";"2020-06-03";"2020-06-04";"23.9803";"67.25";"0.52";"85";"28.21";"184.46";"0";"35.6585";"389.84";"517.87";"0";"0"
"E";"2020-06-02";"2020-06-03";"23.7959";"66.73";"0.51";"85";"28";"181.72";"0.6";"35.6585";"389.84";"517.87";"0";"0"
"E";"2020-06-01";"2020-06-02";"23.6147";"66.22";"0.53";"85";"27.78";"190.11";"0.6";"35.6585";"389.84";"517.87";"0";"0"
"E";"2020-05-31";"2020-06-01";"23.4252";"65.69";"0.48";"85";"27.56";"202.28";"7.4";"35.6585";"389.84";"517.87";"0";"0"
"E";"2020-05-30";"2020-05-31";"23.2553";"65.22";"0.58";"85";"27.36";"205.52";"0";"35.6585";"389.84";"517.87";"0";"0"
"E";"2020-05-29";"2020-05-30";"23.0498";"64.64";"0.51";"85";"27.12";"181.48";"0";"35.6585";"389.84";"517.87";"0";"0"
"E";"2020-05-28";"2020-05-29";"22.8683";"64.13";"0.49";"85";"26.9";"175.64";"0.6";"35.6585";"389.84";"517.87";"0";"0"
"E";"2020-05-27";"2020-05-28";"22.6932";"63.64";"0.49";"85";"26.7";"174.2";"1";"35.6585";"389.84";"517.87";"0";"0"
"E";"2020-05-26";"2020-05-27";"22.52";"63.15";"0.51";"85";"26.49";"185.46";"2.1";"35.6585";"389.84";"517.87";"0";"0"
"E";"2020-05-25";"2020-05-26";"22.3366";"62.64";"0.57";"85";"26.28";"202.96";"1.3";"35.6585";"389.84";"517.87";"0";"0"
"E";"2020-05-24";"2020-05-25";"22.135";"62.07";"0.62";"85";"26.04";"221.28";"0";"35.6585";"389.84";"517.87";"0";"0"
"E";"2020-05-23";"2020-05-24";"21.9137";"61.45";"0.64";"85";"25.78";"226.58";"0";"35.6585";"389.84";"517.87";"0";"0"
"E";"2020-05-22";"2020-05-23";"21.6871";"60.82";"0.71";"85";"25.51";"251.71";"0";"35.6585";"389.84";"517.87";"0";"0"
"E";"2020-05-21";"2020-05-22";"21.4354";"60.11";"0.59";"85";"25.22";"211.31";"0";"35.6585";"389.84";"517.87";"0";"0"
"E";"2020-05-20";"2020-05-21";"21.2241";"59.52";"0.61";"85";"24.97";"218.48";"0";"35.6585";"389.84";"517.87";"0";"0"
"E";"2020-05-19";"2020-05-20";"21.0056";"58.91";"0.53";"85";"24.71";"190.37";"0";"35.6585";"389.84";"517.87";"0";"0"
"E";"2020-05-18";"2020-05-19";"20.8152";"58.37";"0.51";"85";"24.49";"181.22";"0";"35.6585";"389.84";"517.87";"0";"0"
"E";"2020-05-17";"2020-05-18";"20.634";"57.87";"0.56";"85";"24.28";"199.12";"0";"35.6585";"389.84";"517.87";"0";"0"
"E";"2020-05-16";"2020-05-17";"20.4349";"57.31";"0.56";"85";"24.04";"199.52";"0";"35.6585";"389.84";"517.87";"0";"0"
"E";"2020-05-15";"2020-05-16";"20.2354";"56.75";"0.44";"85";"23.81";"164.26";"9";"35.6585";"389.84";"517.87";"0";"0"
"E";"2020-05-14";"2020-05-15";"20.0801";"56.31";"0.39";"85";"23.62";"151.81";"11.1";"35.6585";"389.84";"517.87";"0";"0"
"E";"2020-05-13";"2020-05-14";"19.9394";"55.92";"0.39";"85";"23.46";"148.06";"9.1";"35.6585";"389.84";"517.87";"0";"0"
"E";"2020-05-12";"2020-05-13";"19.8004";"55.53";"0.39";"85";"23.29";"147.54";"8.3";"35.6585";"389.84";"517.87";"0";"0"
"E";"2020-05-11";"2020-05-12";"19.6611";"55.14";"0.53";"85";"23.13";"193.35";"5.7";"35.6585";"389.84";"517.87";"0";"0"
"E";"2020-05-10";"2020-05-11";"19.4734";"54.61";"0.69";"85";"22.91";"247.17";"0";"35.6585";"389.84";"517.87";"0";"0"
"E";"2020-05-09";"2020-05-10";"19.2263";"53.92";"0.69";"85";"22.62";"244.67";"0";"35.6585";"389.84";"517.87";"0";"0"
"E";"2020-05-08";"2020-05-09";"18.9816";"53.23";"0.66";"85";"22.33";"236.31";"0";"35.6585";"389.84";"517.87";"0";"0"
"E";"2020-05-07";"2020-05-08";"18.7453";"52.57";"0.45";"85";"22.05";"160.4";"1.4";"35.6585";"389.84";"517.87";"0";"0"
"E";"2020-05-06";"2020-05-07";"18.5862";"52.12";"0.36";"85";"21.87";"143.15";"14";"35.6585";"389.84";"517.87";"0";"0"
"E";"2020-05-05";"2020-05-06";"18.457";"51.76";"0.47";"85";"21.71";"168.81";"0.4";"35.6585";"389.84";"517.87";"0";"0"
"E";"2020-05-04";"2020-05-05";"18.2886";"51.29";"0.38";"85";"21.52";"147.24";"13.1";"35.6585";"389.84";"517.87";"0";"0"
"E";"2020-05-03";"2020-05-04";"18.1545";"50.91";"0.48";"85";"21.36";"182.8";"13.1";"35.6585";"389.84";"517.87";"0";"0"
"E";"2020-05-02";"2020-05-03";"17.9848";"50.44";"0.5";"85";"21.16";"190.3";"13.1";"35.6585";"389.84";"517.87";"0";"0"
"E";"2020-05-01";"2020-05-02";"17.8076";"49.94";"0.51";"85";"20.95";"193.85";"12.7";"35.6585";"389.84";"517.87";"0";"0"
"E";"2020-04-30";"2020-05-01";"17.6265";"49.43";"0.29";"85";"20.74";"130.34";"16.8";"35.6585";"389.84";"517.87";"0";"0"
"E";"2020-04-29";"2020-04-30";"17.5231";"49.14";"0.25";"85";"20.62";"107.38";"20";"35.6585";"389.84";"517.87";"0";"0"
"E";"2020-04-28";"2020-04-29";"17.4357";"48.9";"0.24";"85";"20.51";"104.94";"20.4";"35.6585";"389.84";"517.87";"0";"0"
"E";"2020-04-27";"2020-04-28";"17.3512";"48.66";"0.23";"85";"20.41";"101.65";"20.4";"35.6585";"389.84";"517.87";"0";"0"
"E";"2020-04-26";"2020-04-27";"17.2699";"48.43";"0.3";"85";"20.32";"109.25";"0.5";"35.6585";"389.84";"517.87";"0";"0"
"E";"2020-04-25";"2020-04-26";"17.1612";"48.13";"0.36";"85";"20.19";"127.43";"0.1";"35.6585";"389.84";"517.87";"0";"0"
"E";"2020-04-24";"2020-04-25";"17.0339";"47.77";"0.3";"85";"20.04";"108.25";"0.1";"35.6585";"389.84";"517.87";"0";"0"
"E";"2020-04-23";"2020-04-24";"16.9258";"47.47";"0.3";"85";"19.91";"108.57";"0.1";"35.6585";"389.84";"517.87";"0";"0"
"E";"2020-04-22";"2020-04-23";"16.8173";"47.16";"0.3";"85";"19.79";"108.87";"0.1";"35.6585";"389.84";"517.87";"0";"0"
"E";"2020-04-21";"2020-04-22";"16.7086";"46.86";"0.3";"85";"19.66";"105.81";"0.5";"35.6585";"389.84";"517.87";"0";"0"
"E";"2020-04-20";"2020-04-21";"16.6033";"46.56";"0.22";"85";"19.53";"84.08";"4.5";"35.6585";"389.84";"517.87";"0";"0"
"E";"2020-04-19";"2020-04-20";"16.5237";"46.34";"0.31";"85";"19.44";"112.13";"0.5";"35.6585";"389.84";"517.87";"0";"0"
"E";"2020-04-18";"2020-04-19";"16.4121";"46.03";"0.34";"85";"19.31";"122.27";"0.1";"35.6585";"389.84";"517.87";"0";"0"
"E";"2020-04-17";"2020-04-18";"16.29";"45.68";"0.23";"85";"19.16";"81.14";"0.1";"35.6585";"389.84";"517.87";"0";"0"
"E";"2020-04-16";"2020-04-17";"16.209";"45.46";"0.14";"85";"19.07";"51.73";"0.5";"35.6585";"389.84";"517.87";"0";"0"
"E";"2020-04-15";"2020-04-16";"16.1578";"45.31";"0.05";"85";"19.01";"42.57";"24.2";"35.6585";"389.84";"517.87";"0";"0"
"E";"2020-04-14";"2020-04-15";"16.1394";"45.26";"0.1";"85";"18.99";"52.41";"16.5";"35.6585";"389.84";"517.87";"0";"0"
"E";"2020-04-13";"2020-04-14";"16.1035";"45.16";"0.22";"85";"18.95";"77.86";"0.3";"35.6585";"389.84";"517.87";"0";"0"
"E";"2020-04-12";"2020-04-13";"16.026";"44.94";"0.26";"85";"18.85";"91.61";"0.3";"35.6585";"389.84";"517.87";"0";"0"
"E";"2020-04-11";"2020-04-12";"15.9347";"44.69";"0.25";"85";"18.75";"88.22";"0.1";"35.6585";"389.84";"517.87";"0";"0"
"E";"2020-04-10";"2020-04-11";"15.8466";"43.75";"0.24";"85";"18.64";"85.6";"0.1";"36.2178";"401.12";"529.4";"0";"0"
"E";"2020-04-09";"2020-04-10";"15.7611";"43.52";"0.17";"85";"18.54";"63.59";"0.3";"36.2178";"401.12";"529.4";"0";"0"
"E";"2020-04-08";"2020-04-09";"15.6979";"43.34";"0.18";"85";"18.47";"66.64";"0.6";"36.2178";"401.12";"529.4";"0";"0"
"E";"2020-04-07";"2020-04-08";"15.6319";"43.16";"0.13";"85";"18.39";"46.95";"0.6";"36.2178";"401.12";"529.4";"0";"0"
"E";"2020-04-06";"2020-04-07";"15.5856";"43.03";"0.01";"85";"18.34";"37.18";"33";"36.2178";"401.12";"529.4";"0";"0"
"E";"2020-04-05";"2020-04-06";"15.5814";"43.02";"0";"85";"18.33";"35.5";"34.2";"36.2178";"401.12";"529.4";"0";"0"
"E";"2020-04-04";"2020-04-05";"15.5801";"43.02";"0";"85";"18.33";"33.84";"35.5";"36.2178";"401.12";"529.4";"0";"0"
"E";"2020-04-03";"2020-04-04";"15.5818";"43.02";"-0.11";"85";"18.33";"13.93";"52.7";"36.2178";"401.12";"529.4";"0";"0"
"E";"2020-04-02";"2020-04-03";"15.6206";"43.13";"-0.22";"85";"18.38";"18.14";"99";"36.2178";"401.12";"529.4";"0";"0"
"E";"2020-04-01";"2020-04-02";"15.7015";"43.35";"-0.21";"85";"18.47";"14.31";"89.3";"36.2178";"401.12";"529.4";"0";"0"
"E";"2020-03-31";"2020-04-01";"15.7765";"43.53";"-0.65";"85";"18.56";"0";"237.1";"36.2428";"401.12";"529.4";"0";"0"
"E";"2020-03-30";"2020-03-31";"16.0136";"44.18";"-0.62";"85";"18.84";"0";"224.4";"36.2428";"401.12";"529.4";"0";"0"
"E";"2020-03-29";"2020-03-30";"16.238";"44.8";"-0.44";"85";"19.1";"1.1";"161";"36.2428";"401.12";"529.4";"0";"0"
"E";"2020-03-28";"2020-03-29";"16.3979";"45.24";"-0.37";"85";"19.29";"1.7";"136.6";"36.2428";"401.12";"529.4";"0";"0"
"E";"2020-03-27";"2020-03-28";"16.5328";"45.62";"-0.56";"85";"19.45";"0";"201.5";"36.2428";"401.12";"529.4";"0";"0"
"E";"2020-03-26";"2020-03-27";"16.7343";"46.17";"-0.59";"85";"19.69";"0";"212.4";"36.2428";"401.12";"529.4";"0";"0"
"E";"2020-03-25";"2020-03-26";"16.9467";"46.76";"-0.7";"85";"19.94";"0";"253.8";"36.2428";"401.12";"529.4";"0";"0"
"E";"2020-03-24";"2020-03-25";"17.2004";"47.46";"-0.66";"85";"20.24";"0";"238.2";"36.2428";"401.12";"529.4";"0";"0"
"E";"2020-03-23";"2020-03-24";"17.4387";"48.12";"-0.69";"85";"20.52";"0";"248.5";"36.2428";"401.12";"529.4";"0";"0"
"E";"2020-03-22";"2020-03-23";"17.6872";"48.8";"-0.63";"85";"20.81";"0";"227.9";"36.2428";"401.12";"529.4";"0";"0"
"E";"2020-03-21";"2020-03-22";"17.9151";"49.43";"-0.54";"85";"21.08";"0";"194.7";"36.2428";"401.12";"529.4";"0";"0"
"E";"2020-03-20";"2020-03-21";"18.1098";"49.97";"-0.55";"85";"21.31";"0.7";"199.4";"36.2428";"401.12";"529.4";"0";"0"
"E";"2020-03-19";"2020-03-20";"18.3085";"50.52";"-0.52";"85";"21.54";"0.7";"189";"36.2428";"401.12";"529.4";"0";"0"
"E";"2020-03-18";"2020-03-19";"18.4968";"51.04";"-0.45";"85";"21.76";"0";"161.8";"36.2428";"401.12";"529.4";"0";"0"
"E";"2020-03-17";"2020-03-18";"18.6586";"51.48";"-0.5";"85";"21.95";"0";"182.6";"36.2428";"401.12";"529.4";"0";"0"
"E";"2020-03-16";"2020-03-17";"18.8412";"51.99";"-0.6";"85";"22.17";"1.3";"218.3";"36.2428";"401.12";"529.4";"0";"0"
"E";"2020-03-15";"2020-03-16";"19.0581";"52.58";"-0.55";"85";"22.42";"1.87";"202.8";"36.2428";"401.12";"529.4";"0";"0"
"E";"2020-03-14";"2020-03-15";"19.259";"53.14";"-0.59";"85";"22.66";"1.17";"216.6";"36.2428";"401.12";"529.4";"0";"0"
"E";"2020-03-13";"2020-03-14";"19.4745";"53.73";"-0.56";"85";"22.91";"0";"203";"36.2428";"401.12";"529.4";"0";"0"
"E";"2020-03-12";"2020-03-13";"19.6775";"54.29";"-0.61";"85";"23.15";"1.5";"223.7";"36.2428";"401.12";"529.4";"0";"0"
"E";"2020-03-11";"2020-03-12";"19.8997";"54.91";"-0.55";"85";"23.41";"0";"199";"36.2428";"401.12";"529.4";"0";"0"
"E";"2020-03-10";"2020-03-11";"20.0987";"55.46";"-0.57";"85";"23.65";"0";"207.3";"36.2428";"401.12";"529.4";"0";"0"
"E";"2020-03-09";"2020-03-10";"20.306";"56.03";"-0.63";"85";"23.89";"0";"229.4";"36.2428";"401.12";"529.4";"0";"0"
"E";"2020-03-08";"2020-03-09";"20.5355";"56.66";"-0.6";"85";"24.16";"1.65";"217.7";"36.2428";"401.12";"529.4";"0";"0"
"E";"2020-03-07";"2020-03-08";"20.7515";"57.26";"-0.59";"85";"24.41";"1.65";"214.2";"36.2428";"401.12";"529.4";"0";"0"
"E";"2020-03-06";"2020-03-07";"20.9641";"57.84";"-0.7";"85";"24.66";"0";"254.2";"36.2428";"401.12";"529.4";"0";"0"
"E";"2020-03-05";"2020-03-06";"21.2183";"58.54";"-0.7";"85";"24.96";"0";"253.7";"36.2428";"401.12";"529.4";"0";"0"
"E";"2020-03-04";"2020-03-05";"21.472";"59.24";"-0.66";"85";"25.26";"0";"239.4";"36.2428";"401.12";"529.4";"0";"0"
"E";"2020-03-03";"2020-03-04";"21.7113";"59.91";"-0.65";"85";"25.54";"0";"233.9";"36.2428";"401.12";"529.4";"0";"0"
"E";"2020-03-02";"2020-03-03";"21.9452";"60.55";"-0.52";"85";"25.82";"0";"189";"36.2428";"401.12";"529.4";"0";"0"
"E";"2020-03-01";"2020-03-02";"22.1342";"61.07";"-0.44";"85";"26.04";"0";"159.3";"36.2428";"401.12";"529.4";"0";"0"
"E";"2020-02-29";"2020-03-01";"22.2934";"61.51";"-0.48";"85";"26.23";"2";"175.9";"36.2428";"401.12";"529.4";"0";"0"
"E";"2020-02-28";"2020-02-29";"22.4674";"61.99";"-0.51";"85";"26.43";"2.05";"188.4";"36.2428";"401.12";"529.4";"0";"0"
"E";"2020-02-27";"2020-02-28";"22.6537";"62.51";"-0.61";"85";"26.65";"12.27";"233.2";"36.2428";"401.12";"529.4";"0";"0"
"E";"2020-02-26";"2020-02-27";"22.8746";"63.11";"-0.51";"85";"26.91";"3.29";"187.6";"36.2428";"401.12";"529.4";"0";"0"
"E";"2020-02-25";"2020-02-26";"23.0589";"63.62";"-0.45";"85";"27.13";"8.66";"171.4";"36.2428";"401.12";"529.4";"0";"0"
"E";"2020-02-24";"2020-02-25";"23.2217";"64.07";"-0.44";"85";"27.32";"4.44";"163.9";"36.2428";"401.12";"529.4";"0";"0"
"E";"2020-02-23";"2020-02-24";"23.3812";"64.51";"-0.25";"85";"27.51";"46.09";"136.1";"36.2428";"401.12";"529.4";"0";"0"
"E";"2020-02-22";"2020-02-23";"23.4712";"64.76";"-0.27";"85";"27.61";"45.79";"143.5";"36.2428";"401.12";"529.4";"0";"0"
"E";"2020-02-21";"2020-02-22";"23.5689";"65.03";"-0.36";"85";"27.73";"31.96";"160.8";"36.2428";"401.12";"529.4";"0";"0"
"E";"2020-02-20";"2020-02-21";"23.6977";"65.39";"-0.44";"85";"27.88";"33.18";"192.2";"36.2428";"401.12";"529.4";"0";"0"
"E";"2020-02-19";"2020-02-20";"23.8567";"65.82";"-0.32";"85";"28.07";"5.47";"120.5";"36.2428";"401.12";"529.4";"0";"0"
"E";"2020-02-18";"2020-02-19";"23.9718";"66.14";"-0.3";"85";"28.2";"8.41";"117.2";"36.2428";"401.12";"529.4";"0";"0"
"E";"2020-02-17";"2020-02-18";"24.0806";"66.44";"-0.34";"85";"28.33";"7.29";"130.5";"36.2428";"401.12";"529.4";"0";"0"
"E";"2020-02-16";"2020-02-17";"24.2037";"66.78";"-0.24";"85";"28.47";"6.77";"92.7";"36.2428";"401.12";"529.4";"0";"0"
"E";"2020-02-15";"2020-02-16";"24.2896";"67.02";"-0.25";"85";"28.58";"7.36";"96.8";"36.2428";"401.12";"529.4";"0";"0"
"E";"2020-02-14";"2020-02-15";"24.379";"67.27";"-0.39";"85";"28.68";"1.72";"143.4";"36.2428";"401.12";"529.4";"0";"0"
"E";"2020-02-13";"2020-02-14";"24.5207";"67.66";"-0.46";"85";"28.85";"0";"166.4";"36.2428";"401.12";"529.4";"0";"0"
"E";"2020-02-12";"2020-02-13";"24.6871";"68.12";"-0.36";"85";"29.04";"1";"132.8";"36.2428";"401.12";"529.4";"0";"0"
"E";"2020-02-11";"2020-02-12";"24.8189";"68.48";"-0.29";"85";"29.2";"0";"103.8";"36.2428";"401.12";"529.4";"0";"0"
"E";"2020-02-10";"2020-02-11";"24.9226";"68.77";"-0.38";"85";"29.32";"1.02";"139.1";"36.2428";"401.12";"529.4";"0";"0"
"E";"2020-02-09";"2020-02-10";"25.0607";"69.15";"-0.42";"85";"29.48";"0.74";"151.9";"36.2428";"401.12";"529.4";"0";"0"
"E";"2020-02-08";"2020-02-09";"25.2119";"69.56";"-0.43";"85";"29.66";"0.74";"156.6";"36.2428";"401.12";"529.4";"0";"0"
"E";"2020-02-07";"2020-02-08";"25.3677";"69.99";"-0.51";"85";"29.84";"0.74";"185.8";"36.2428";"401.12";"529.4";"0";"0"
"E";"2020-02-06";"2020-02-07";"25.5528";"70.5";"-0.57";"85";"30.06";"0";"205.4";"36.2428";"401.12";"529.4";"0";"0"
"E";"2020-02-05";"2020-02-06";"25.7582";"71.07";"-0.55";"85";"30.3";"0";"197.9";"36.2428";"401.12";"529.4";"0";"0"
"E";"2020-02-04";"2020-02-05";"25.9561";"71.62";"-0.5";"85";"30.54";"0.02";"181.8";"36.2428";"401.12";"529.4";"0";"0"
"E";"2020-02-03";"2020-02-04";"26.1378";"72.12";"-0.4";"85";"30.75";"3.24";"148";"36.2428";"401.12";"529.4";"0";"0"
"E";"2020-02-02";"2020-02-03";"26.2825";"72.52";"-0.33";"85";"30.92";"4.31";"123.2";"36.2428";"401.12";"529.4";"0";"0"
"E";"2020-02-01";"2020-02-02";"26.4015";"72.85";"-0.36";"85";"31.06";"2.31";"131";"36.2428";"401.12";"529.4";"0";"0"
"E";"2020-01-31";"2020-02-01";"26.5302";"73.2";"-0.69";"85";"31.21";"0";"250.8";"36.2428";"401.12";"529.4";"0";"0"
"E";"2020-01-30";"2020-01-31";"26.781";"73.89";"-0.75";"85";"31.51";"0";"273.3";"36.2428";"401.12";"529.4";"0";"0"
"E";"2020-01-29";"2020-01-30";"27.0544";"74.65";"-0.86";"85";"31.83";"0";"312.5";"36.2428";"401.12";"529.4";"0";"0"
"E";"2020-01-28";"2020-01-29";"27.3669";"75.51";"-0.84";"85";"32.2";"0";"306.2";"36.2428";"401.12";"529.4";"0";"0"
"E";"2020-01-27";"2020-01-28";"27.6731";"76.35";"-0.8";"85";"32.56";"0";"290.7";"36.2428";"401.12";"529.4";"0";"0"
"E";"2020-01-26";"2020-01-27";"27.9638";"77.16";"-0.69";"85";"32.9";"0";"251.5";"36.2428";"401.12";"529.4";"0";"0"
"E";"2020-01-25";"2020-01-26";"28.2153";"77.85";"-0.72";"85";"33.19";"0";"261.4";"36.2428";"401.12";"529.4";"0";"0"
"E";"2020-01-24";"2020-01-25";"28.4767";"78.57";"-0.68";"85";"33.5";"0";"248";"36.2428";"401.12";"529.4";"0";"0"
"E";"2020-01-23";"2020-01-24";"28.7245";"79.26";"-0.68";"85";"33.79";"0";"246.1";"36.2428";"401.12";"529.4";"0";"0"
"E";"2020-01-22";"2020-01-23";"28.9706";"79.93";"-0.72";"85";"34.08";"0";"261.4";"36.2428";"401.12";"529.4";"0";"0"
"E";"2020-01-21";"2020-01-22";"29.232";"80.66";"-0.67";"85";"34.39";"0";"242.6";"36.2428";"401.12";"529.4";"0";"0"
"E";"2020-01-20";"2020-01-21";"29.4747";"81.33";"-0.67";"85";"34.68";"0";"244.2";"36.2428";"401.12";"529.4";"0";"0"
"E";"2020-01-19";"2020-01-20";"29.7188";"82";"-0.68";"85";"34.96";"0";"247.6";"36.2428";"401.12";"529.4";"0";"0"
"E";"2020-01-18";"2020-01-19";"29.9664";"82.68";"-0.67";"85";"35.25";"0";"244.4";"36.2428";"401.12";"529.4";"0";"0"
"E";"2020-01-17";"2020-01-18";"30.2108";"83.36";"-0.72";"85";"35.54";"0";"260.1";"36.2428";"401.12";"529.4";"0";"0"
"E";"2020-01-16";"2020-01-17";"30.4708";"84.07";"-0.72";"85";"35.85";"0";"262.3";"36.2428";"401.12";"529.4";"0";"0"
"E";"2020-01-15";"2020-01-16";"30.7331";"84.8";"-0.71";"85";"36.16";"0";"256.8";"36.2428";"401.12";"529.4";"0";"0"
"E";"2020-01-14";"2020-01-15";"30.99";"85.51";"-0.64";"85";"36.46";"0";"231.1";"36.2428";"401.12";"529.4";"0";"0"
"E";"2020-01-13";"2020-01-14";"31.221";"86.14";"-0.63";"85";"36.73";"0";"230.1";"36.2428";"401.12";"529.4";"0";"0"
"E";"2020-01-12";"2020-01-13";"31.4511";"86.78";"-0.61";"85";"37";"0";"220.7";"36.2428";"401.12";"529.4";"0";"0"
"E";"2020-01-11";"2020-01-12";"31.6718";"87.39";"-0.61";"85";"37.26";"0";"219.3";"36.2428";"401.12";"529.4";"0";"0"
"E";"2020-01-10";"2020-01-11";"31.8911";"87.99";"-0.61";"85";"37.52";"0";"222.5";"36.2428";"401.12";"529.4";"0";"0"
"E";"2020-01-09";"2020-01-10";"32.1136";"88.61";"-0.63";"85";"37.78";"0";"229";"36.2428";"401.12";"529.4";"0";"0"
"E";"2020-01-08";"2020-01-09";"32.3426";"89.24";"-0.69";"85";"38.05";"0";"250.6";"36.2428";"401.12";"529.4";"0";"0"
"E";"2020-01-07";"2020-01-08";"32.5932";"89.93";"-0.76";"85";"38.34";"0";"273.7";"36.2428";"401.12";"529.4";"0";"0"
"E";"2020-01-06";"2020-01-07";"32.8669";"90.69";"-0.7";"85";"38.67";"0";"254.2";"36.2428";"401.12";"529.4";"0";"0"
"E";"2020-01-05";"2020-01-06";"33.1211";"91.39";"-0.59";"85";"38.97";"0";"214.1";"36.2428";"401.12";"529.4";"0";"0"
"E";"2020-01-04";"2020-01-05";"33.3352";"91.98";"-0.59";"85";"39.22";"0";"214.2";"36.2428";"401.12";"529.4";"0";"0"
"E";"2020-01-03";"2020-01-04";"33.5494";"92.57";"-0.65";"85";"39.47";"0";"235.5";"36.2428";"401.12";"529.4";"0";"0"
"E";"2020-01-02";"2020-01-03";"33.7849";"93.22";"-0.68";"85";"39.75";"0";"246.7";"36.2428";"401.12";"529.4";"0";"0"
"E";"2020-01-01";"2020-01-02";"34.0316";"93.9";"0";"85";"40.04";"1.2";"237.1";"36.2428";"401.12";"529.4";"0";"0"
"E";"2019-12-31";"2020-01-01";"34.2675";"94.55";"-0.16";"83";"41.29";"1.2";"57.9";"36.2428";"401.12";"529.4";"0";"0"
"E";"2019-12-30";"2019-12-31";"34.3242";"94.71";"-0.19";"83";"41.35";"0";"69.7";"36.2428";"401.12";"529.4";"0";"0"
"E";"2019-12-29";"2019-12-30";"34.3939";"94.9";"-0.16";"83";"41.44";"0";"58.8";"36.2428";"401.12";"529.4";"0";"0"
"E";"2019-12-28";"2019-12-29";"34.4526";"95.06";"-0.12";"83";"41.51";"0";"42.8";"36.2428";"401.12";"529.4";"0";"0"
"E";"2019-12-27";"2019-12-28";"34.4954";"95.18";"-0.08";"83";"41.56";"3.04";"31.9";"36.2428";"401.12";"529.4";"0";"0"
"E";"2019-12-26";"2019-12-27";"34.5243";"95.26";"-0.05";"83";"41.6";"3.1";"20.3";"36.2428";"401.12";"529.4";"0";"0"
"E";"2019-12-25";"2019-12-26";"34.5414";"95.31";"-0.01";"83";"41.62";"8.26";"12.9";"36.2428";"401.12";"529.4";"0";"0"
"E";"2019-12-24";"2019-12-25";"34.546";"95.32";"-0.01";"83";"41.62";"7.48";"12.4";"36.2428";"401.12";"529.4";"0";"0"
"E";"2019-12-23";"2019-12-24";"34.5509";"95.33";"-0.02";"83";"41.63";"1.55";"8.3";"36.2428";"401.12";"529.4";"0";"0"
"E";"2019-12-22";"2019-12-23";"34.5576";"95.35";"0.08";"83";"41.64";"34.86";"7.2";"36.2428";"401.12";"529.4";"0";"0"
"E";"2019-12-21";"2019-12-22";"34.53";"95.27";"0.12";"83";"41.6";"49.32";"6.9";"36.2428";"401.12";"529.4";"0";"0"
"E";"2019-12-20";"2019-12-21";"34.4875";"95.16";"0.04";"83";"41.55";"22.66";"7.7";"36.2428";"401.12";"529.4";"0";"0"
"E";"2019-12-19";"2019-12-20";"34.4725";"95.12";"0.03";"83";"41.53";"20.05";"7.9";"36.2428";"401.12";"529.4";"0";"0"
"E";"2019-12-18";"2019-12-19";"34.4604";"95.08";"0.02";"83";"41.52";"15.63";"9.8";"36.2428";"401.12";"529.4";"0";"0"
"E";"2019-12-17";"2019-12-18";"34.4546";"95.07";"0.05";"83";"41.51";"28.32";"9.5";"36.2428";"401.12";"529.4";"0";"0"
"E";"2019-12-16";"2019-12-17";"34.4358";"95.01";"-0.01";"83";"41.49";"6.26";"9.3";"36.2428";"401.12";"529.4";"0";"0"
"E";"2019-12-15";"2019-12-16";"34.4389";"95.02";"-0.01";"83";"41.49";"5.85";"9.3";"36.2428";"401.12";"529.4";"0";"0"
"E";"2019-12-14";"2019-12-15";"34.4423";"95.03";"-0.02";"83";"41.5";"2.84";"9.3";"36.2428";"401.12";"529.4";"0";"0"
"E";"2019-12-13";"2019-12-14";"34.4488";"95.05";"-0.05";"83";"41.5";"0.11";"19.1";"36.2428";"401.12";"529.4";"0";"0"
"E";"2019-12-12";"2019-12-13";"34.4678";"95.1";"-0.05";"83";"41.53";"0.11";"19.9";"36.2428";"401.12";"529.4";"0";"0"
"E";"2019-12-11";"2019-12-12";"34.4875";"95.16";"-0.16";"83";"41.55";"0.11";"59.2";"36.2428";"401.12";"529.4";"0";"0"
"E";"2019-12-10";"2019-12-11";"34.5466";"95.32";"-0.03";"83";"41.62";"11.67";"24.2";"36.2428";"401.12";"529.4";"0";"0"
"E";"2019-12-09";"2019-12-10";"34.5591";"95.35";"-0.02";"83";"41.64";"17.62";"24.8";"36.2428";"401.12";"529.4";"0";"0"
"E";"2019-12-08";"2019-12-09";"34.5669";"95.38";"-0.06";"83";"41.65";"2.45";"22.8";"36.2428";"401.12";"529.4";"0";"0"
"E";"2019-12-07";"2019-12-08";"34.5877";"95.43";"-0.06";"83";"41.67";"2.02";"22.9";"36.2428";"401.12";"529.4";"0";"0"
"E";"2019-12-06";"2019-12-07";"34.6085";"95.49";"-0.14";"83";"41.7";"0.01";"50.2";"36.2428";"401.12";"529.4";"0";"0"
"E";"2019-12-05";"2019-12-06";"34.6587";"95.63";"-0.11";"83";"41.76";"0.01";"39.1";"36.2428";"401.12";"529.4";"0";"0"
"E";"2019-12-04";"2019-12-05";"34.6978";"95.74";"-0.22";"83";"41.8";"0.01";"80.4";"36.2428";"401.12";"529.4";"0";"0"
"E";"2019-12-03";"2019-12-04";"34.7781";"95.96";"-0.28";"83";"41.9";"0.01";"100";"36.2428";"401.12";"529.4";"0";"0"
"E";"2019-12-02";"2019-12-03";"34.8782";"96.23";"-0.21";"83";"42.02";"0.01";"77.3";"36.2428";"401.12";"529.4";"0";"0"
"E";"2019-12-01";"2019-12-02";"34.9554";"96.45";"-0.14";"83";"42.11";"0.01";"49.6";"36.2428";"401.12";"529.4";"0";"0"
"E";"2019-11-30";"2019-12-01";"35.0051";"96.58";"-0.05";"83";"42.17";"0.02";"19";"36.2428";"401.12";"529.4";"0";"0"
"E";"2019-11-29";"2019-11-30";"35.024";"96.64";"-0.06";"83";"42.2";"0.33";"22.5";"36.2428";"401.12";"529.4";"0";"0"
"E";"2019-11-28";"2019-11-29";"35.0462";"96.7";"-0.06";"83";"42.22";"1.07";"23.5";"36.2428";"401.12";"529.4";"0";"0"
"E";"2019-11-27";"2019-11-28";"35.0686";"96.76";"-0.11";"83";"42.25";"0.11";"40";"36.2428";"401.12";"529.4";"0";"0"
"E";"2019-11-26";"2019-11-27";"35.1085";"96.87";"-0.08";"83";"42.3";"0.11";"29.6";"36.2428";"401.12";"529.4";"0";"0"
"E";"2019-11-25";"2019-11-26";"35.138";"96.95";"-0.08";"83";"42.33";"1.43";"31.5";"36.2428";"401.12";"529.4";"0";"0"
"E";"2019-11-24";"2019-11-25";"35.1681";"97.03";"-0.04";"83";"42.37";"2.95";"19";"36.2428";"401.12";"529.4";"0";"0"
"E";"2019-11-23";"2019-11-24";"35.1842";"97.08";"-0.01";"83";"42.39";"3.82";"6.4";"36.2428";"401.12";"529.4";"0";"0"
"E";"2019-11-22";"2019-11-23";"35.1868";"97.09";"-0.1";"83";"42.39";"0.1";"36.4";"36.2428";"401.12";"529.4";"0";"0"
"E";"2019-11-21";"2019-11-22";"35.223";"97.19";"-0.06";"83";"42.44";"0.1";"20.4";"36.2428";"401.12";"529.4";"0";"0"
"E";"2019-11-20";"2019-11-21";"35.2434";"97.24";"-0.06";"83";"42.46";"0.1";"20.8";"36.2428";"401.12";"529.4";"0";"0"
"E";"2019-11-19";"2019-11-20";"35.2641";"97.3";"-0.05";"83";"42.49";"0.75";"19.6";"36.2428";"401.12";"529.4";"0";"0"
"E";"2019-11-18";"2019-11-19";"35.283";"97.35";"-0.02";"83";"42.51";"0.99";"8.8";"36.2428";"401.12";"529.4";"0";"0"
"E";"2019-11-17";"2019-11-18";"35.2908";"97.37";"0";"83";"42.52";"4.03";"2.2";"36.2428";"401.12";"529.4";"0";"0"
"E";"2019-11-16";"2019-11-17";"35.289";"97.37";"0.01";"83";"42.52";"6.04";"2.2";"36.2428";"401.12";"529.4";"0";"0"
"E";"2019-11-15";"2019-11-16";"35.2852";"97.36";"-0.01";"83";"42.51";"0.1";"3";"36.2428";"401.12";"529.4";"0";"0"
"E";"2019-11-14";"2019-11-15";"35.2882";"97.37";"-0.04";"83";"42.52";"0.1";"14.6";"36.2428";"401.12";"529.4";"0";"0"
"E";"2019-11-13";"2019-11-14";"35.3027";"97.41";"-0.01";"83";"42.53";"0.01";"3.4";"36.2428";"401.12";"529.4";"0";"0"
"E";"2019-11-12";"2019-11-13";"35.3061";"97.42";"-0.01";"83";"42.54";"0.01";"5.1";"36.2428";"401.12";"529.4";"0";"0"
"E";"2019-11-11";"2019-11-12";"35.3112";"97.43";"-0.02";"83";"42.54";"0.01";"6.7";"36.2428";"401.12";"529.4";"0";"0"
"E";"2019-11-10";"2019-11-11";"35.3179";"97.45";"-0.02";"83";"42.55";"0.66";"8.5";"36.2428";"401.12";"529.4";"0";"0"
"E";"2019-11-09";"2019-11-10";"35.3258";"97.47";"0.01";"83";"42.56";"6.04";"2.5";"36.2428";"401.12";"529.4";"0";"0"
"E";"2019-11-08";"2019-11-09";"35.3222";"97.46";"-0.01";"83";"42.56";"0.89";"3.6";"36.2428";"401.12";"529.4";"0";"0"
"E";"2019-11-07";"2019-11-08";"35.3249";"97.47";"0";"83";"42.56";"0.32";"2.1";"36.2428";"401.12";"529.4";"0";"0"
"E";"2019-11-06";"2019-11-07";"35.3267";"97.47";"0.01";"83";"42.56";"4.09";"2.1";"36.2428";"401.12";"529.4";"0";"0"
"E";"2019-11-05";"2019-11-06";"35.3248";"97.47";"0";"83";"42.56";"2.57";"2.2";"36.2428";"401.12";"529.4";"0";"0"
"E";"2019-11-04";"2019-11-05";"35.3244";"97.47";"-0.01";"83";"42.56";"0.66";"2.7";"36.2428";"401.12";"529.4";"0";"0"
"E";"2019-11-03";"2019-11-04";"35.3264";"97.47";"0.01";"83";"42.56";"6.59";"2.1";"36.2428";"401.12";"529.4";"0";"0"
"E";"2019-11-02";"2019-11-03";"35.322";"97.46";"-0.01";"83";"42.56";"1.98";"4.8";"36.2428";"401.12";"529.4";"0";"0"
"E";"2019-11-01";"2019-11-02";"35.3248";"97.47";"0";"83";"42.56";"0.03";"1.7";"36.2428";"401.12";"529.4";"0";"0"
"E";"2019-10-31";"2019-11-01";"35.3265";"97.47";"-0.07";"83";"42.56";"0";"8.6";"36.2428";"401.12";"529.4";"0";"0"
"E";"2019-10-30";"2019-10-31";"35.3532";"97.55";"-0.02";"83";"42.59";"0";"7";"36.2428";"401.12";"529.4";"0";"0"
"E";"2019-10-29";"2019-10-30";"35.3603";"97.56";"-0.01";"83";"42.6";"0";"1.9";"36.2428";"401.12";"529.4";"0";"0"
"E";"2019-10-28";"2019-10-29";"35.3622";"97.57";"0";"83";"42.61";"0";"0.6";"36.2428";"401.12";"529.4";"0";"0"
"E";"2019-10-27";"2019-10-28";"35.3628";"97.57";"0.01";"83";"42.61";"4.65";"0";"36.2428";"401.12";"529.4";"0";"0"
"E";"2019-10-26";"2019-10-27";"35.3582";"97.56";"-0.01";"83";"42.6";"0";"2.4";"36.2428";"401.12";"529.4";"0";"0"
"E";"2019-10-25";"2019-10-26";"35.3606";"97.57";"0.01";"83";"42.6";"3.49";"0";"36.2428";"401.12";"529.4";"0";"0"
"E";"2019-10-24";"2019-10-25";"35.3571";"97.56";"0";"83";"42.6";"0.54";"0.8";"36.2428";"401.12";"529.4";"0";"0"
"E";"2019-10-23";"2019-10-24";"35.3573";"97.56";"0";"83";"42.6";"0.64";"1.3";"36.2428";"401.12";"529.4";"0";"0"
"E";"2019-10-22";"2019-10-23";"35.358";"97.56";"0";"83";"42.6";"0.64";"1.9";"36.2428";"401.12";"529.4";"0";"0"
"E";"2019-10-21";"2019-10-22";"35.3593";"97.56";"-0.03";"83";"42.6";"0.64";"10";"36.2428";"401.12";"529.4";"0";"0"
"E";"2019-10-20";"2019-10-21";"35.3687";"97.59";"-0.01";"83";"42.61";"2.51";"5.4";"36.2428";"401.12";"529.4";"0";"0"
"E";"2019-10-19";"2019-10-20";"35.3716";"97.6";"-0.01";"83";"42.62";"4.45";"8.7";"36.2428";"401.12";"529.4";"0";"0"
"E";"2019-10-18";"2019-10-19";"35.3758";"97.61";"0.02";"83";"42.62";"11.59";"3.7";"36.2428";"401.12";"529.4";"0";"0"
"E";"2019-10-17";"2019-10-18";"35.3679";"97.59";"0.01";"83";"42.61";"7.74";"3.3";"36.2428";"401.12";"529.4";"0";"0"
"E";"2019-10-16";"2019-10-17";"35.3635";"97.57";"0.01";"83";"42.61";"4.62";"1.6";"36.2428";"401.12";"529.4";"0";"0"
"E";"2019-10-15";"2019-10-16";"35.3609";"97.57";"0.01";"83";"42.6";"4.49";"1.3";"36.2428";"401.12";"529.4";"0";"0"
"E";"2019-10-14";"2019-10-15";"35.3577";"97.56";"0.01";"83";"42.6";"5.84";"1.2";"36.2428";"401.12";"529.4";"0";"0"
"E";"2019-10-13";"2019-10-14";"35.3531";"97.55";"0.03";"83";"42.59";"11.72";"3";"36.2428";"401.12";"529.4";"0";"0"
"E";"2019-10-12";"2019-10-13";"35.3424";"97.52";"0.01";"83";"42.58";"6.28";"1.1";"36.2428";"401.12";"529.4";"0";"0"
"E";"2019-10-11";"2019-10-12";"35.3372";"97.5";"0.01";"83";"42.57";"4.9";"2";"36.2428";"401.12";"529.4";"0";"0"
"E";"2019-10-10";"2019-10-11";"35.3343";"97.49";"0";"83";"42.57";"1";"1.2";"36.2428";"401.12";"529.4";"0";"0"
"E";"2019-10-09";"2019-10-10";"35.3345";"97.49";"-0.01";"83";"42.57";"0.02";"2.3";"36.2428";"401.12";"529.4";"0";"0"
"E";"2019-10-08";"2019-10-09";"35.3368";"97.5";"-0.02";"83";"42.57";"0.1";"6.7";"36.2428";"401.12";"529.4";"0";"0"
"E";"2019-10-07";"2019-10-08";"35.3434";"97.52";"0";"83";"42.58";"0.1";"1.6";"36.2428";"401.12";"529.4";"0";"0"
"E";"2019-10-06";"2019-10-07";"35.3449";"97.52";"0";"83";"42.58";"1.86";"0.1";"36.2428";"401.12";"529.4";"0";"0"
"E";"2019-10-05";"2019-10-06";"35.3432";"97.52";"0.01";"83";"42.58";"5.53";"0.1";"36.2428";"401.12";"529.4";"0";"0"
"E";"2019-10-04";"2019-10-05";"35.3378";"97.5";"0.01";"83";"42.58";"4.57";"1.1";"36.2428";"401.12";"529.4";"0";"0"
"E";"2019-10-03";"2019-10-04";"35.3343";"97.49";"-0.01";"83";"42.57";"2.22";"4.5";"36.2428";"401.12";"529.4";"0";"0"
"E";"2019-10-02";"2019-10-03";"35.3367";"97.5";"0.01";"83";"42.57";"6.79";"3.7";"36.2428";"401.12";"529.4";"0";"0"
"E";"2019-10-01";"2019-10-02";"35.3336";"97.49";"0.01";"83";"42.57";"10.4";"3.2";"36.2428";"401.12";"529.4";"0";"0"
"E";"2019-09-30";"2019-10-01";"35.3299";"97.48";"0.03";"83";"42.57";"15.22";"0";"36.2428";"401.12";"529.4";"0";"0"
"E";"2019-09-29";"2019-09-30";"35.3201";"97.45";"0.06";"83";"42.55";"31.7";"0";"36.2428";"401.12";"529.4";"0";"0"
"E";"2019-09-28";"2019-09-29";"35.2983";"97.39";"0.07";"83";"42.53";"27.86";"1.6";"36.2428";"401.12";"529.4";"0";"0"
"E";"2019-09-27";"2019-09-28";"35.272";"97.32";"0.04";"83";"42.5";"16.05";"1.6";"36.2428";"401.12";"529.4";"0";"0"
"E";"2019-09-26";"2019-09-27";"35.2576";"97.28";"0.04";"83";"42.48";"13.81";"0.6";"36.2428";"401.12";"529.4";"0";"0"
"E";"2019-09-25";"2019-09-26";"35.2444";"97.25";"0.06";"83";"42.46";"30.18";"9.3";"36.2428";"401.12";"529.4";"0";"0"
"E";"2019-09-24";"2019-09-25";"35.2235";"97.19";"0.05";"83";"42.44";"24.72";"5.1";"36.2428";"401.12";"529.4";"0";"0"
"E";"2019-09-23";"2019-09-24";"35.2039";"97.13";"0.02";"83";"42.41";"10.19";"4.3";"36.2428";"401.12";"529.4";"0";"0"
"E";"2019-09-22";"2019-09-23";"35.198";"97.12";"0.04";"83";"42.41";"16.7";"3.6";"36.2428";"401.12";"529.4";"0";"0"
"E";"2019-09-21";"2019-09-22";"35.1849";"97.08";"0.07";"83";"42.39";"27.46";"3.5";"36.2428";"401.12";"529.4";"0";"0"
"E";"2019-09-20";"2019-09-21";"35.1609";"97.01";"-0.01";"83";"42.36";"25.8";"29.5";"36.2428";"401.12";"529.4";"0";"0"
"E";"2019-09-19";"2019-09-20";"35.1647";"97.03";"0.03";"83";"42.37";"28.28";"17.1";"36.2428";"401.12";"529.4";"0";"0"
"E";"2019-09-18";"2019-09-19";"35.1535";"96.99";"0.04";"83";"42.35";"29.15";"14.9";"36.2428";"401.12";"529.4";"0";"0"
"E";"2019-09-17";"2019-09-18";"35.1393";"96.96";"0.05";"83";"42.34";"31.52";"12.9";"36.2428";"401.12";"529.4";"0";"0"
"E";"2019-09-16";"2019-09-17";"35.1207";"96.9";"-0.16";"83";"42.31";"27.59";"14";"36.2428";"401.12";"529.4";"0";"0"
"E";"2019-09-15";"2019-09-16";"35.1771";"97.06";"0.04";"83";"42.38";"27.35";"11.3";"36.2428";"401.12";"529.4";"0";"0"
"E";"2019-09-14";"2019-09-15";"35.161";"97.02";"0.07";"83";"42.36";"36.76";"11.3";"36.2428";"401.12";"529.4";"0";"0"
"E";"2019-09-13";"2019-09-14";"35.1355";"96.94";"0.06";"83";"42.33";"34.19";"12.8";"36.2428";"401.12";"529.4";"0";"0"
"E";"2019-09-12";"2019-09-13";"35.1141";"96.89";"0.05";"83";"42.31";"30.51";"13.8";"36.2428";"401.12";"529.4";"0";"0"
"E";"2019-09-11";"2019-09-12";"35.0973";"96.84";"0.06";"83";"42.29";"34.37";"13.4";"36.2428";"401.12";"529.4";"0";"0"
"E";"2019-09-10";"2019-09-11";"35.0763";"96.78";"0.05";"83";"42.26";"34.87";"16";"36.2428";"401.12";"529.4";"0";"0"
"E";"2019-09-09";"2019-09-10";"35.0574";"96.73";"0.05";"83";"42.24";"32.07";"13.1";"36.2428";"401.12";"529.4";"0";"0"
"E";"2019-09-08";"2019-09-09";"35.0385";"96.68";"0.05";"83";"42.22";"29.94";"12.1";"36.2428";"401.12";"529.4";"0";"0"
"E";"2019-09-07";"2019-09-08";"35.0207";"96.63";"0.08";"83";"42.19";"39.93";"12.1";"36.2428";"401.12";"529.4";"0";"0"
"E";"2019-09-06";"2019-09-07";"34.9929";"96.55";"0.05";"83";"42.16";"32.08";"14.1";"36.2428";"401.12";"529.4";"0";"0"
"E";"2019-09-05";"2019-09-06";"34.9749";"96.5";"0.04";"83";"42.14";"27.76";"14.5";"36.2428";"401.12";"529.4";"0";"0"
"E";"2019-09-04";"2019-09-05";"34.9616";"96.46";"0.08";"83";"42.12";"39.86";"12.5";"36.2428";"401.12";"529.4";"0";"0"
"E";"2019-09-03";"2019-09-04";"34.9343";"96.39";"0.07";"83";"42.09";"41.91";"16.5";"36.2428";"401.12";"529.4";"0";"0"
"E";"2019-09-02";"2019-09-03";"34.9089";"96.32";"0.16";"83";"42.06";"68.97";"12";"36.2428";"401.12";"529.4";"0";"0"
"E";"2019-09-01";"2019-09-02";"34.8519";"96.16";"0.16";"83";"41.99";"64.54";"5.2";"36.2428";"401.12";"529.4";"0";"0"
"E";"2019-08-31";"2019-09-01";"34.7925";"96";"0.2";"83";"41.92";"74.59";"2.4";"36.2428";"401.12";"529.4";"0";"0"
"E";"2019-08-30";"2019-08-31";"34.7203";"95.8";"0.2";"83";"41.83";"74.74";"1.1";"36.2428";"401.12";"529.4";"0";"0"
"E";"2019-08-29";"2019-08-30";"34.6467";"95.6";"0.2";"83";"41.74";"74.76";"1.4";"36.2428";"401.12";"529.4";"0";"0"
"E";"2019-08-28";"2019-08-29";"34.5733";"95.39";"0.21";"83";"41.65";"76.96";"2";"36.2428";"401.12";"529.4";"0";"0"
"E";"2019-08-27";"2019-08-28";"34.4983";"95.19";"0.2";"83";"41.56";"71.22";"0.3";"36.2428";"401.12";"529.4";"0";"0"
"E";"2019-08-26";"2019-08-27";"34.4274";"94.99";"0.2";"83";"41.48";"74.21";"0";"36.2428";"401.12";"529.4";"0";"0"
"E";"2019-08-25";"2019-08-26";"34.3532";"94.79";"0.2";"83";"41.39";"72.11";"0";"36.2428";"401.12";"529.4";"0";"0"
"E";"2019-08-24";"2019-08-25";"34.2811";"94.59";"0.2";"83";"41.3";"70.64";"0";"36.2428";"401.12";"529.4";"0";"0"
"E";"2019-08-23";"2019-08-24";"34.2104";"94.39";"0.21";"83";"41.22";"74.29";"0";"36.2428";"401.12";"529.4";"0";"0"
"E";"2019-08-22";"2019-08-23";"34.1361";"94.19";"0.23";"83";"41.13";"84.43";"0";"36.2428";"401.12";"529.4";"0";"0"
"E";"2019-08-21";"2019-08-22";"34.0517";"93.95";"0.24";"83";"41.03";"85.63";"0";"36.2428";"401.12";"529.4";"0";"0"
"E";"2019-08-20";"2019-08-21";"33.9661";"93.72";"0.24";"83";"40.92";"85.59";"0";"36.2428";"401.12";"529.4";"0";"0"
"E";"2019-08-19";"2019-08-20";"33.8805";"93.48";"0.23";"83";"40.82";"83.88";"0";"36.2428";"401.12";"529.4";"0";"0"
"E";"2019-08-18";"2019-08-19";"33.7966";"93.25";"0.23";"83";"40.72";"82.62";"0";"36.2428";"401.12";"529.4";"0";"0"
"E";"2019-08-17";"2019-08-18";"33.714";"93.02";"0.23";"83";"40.62";"82.63";"0";"36.2428";"401.12";"529.4";"0";"0"
"E";"2019-08-16";"2019-08-17";"33.6313";"92.79";"0.24";"83";"40.52";"85.84";"0";"36.2428";"401.12";"529.4";"0";"0"
"E";"2019-08-15";"2019-08-16";"33.5455";"92.56";"0.22";"83";"40.42";"79.91";"0";"36.2428";"401.12";"529.4";"0";"0"
"E";"2019-08-14";"2019-08-15";"33.4656";"92.34";"0.27";"83";"40.32";"96.9";"0";"36.2428";"401.12";"529.4";"0";"0"
"E";"2019-08-13";"2019-08-14";"33.3687";"92.07";"0.25";"83";"40.2";"92.36";"0";"36.2428";"401.12";"529.4";"0";"0"
"E";"2019-08-12";"2019-08-13";"33.2763";"91.81";"0.25";"83";"40.09";"90.42";"0";"36.2428";"401.12";"529.4";"0";"0"
"E";"2019-08-11";"2019-08-12";"33.1859";"91.57";"0.26";"83";"39.98";"92.54";"0";"36.2428";"401.12";"529.4";"0";"0"
"E";"2019-08-10";"2019-08-11";"33.0934";"91.31";"0.26";"83";"39.87";"92.52";"0";"36.2428";"401.12";"529.4";"0";"0"
"E";"2019-08-09";"2019-08-10";"33.0008";"91.05";"0.27";"83";"39.76";"97.07";"0";"36.2428";"401.12";"529.4";"0";"0"
"E";"2019-08-08";"2019-08-09";"32.9038";"90.79";"0.27";"83";"39.64";"97.5";"0";"36.2428";"401.12";"529.4";"0";"0"
"E";"2019-08-07";"2019-08-08";"32.8063";"90.52";"0.25";"83";"39.53";"91.98";"0";"36.2428";"401.12";"529.4";"0";"0"
"E";"2019-08-06";"2019-08-07";"32.7143";"90.26";"0.26";"83";"39.41";"95.76";"0";"36.2428";"401.12";"529.4";"0";"0"
"E";"2019-08-05";"2019-08-06";"32.6185";"90";"0.22";"83";"39.3";"78.73";"0";"36.2428";"401.12";"529.4";"0";"0"
"E";"2019-08-04";"2019-08-05";"32.5398";"89.78";"0.2";"83";"39.2";"73.01";"0";"36.2428";"401.12";"529.4";"0";"0"
"E";"2019-08-03";"2019-08-04";"32.4668";"89.58";"0.25";"83";"39.12";"89.46";"0";"36.2428";"401.12";"529.4";"0";"0"
"E";"2019-08-02";"2019-08-03";"32.3773";"89.33";"0.32";"83";"39.01";"116.04";"0";"36.2428";"401.12";"529.4";"0";"0"
"E";"2019-08-01";"2019-08-02";"32.2613";"89.01";"0.31";"83";"38.87";"110.92";"0";"36.2428";"401.12";"529.4";"0";"0"
"E";"2019-07-31";"2019-08-01";"32.1504";"88.71";"0.3";"83";"38.74";"110.13";"0";"36.2428";"401.12";"529.4";"0";"0"
"E";"2019-07-30";"2019-07-31";"32.0402";"88.4";"0.39";"83";"38.6";"142.32";"0";"36.2428";"401.12";"529.4";"0";"0"
"E";"2019-07-29";"2019-07-30";"31.8979";"88.01";"0.34";"83";"38.43";"122.67";"0";"36.2428";"401.12";"529.4";"0";"0"
"E";"2019-07-28";"2019-07-29";"31.7752";"87.67";"0.38";"83";"38.28";"136.35";"0";"36.2428";"401.12";"529.4";"0";"0"
"E";"2019-07-27";"2019-07-28";"31.6389";"87.3";"0.38";"83";"38.12";"135.99";"0";"36.2428";"401.12";"529.4";"0";"0"
"E";"2019-07-26";"2019-07-27";"31.5029";"86.92";"0.34";"83";"37.96";"123.66";"0";"36.2428";"401.12";"529.4";"0";"0"
"E";"2019-07-25";"2019-07-26";"31.3792";"86.58";"0.35";"83";"37.81";"126.6";"0.9";"36.2428";"401.12";"529.4";"0";"0"
"E";"2019-07-24";"2019-07-25";"31.2536";"86.23";"0.29";"83";"37.65";"104.54";"0";"36.2428";"401.12";"529.4";"0";"0"
"E";"2019-07-23";"2019-07-24";"31.149";"85.95";"0.24";"83";"37.53";"86.14";"0";"36.2428";"401.12";"529.4";"0";"0"
"E";"2019-07-22";"2019-07-23";"31.0629";"85.71";"0.22";"83";"37.43";"79.96";"0";"36.2428";"401.12";"529.4";"0";"0"
"E";"2019-07-21";"2019-07-22";"30.9829";"85.49";"0.25";"83";"37.33";"89.18";"0";"36.2428";"401.12";"529.4";"0";"0"
"E";"2019-07-20";"2019-07-21";"30.8937";"85.24";"0.24";"83";"37.22";"87.65";"0";"36.2428";"401.12";"529.4";"0";"0"
"E";"2019-07-19";"2019-07-20";"30.8061";"85";"0.21";"83";"37.12";"75.23";"0.7";"36.2428";"401.12";"529.4";"0";"0"
"E";"2019-07-18";"2019-07-19";"30.7316";"84.79";"0.2";"83";"37.03";"73.17";"0";"36.2428";"401.12";"529.4";"0";"0"
"E";"2019-07-17";"2019-07-18";"30.6584";"84.59";"0.26";"83";"36.94";"95.41";"0.7";"36.2428";"401.12";"529.4";"0";"0"
"E";"2019-07-16";"2019-07-17";"30.5637";"84.33";"0.2";"83";"36.82";"76.33";"3";"36.2428";"401.12";"529.4";"0";"0"
"E";"2019-07-15";"2019-07-16";"30.4904";"84.13";"0.21";"83";"36.74";"134.07";"1.2";"36.2428";"401.12";"529.4";"0";"0"
"E";"2019-07-14";"2019-07-15";"30.4125";"83.91";"0.4";"83";"36.64";"146.34";"0";"36.2428";"401.12";"529.4";"0";"0"
"E";"2019-07-13";"2019-07-14";"30.2662";"83.51";"0.39";"83";"36.47";"140.42";"0";"36.2428";"401.12";"529.4";"0";"0"
"E";"2019-07-12";"2019-07-13";"30.1258";"83.12";"0.33";"83";"36.3";"140.8";"19.8";"36.2428";"401.12";"529.4";"0";"0"
"E";"2019-07-11";"2019-07-12";"30.0048";"82.79";"0.28";"83";"36.15";"120.03";"19.8";"36.2428";"401.12";"529.4";"0";"0"
"E";"2019-07-10";"2019-07-11";"29.9046";"82.51";"0.29";"83";"36.03";"124.02";"19.8";"36.2428";"401.12";"529.4";"0";"0"
"E";"2019-07-09";"2019-07-10";"29.8004";"82.22";"0.32";"83";"35.9";"136.95";"20.8";"36.2428";"401.12";"529.4";"0";"0"
"E";"2019-07-08";"2019-07-09";"29.6842";"81.9";"0.31";"83";"35.76";"130.88";"19.8";"36.2428";"401.12";"529.4";"0";"0"
"E";"2019-07-07";"2019-07-08";"29.5732";"81.6";"0.32";"83";"35.63";"136.71";"19.8";"36.2428";"401.12";"529.4";"0";"0"
"E";"2019-07-06";"2019-07-07";"29.4563";"81.27";"0.33";"83";"35.49";"138.97";"19.8";"36.2428";"401.12";"529.4";"0";"0"
"E";"2019-07-05";"2019-07-06";"29.3372";"80.95";"0.33";"83";"35.35";"137.87";"19.8";"36.2428";"401.12";"529.4";"0";"0"
"E";"2019-07-04";"2019-07-05";"29.2191";"80.62";"0.31";"83";"35.2";"132.73";"19.8";"36.2428";"401.12";"529.4";"0";"0"
"E";"2019-07-03";"2019-07-04";"29.1062";"80.31";"0.3";"83";"35.07";"128.32";"19.8";"36.2428";"401.12";"529.4";"0";"0"
"E";"2019-07-02";"2019-07-03";"28.9977";"80.01";"0.31";"83";"34.94";"133.73";"19.8";"36.2428";"401.12";"529.4";"0";"0"
"E";"2019-07-01";"2019-07-02";"28.8838";"79.7";"0.33";"83";"34.8";"138.04";"19.8";"36.2428";"401.12";"529.4";"0";"0"
"E";"2019-06-30";"2019-07-01";"28.7656";"79.37";"0.64";"83";"34.66";"230.53";"0";"36.2428";"401.12";"529.4";"0";"0"
"E";"2019-06-29";"2019-06-30";"28.535";"78.73";"0.63";"83";"34.38";"229.91";"0";"36.2428";"401.12";"529.4";"0";"0"
"E";"2019-06-28";"2019-06-29";"28.3051";"78.1";"0.6";"83";"34.1";"218.09";"0";"36.2428";"401.12";"529.4";"0";"0"
"E";"2019-06-27";"2019-06-28";"28.087";"77.5";"0.56";"83";"33.84";"222.94";"19.1";"36.2428";"401.12";"529.4";"0";"0"
"E";"2019-06-26";"2019-06-27";"27.8832";"76.93";"0.56";"83";"33.59";"224.23";"21.2";"36.2428";"401.12";"529.4";"0";"0"
"E";"2019-06-25";"2019-06-26";"27.6801";"76.37";"0.63";"83";"33.35";"230";"0";"36.2428";"401.12";"529.4";"0";"0"
"E";"2019-06-24";"2019-06-25";"27.4501";"75.74";"0.63";"83";"33.07";"229.39";"0";"36.2428";"401.12";"529.4";"0";"0"
"E";"2019-06-23";"2019-06-24";"27.2208";"75.11";"0.79";"83";"32.8";"286.7";"0";"36.2428";"401.12";"529.4";"0";"0"
"E";"2019-06-22";"2019-06-23";"26.9341";"74.32";"0.79";"83";"32.45";"286.55";"0";"36.2428";"401.12";"529.4";"0";"0"
"E";"2019-06-21";"2019-06-22";"26.6475";"73.52";"0.67";"83";"32.11";"243.61";"0";"36.2428";"401.12";"529.4";"0";"0"
"E";"2019-06-20";"2019-06-21";"26.4039";"72.85";"0.74";"83";"31.81";"268.9";"0";"36.2428";"401.12";"529.4";"0";"0"
"E";"2019-06-19";"2019-06-20";"26.135";"72.11";"0.78";"83";"31.49";"280.86";"0";"36.2428";"401.12";"529.4";"0";"0"
"E";"2019-06-18";"2019-06-19";"25.8541";"71.34";"0.76";"83";"31.15";"275.33";"0";"36.2428";"401.12";"529.4";"0";"0"
"E";"2019-06-17";"2019-06-18";"25.5788";"70.58";"0.68";"83";"30.82";"247.11";"0";"36.2428";"401.12";"529.4";"0";"0"
"E";"2019-06-16";"2019-06-17";"25.3317";"69.89";"0.71";"83";"30.52";"256.75";"0.1";"36.2428";"401.12";"529.4";"0";"0"
"E";"2019-06-15";"2019-06-16";"25.0751";"69.19";"0.72";"83";"30.21";"260.54";"0";"36.2428";"401.12";"529.4";"0";"0"
"E";"2019-06-14";"2019-06-15";"24.8146";"68.47";"0.79";"83";"29.9";"287.17";"0";"36.2428";"401.12";"529.4";"0";"0"
"E";"2019-06-13";"2019-06-14";"24.5274";"67.68";"0.72";"83";"29.55";"260.79";"0";"36.2428";"401.12";"529.4";"0";"0"
"E";"2019-06-12";"2019-06-13";"24.2666";"66.96";"0.76";"83";"29.24";"275.17";"0";"36.2428";"401.12";"529.4";"0";"0"
"E";"2019-06-11";"2019-06-12";"23.9914";"66.2";"0.74";"83";"28.91";"266.73";"0";"36.2428";"401.12";"529.4";"0";"0"
"E";"2019-06-10";"2019-06-11";"23.7247";"65.46";"0.71";"83";"28.58";"255.98";"0";"36.2428";"401.12";"529.4";"0";"0"
"E";"2019-06-09";"2019-06-10";"23.4687";"64.75";"0.75";"83";"28.28";"273.04";"0";"36.2428";"401.12";"529.4";"0";"0"
"E";"2019-06-08";"2019-06-09";"23.1957";"64";"0.75";"83";"27.95";"273.17";"0";"36.2428";"401.12";"529.4";"0";"0"
"E";"2019-06-07";"2019-06-08";"22.9225";"63.25";"0.69";"83";"27.62";"251.23";"1.2";"36.2428";"401.12";"529.4";"0";"0"
"E";"2019-06-06";"2019-06-07";"22.6724";"62.56";"0.72";"83";"27.32";"260.7";"0";"36.2428";"401.12";"529.4";"0";"0"
"E";"2019-06-05";"2019-06-06";"22.4118";"61.84";"0.75";"83";"27";"272.15";"0";"36.2428";"401.12";"529.4";"0";"0"
"E";"2019-06-04";"2019-06-05";"22.1396";"61.09";"0.74";"83";"26.67";"267.55";"0";"36.2428";"401.12";"529.4";"0";"0"
"E";"2019-06-03";"2019-06-04";"21.8721";"60.35";"0.7";"83";"26.35";"254.66";"0";"36.2428";"401.12";"529.4";"0";"0"
"E";"2019-06-02";"2019-06-03";"21.6174";"59.65";"0.68";"83";"26.05";"246.57";"0";"36.2428";"401.12";"529.4";"0";"0"
"E";"2019-06-01";"2019-06-02";"21.3708";"58.97";"0.71";"83";"25.75";"257.68";"0";"36.2428";"401.12";"529.4";"0";"0"
"E";"2019-05-31";"2019-06-01";"21.1132";"59.61";"0.7";"83";"25.44";"247.68";"0";"35.4159";"401.12";"529.4";"0";"0"
"E";"2019-05-30";"2019-05-31";"20.8655";"58.92";"0.67";"83";"25.14";"238.29";"0.4";"35.4159";"401.12";"529.4";"0";"0"
"E";"2019-05-29";"2019-05-30";"20.6276";"58.24";"0.63";"83";"24.85";"224.76";"0.8";"35.4159";"401.12";"529.4";"0";"0"
"E";"2019-05-28";"2019-05-29";"20.4037";"57.61";"0.6";"83";"24.58";"213.04";"0";"35.4159";"401.12";"529.4";"0";"0"
"E";"2019-05-27";"2019-05-28";"20.1906";"57.01";"0.61";"83";"24.33";"216.1";"0";"35.4159";"401.12";"529.4";"0";"0"
"E";"2019-05-26";"2019-05-27";"19.9745";"56.4";"0.63";"83";"24.07";"221.65";"0";"35.4159";"401.12";"529.4";"0";"0"
"E";"2019-05-25";"2019-05-26";"19.7529";"55.77";"0.63";"83";"23.8";"222.53";"0";"35.4159";"401.12";"529.4";"0";"0"
"E";"2019-05-24";"2019-05-25";"19.5303";"55.15";"0.63";"83";"23.53";"222.27";"0.5";"35.4159";"401.12";"529.4";"0";"0"
"E";"2019-05-23";"2019-05-24";"19.3085";"54.52";"0.27";"83";"23.26";"126.35";"29.3";"35.4159";"401.12";"529.4";"0";"0"
"E";"2019-05-22";"2019-05-23";"19.2115";"54.25";"0.43";"83";"23.15";"151.24";"0";"35.4159";"401.12";"529.4";"0";"0"
"E";"2019-05-21";"2019-05-22";"19.0603";"53.82";"0.4";"83";"22.96";"143.94";"1";"35.4159";"401.12";"529.4";"0";"0"
"E";"2019-05-20";"2019-05-21";"18.9173";"53.41";"0.4";"83";"22.79";"142.92";"0";"35.4159";"401.12";"529.4";"0";"0"
"E";"2019-05-19";"2019-05-20";"18.7744";"53.01";"0.46";"83";"22.62";"162.89";"0";"35.4159";"401.12";"529.4";"0";"0"
"E";"2019-05-18";"2019-05-19";"18.6115";"52.55";"0.44";"83";"22.42";"156.22";"0";"35.4159";"401.12";"529.4";"0";"0"
"E";"2019-05-17";"2019-05-18";"18.4553";"52.11";"0.3";"83";"22.24";"108.29";"2.4";"35.4159";"401.12";"529.4";"0";"0"
"E";"2019-05-16";"2019-05-17";"18.3494";"51.81";"0.24";"83";"22.11";"88.21";"3.1";"35.4159";"401.12";"529.4";"0";"0"
"E";"2019-05-15";"2019-05-16";"18.2643";"51.57";"0.25";"83";"22.01";"89.78";"2";"35.4159";"401.12";"529.4";"0";"0"
"E";"2019-05-14";"2019-05-15";"18.1765";"51.32";"0.27";"83";"21.9";"97.79";"2.5";"35.4159";"401.12";"529.4";"0";"0"
"E";"2019-05-13";"2019-05-14";"18.0812";"51.05";"0.29";"83";"21.78";"103.9";"2.5";"35.4159";"401.12";"529.4";"0";"0"
"E";"2019-05-12";"2019-05-13";"17.9798";"50.77";"0.32";"83";"21.66";"116.21";"1.5";"35.4159";"401.12";"529.4";"0";"0"
"E";"2019-05-11";"2019-05-12";"17.8651";"50.44";"0.36";"83";"21.52";"130.4";"1.5";"35.4159";"401.12";"529.4";"0";"0"
"E";"2019-05-10";"2019-05-11";"17.7362";"50.08";"0.37";"83";"21.37";"137.84";"6.6";"35.4159";"401.12";"529.4";"0";"0"
"E";"2019-05-09";"2019-05-10";"17.6049";"49.71";"0.36";"83";"21.21";"134.1";"8.2";"35.4159";"401.12";"529.4";"0";"0"
"E";"2019-05-08";"2019-05-09";"17.479";"49.35";"0.28";"83";"21.06";"108.34";"8.2";"35.4159";"401.12";"529.4";"0";"0"
"E";"2019-05-07";"2019-05-08";"17.3788";"49.07";"0.26";"83";"20.94";"101.18";"9.6";"35.4159";"401.12";"529.4";"0";"0"
"E";"2019-05-06";"2019-05-07";"17.2873";"48.81";"0.21";"83";"20.83";"85.99";"12";"35.4159";"401.12";"529.4";"0";"0"
"E";"2019-05-05";"2019-05-06";"17.2132";"48.6";"0.29";"83";"20.74";"113.05";"10.9";"35.4159";"401.12";"529.4";"0";"0"
"E";"2019-05-04";"2019-05-05";"17.1111";"48.31";"0.3";"83";"20.62";"110.69";"4.1";"35.4159";"401.12";"529.4";"0";"0"
"E";"2019-05-03";"2019-05-04";"17.0045";"48.01";"0.33";"83";"20.49";"122.21";"3.6";"35.4159";"401.12";"529.4";"0";"0"
"E";"2019-05-02";"2019-05-03";"16.8859";"47.68";"0.29";"83";"20.34";"113.66";"11.2";"35.4159";"401.12";"529.4";"0";"0"
"E";"2019-05-01";"2019-05-02";"16.7834";"47.39";"0.38";"83";"20.22";"170.45";"34.5";"35.4159";"401.12";"529.4";"0";"0"
"E";"2019-04-30";"2019-05-01";"16.6474";"47.01";"0.31";"83";"20.06";"147.97";"36.6";"35.4159";"401.12";"529.4";"0";"0"
"E";"2019-04-29";"2019-04-30";"16.536";"46.69";"0.35";"83";"19.92";"163.57";"39.2";"35.4159";"401.12";"529.4";"0";"0"
"E";"2019-04-28";"2019-04-29";"16.4117";"46.34";"0.51";"83";"19.77";"180.68";"0";"35.4159";"401.12";"529.4";"0";"0"
"E";"2019-04-27";"2019-04-28";"16.231";"45.83";"0.55";"83";"19.56";"195.91";"0";"35.4159";"401.12";"529.4";"0";"0"
"E";"2019-04-26";"2019-04-27";"16.0351";"45.28";"0.49";"83";"19.32";"172.86";"0";"35.4159";"401.12";"529.4";"0";"0"
"E";"2019-04-25";"2019-04-26";"15.8622";"44.79";"0.48";"83";"19.11";"170";"0";"35.4159";"401.12";"529.4";"0";"0"
"E";"2019-04-24";"2019-04-25";"15.6922";"44.31";"0.34";"83";"18.91";"120.85";"0";"35.4159";"401.12";"529.4";"0";"0"
"E";"2019-04-23";"2019-04-24";"15.5714";"43.97";"0.41";"83";"18.76";"143.8";"0";"35.4159";"401.12";"529.4";"0";"0"
"E";"2019-04-22";"2019-04-23";"15.4276";"43.56";"0.56";"83";"18.59";"197.35";"0";"35.4159";"401.12";"529.4";"0";"0"
"E";"2019-04-21";"2019-04-22";"15.2302";"43";"0.58";"83";"18.35";"203.94";"0";"35.4159";"401.12";"529.4";"0";"0"
"E";"2019-04-20";"2019-04-21";"15.0263";"42.43";"0.51";"83";"18.1";"180.9";"0";"35.4159";"401.12";"529.4";"0";"0"
"E";"2019-04-19";"2019-04-20";"14.8454";"41.92";"0.46";"83";"17.89";"163.01";"0";"35.4159";"401.12";"529.4";"0";"0"
"E";"2019-04-18";"2019-04-19";"14.6824";"41.46";"0.32";"83";"17.69";"120.18";"6.2";"35.4159";"401.12";"529.4";"0";"0"
"E";"2019-04-17";"2019-04-18";"14.5684";"41.14";"0.27";"83";"17.55";"99.11";"4";"35.4159";"401.12";"529.4";"0";"0"
"E";"2019-04-16";"2019-04-17";"14.4733";"40.87";"0.3";"83";"17.44";"112.17";"5.6";"35.4159";"401.12";"529.4";"0";"0"
"E";"2019-04-15";"2019-04-16";"14.3667";"40.57";"0.11";"83";"17.31";"48.43";"10";"35.4159";"401.12";"529.4";"0";"0"
"E";"2019-04-14";"2019-04-15";"14.3283";"40.46";"0.12";"83";"17.26";"53.73";"10.3";"35.4159";"401.12";"529.4";"0";"0"
"E";"2019-04-13";"2019-04-14";"14.2848";"40.33";"0.07";"83";"17.21";"31.67";"8.6";"35.4159";"401.12";"529.4";"0";"0"
"E";"2019-04-12";"2019-04-13";"14.2613";"40.27";"0.12";"83";"17.18";"46.54";"4.9";"35.4159";"401.12";"529.4";"0";"0"
"E";"2019-04-11";"2019-04-12";"14.2196";"40.15";"0.11";"83";"17.13";"46.33";"7.1";"35.4159";"401.12";"529.4";"0";"0"
"E";"2019-04-10";"2019-04-11";"14.1804";"40.04";"0.18";"83";"17.08";"65.74";"2.3";"35.4159";"401.12";"529.4";"0";"0"
"E";"2019-04-09";"2019-04-10";"14.1169";"39.86";"0.21";"83";"17.01";"83.29";"7.4";"35.4159";"401.12";"529.4";"0";"0"
"E";"2019-04-08";"2019-04-09";"14.041";"39.65";"0.22";"83";"16.92";"79.75";"0.5";"35.4159";"401.12";"529.4";"0";"0"
"E";"2019-04-07";"2019-04-08";"13.9618";"39.42";"0.24";"83";"16.82";"84.93";"0";"35.4159";"401.12";"529.4";"0";"0"
"E";"2019-04-06";"2019-04-07";"13.8768";"39.18";"0.22";"83";"16.72";"77.86";"0";"35.4159";"401.12";"529.4";"0";"0"
"E";"2019-04-05";"2019-04-06";"13.799";"38.96";"0.25";"83";"16.63";"89.09";"0.3";"35.4159";"401.12";"529.4";"0";"0"
"E";"2019-04-04";"2019-04-05";"13.7102";"38.71";"0.23";"83";"16.52";"80.7";"1";"35.4159";"401.12";"529.4";"0";"0"
"E";"2019-04-03";"2019-04-04";"13.6305";"38.49";"0.29";"83";"16.42";"104.03";"1.5";"35.4159";"401.12";"529.4";"0";"0"
"E";"2019-04-02";"2019-04-03";"13.528";"38.2";"0.23";"83";"16.3";"85.12";"4.5";"35.4159";"401.12";"529.4";"0";"0"
"E";"2019-04-01";"2019-04-02";"13.4474";"37.97";"0.22";"83";"16.2";"85.45";"8.2";"35.4159";"401.12";"529.4";"0";"0"
"E";"2019-03-31";"2019-04-01";"13.3701";"37.78";"0.04";"83";"16.11";"16.12";"1.6";"35.3909";"401.12";"529.4";"0";"0"
"E";"2019-03-30";"2019-03-31";"13.3556";"37.74";"0.12";"83";"16.09";"42.77";"0.7";"35.3909";"401.12";"529.4";"0";"0"
"E";"2019-03-29";"2019-03-30";"13.3135";"37.62";"0.01";"83";"16.04";"7.8";"4.6";"35.3909";"401.12";"529.4";"0";"0"
"E";"2019-03-28";"2019-03-29";"13.3103";"37.61";"-0.08";"83";"16.04";"0.63";"29.8";"35.3909";"401.12";"529.4";"0";"0"
"E";"2019-03-27";"2019-03-28";"13.3395";"37.69";"-0.08";"83";"16.07";"0";"27.3";"35.3909";"401.12";"529.4";"0";"0"
"E";"2019-03-26";"2019-03-27";"13.3668";"37.77";"-0.03";"83";"16.1";"0.24";"12.6";"35.3909";"401.12";"529.4";"0";"0"
"E";"2019-03-25";"2019-03-26";"13.3791";"37.8";"-0.02";"83";"16.12";"1.08";"8.3";"35.3909";"401.12";"529.4";"0";"0"
"E";"2019-03-24";"2019-03-25";"13.3863";"37.82";"0.15";"83";"16.13";"55.16";"2.3";"35.3909";"401.12";"529.4";"0";"0"
"E";"2019-03-23";"2019-03-24";"13.3334";"37.67";"0.18";"83";"16.06";"65.41";"2.3";"35.3909";"401.12";"529.4";"0";"0"
"E";"2019-03-22";"2019-03-23";"13.2703";"37.5";"0.04";"83";"15.99";"20.54";"5.6";"35.3909";"401.12";"529.4";"0";"0"
"E";"2019-03-21";"2019-03-22";"13.2553";"37.45";"-0.08";"83";"15.97";"0.24";"30.2";"35.3909";"401.12";"529.4";"0";"0"
"E";"2019-03-20";"2019-03-21";"13.2853";"37.54";"-0.15";"83";"16.01";"0.24";"54.2";"35.3909";"401.12";"529.4";"0";"0"
"E";"2019-03-19";"2019-03-20";"13.3392";"38.3";"-0.2";"83";"16.07";"0.4";"70.2";"34.8316";"389.84";"517.87";"0";"0"
"E";"2019-03-18";"2019-03-19";"13.4091";"38.5";"-0.2";"83";"16.16";"0.95";"70.3";"34.8316";"389.84";"517.87";"0";"0"
"E";"2019-03-17";"2019-03-18";"13.4785";"38.7";"-0.13";"83";"16.24";"3.32";"49.2";"34.8316";"389.84";"517.87";"0";"0"
"E";"2019-03-16";"2019-03-17";"13.5243";"38.83";"-0.18";"83";"16.29";"2.13";"64.7";"34.8316";"389.84";"517.87";"0";"0"
"E";"2019-03-15";"2019-03-16";"13.5869";"39.01";"-0.21";"83";"16.37";"0.64";"75.5";"34.8316";"389.84";"517.87";"0";"0"
"E";"2019-03-14";"2019-03-15";"13.6617";"39.22";"-0.2";"83";"16.46";"0.64";"68.6";"34.8316";"389.84";"517.87";"0";"0"
"E";"2019-03-13";"2019-03-14";"13.7297";"39.42";"-0.2";"83";"16.54";"0.72";"71";"34.8316";"389.84";"517.87";"0";"0"
"E";"2019-03-12";"2019-03-13";"13.8";"39.62";"-0.27";"83";"16.63";"0.5";"96.1";"34.8316";"389.84";"517.87";"0";"0"
"E";"2019-03-11";"2019-03-12";"13.8956";"39.89";"-0.19";"83";"16.74";"0.74";"68";"34.8316";"389.84";"517.87";"0";"0"
"E";"2019-03-10";"2019-03-11";"13.9629";"40.09";"-0.07";"83";"16.82";"3.1";"28.3";"34.8316";"389.84";"517.87";"0";"0"
"E";"2019-03-09";"2019-03-10";"13.9881";"40.16";"-0.07";"83";"16.85";"4.14";"27.3";"34.8316";"389.84";"517.87";"0";"0"
"E";"2019-03-08";"2019-03-09";"14.0113";"40.23";"-0.04";"83";"16.88";"1.46";"16.8";"34.8316";"389.84";"517.87";"0";"0"
"E";"2019-03-07";"2019-03-08";"14.0267";"40.27";"-0.07";"83";"16.9";"1.12";"25.4";"34.8316";"389.84";"517.87";"0";"0"
"E";"2019-03-06";"2019-03-07";"14.051";"40.34";"-0.14";"83";"16.93";"0.58";"49.2";"34.8316";"389.84";"517.87";"0";"0"
"E";"2019-03-05";"2019-03-06";"14.0996";"40.48";"-0.08";"83";"16.99";"0.82";"29.6";"34.8316";"389.84";"517.87";"0";"0"
"E";"2019-03-04";"2019-03-05";"14.1285";"40.56";"-0.02";"83";"17.02";"2.73";"8.8";"34.8316";"389.84";"517.87";"0";"0"
"E";"2019-03-03";"2019-03-04";"14.1345";"40.58";"-0.01";"83";"17.03";"4.68";"7.8";"34.8316";"389.84";"517.87";"0";"0"
"E";"2019-03-02";"2019-03-03";"14.1377";"40.59";"-0.03";"83";"17.03";"4.36";"13.6";"34.8316";"389.84";"517.87";"0";"0"
"E";"2019-03-01";"2019-03-02";"14.1469";"40.62";"0.01";"83";"17.04";"7.53";"4.9";"34.8316";"389.84";"517.87";"0";"0"
"E";"2019-02-28";"2019-03-01";"14.1443";"40.61";"-0.28";"83";"17.04";"7.28";"106";"34.8316";"389.84";"517.87";"0";"0"
"E";"2019-02-27";"2019-02-28";"14.243";"40.89";"-0.27";"83";"17.16";"6.84";"101.7";"34.8316";"389.84";"517.87";"0";"0"
"E";"2019-02-26";"2019-02-27";"14.3379";"41.16";"-0.28";"83";"17.27";"7.36";"105.4";"34.8316";"389.84";"517.87";"0";"0"
"E";"2019-02-25";"2019-02-26";"14.436";"41.45";"-0.34";"83";"17.39";"3.99";"124";"34.8316";"389.84";"517.87";"0";"0"
"E";"2019-02-24";"2019-02-25";"14.556";"41.79";"-0.39";"83";"17.54";"5.13";"141.7";"34.8316";"389.84";"517.87";"0";"0"
"E";"2019-02-23";"2019-02-24";"14.6926";"42.18";"-0.36";"83";"17.7";"6.96";"131.6";"34.8316";"389.84";"517.87";"0";"0"
"E";"2019-02-22";"2019-02-23";"14.8172";"42.54";"-0.31";"83";"17.85";"1.5";"109.9";"34.8316";"389.84";"517.87";"0";"0"
"E";"2019-02-21";"2019-02-22";"14.9256";"42.85";"-0.38";"83";"17.98";"4.06";"136.2";"34.8316";"389.84";"517.87";"0";"0"
"E";"2019-02-20";"2019-02-21";"15.0578";"43.23";"-0.31";"83";"18.14";"3.06";"111.7";"34.8316";"389.84";"517.87";"0";"0"
"E";"2019-02-19";"2019-02-20";"15.1665";"43.54";"-0.21";"83";"18.27";"2.56";"76.6";"34.8316";"389.84";"517.87";"0";"0"
"E";"2019-02-18";"2019-02-19";"15.2405";"43.75";"-0.29";"83";"18.36";"6.39";"108.8";"34.8316";"389.84";"517.87";"0";"0"
"E";"2019-02-17";"2019-02-18";"15.3429";"44.05";"-0.15";"83";"18.49";"6.66";"58.5";"34.8316";"389.84";"517.87";"0";"0"
"E";"2019-02-16";"2019-02-17";"15.3947";"44.2";"-0.15";"83";"18.55";"6.1";"59.4";"34.8316";"389.84";"517.87";"0";"0"
"E";"2019-02-15";"2019-02-16";"15.448";"44.35";"-0.18";"83";"18.61";"7.89";"70.3";"34.8316";"389.84";"517.87";"0";"0"
"E";"2019-02-14";"2019-02-15";"15.5104";"44.53";"-0.3";"83";"18.69";"7.37";"111.8";"34.8316";"389.84";"517.87";"0";"0"
"E";"2019-02-13";"2019-02-14";"15.6148";"44.83";"-0.53";"83";"18.81";"6.77";"192.8";"34.8316";"389.84";"517.87";"0";"0"
"E";"2019-02-12";"2019-02-13";"15.8008";"45.36";"-0.52";"83";"19.04";"2.06";"181.7";"34.8316";"389.84";"517.87";"0";"0"
"E";"2019-02-11";"2019-02-12";"15.9804";"45.88";"-0.43";"83";"19.25";"1.69";"150";"34.8316";"389.84";"517.87";"0";"0"
"E";"2019-02-10";"2019-02-11";"16.1288";"46.31";"-0.37";"83";"19.43";"2.03";"130.3";"34.8316";"389.84";"517.87";"0";"0"
"E";"2019-02-09";"2019-02-10";"16.257";"46.67";"-0.37";"83";"19.59";"2.03";"131.3";"34.8316";"389.84";"517.87";"0";"0"
"E";"2019-02-08";"2019-02-09";"16.3863";"47.04";"-0.47";"83";"19.74";"1.12";"165.4";"34.8316";"389.84";"517.87";"0";"0"
"E";"2019-02-07";"2019-02-08";"16.5506";"47.52";"-0.61";"83";"19.94";"0.7";"211.8";"34.8316";"389.84";"517.87";"0";"0"
"E";"2019-02-06";"2019-02-07";"16.7617";"48.12";"-0.64";"83";"20.19";"1.4";"223.8";"34.8316";"389.84";"517.87";"0";"0"
"E";"2019-02-05";"2019-02-06";"16.9841";"48.76";"-0.65";"83";"20.46";"0";"226.1";"34.8316";"389.84";"517.87";"0";"0"
"E";"2019-02-04";"2019-02-05";"17.2102";"49.41";"-0.65";"83";"20.74";"0";"227";"34.8316";"389.84";"517.87";"0";"0"
"E";"2019-02-03";"2019-02-04";"17.4373";"50.06";"-0.54";"83";"21.01";"1.62";"188.5";"34.8316";"389.84";"517.87";"0";"0"
"E";"2019-02-02";"2019-02-03";"17.6242";"50.6";"-0.5";"83";"21.23";"3.41";"176.2";"34.8316";"389.84";"517.87";"0";"0"
"E";"2019-02-01";"2019-02-02";"17.797";"51.09";"-0.63";"83";"21.44";"2.03";"222.5";"34.8316";"389.84";"517.87";"0";"0"
"E";"2019-01-31";"2019-02-01";"18.0175";"51.73";"-0.78";"83";"21.71";"0";"272.4";"34.8316";"389.84";"517.87";"0";"0"
"E";"2019-01-30";"2019-01-31";"18.2899";"52.51";"-0.89";"83";"22.04";"0";"309.2";"34.8316";"389.84";"517.87";"0";"0"
"E";"2019-01-29";"2019-01-30";"18.5991";"53.4";"-0.81";"83";"22.41";"0";"281.9";"34.8316";"389.84";"517.87";"0";"0"
"E";"2019-01-28";"2019-01-29";"18.881";"54.21";"-0.72";"83";"22.75";"0";"250.7";"34.8316";"389.84";"517.87";"0";"0"
"E";"2019-01-27";"2019-01-28";"19.1317";"54.93";"-0.71";"83";"23.05";"1.12";"248.1";"34.8316";"389.84";"517.87";"0";"0"
"E";"2019-01-26";"2019-01-27";"19.3786";"55.64";"-0.63";"83";"23.35";"0";"220.8";"34.8316";"389.84";"517.87";"0";"0"
"E";"2019-01-25";"2019-01-26";"19.5995";"56.27";"-0.76";"83";"23.61";"0";"265.7";"34.8316";"389.84";"517.87";"0";"0"
"E";"2019-01-24";"2019-01-25";"19.8651";"57.03";"-0.78";"83";"23.93";"0";"271.2";"34.8316";"389.84";"517.87";"0";"0"
"E";"2019-01-23";"2019-01-24";"20.1363";"57.81";"-0.76";"83";"24.26";"0";"264.6";"34.8316";"389.84";"517.87";"0";"0"
"E";"2019-01-22";"2019-01-23";"20.4009";"58.57";"-0.69";"83";"24.58";"0";"241.3";"34.8316";"389.84";"517.87";"0";"0"
"E";"2019-01-21";"2019-01-22";"20.6422";"59.26";"-0.6";"83";"24.87";"0";"208.1";"34.8316";"389.84";"517.87";"0";"0"
"E";"2019-01-20";"2019-01-21";"20.8503";"59.86";"-0.71";"83";"25.12";"0";"248.7";"34.8316";"389.84";"517.87";"0";"0"
"E";"2019-01-19";"2019-01-20";"21.099";"60.57";"-0.65";"83";"25.42";"0";"227.2";"34.8316";"389.84";"517.87";"0";"0"
"E";"2019-01-18";"2019-01-19";"21.3262";"61.23";"-0.6";"83";"25.69";"0";"208.8";"34.8316";"389.84";"517.87";"0";"0"
"E";"2019-01-17";"2019-01-18";"21.535";"61.83";"-0.55";"83";"25.95";"1.7";"192.8";"34.8316";"389.84";"517.87";"0";"0"
"E";"2019-01-16";"2019-01-17";"21.7261";"62.37";"-0.53";"83";"26.18";"0.9";"185.7";"34.8316";"389.84";"517.87";"0";"0"
"E";"2019-01-15";"2019-01-16";"21.9109";"62.91";"-0.54";"83";"26.4";"0.5";"189.7";"34.8316";"389.84";"517.87";"0";"0"
"E";"2019-01-14";"2019-01-15";"22.1001";"63.45";"-0.57";"83";"26.63";"1.88";"200.3";"34.8316";"389.84";"517.87";"0";"0"
"E";"2019-01-13";"2019-01-14";"22.2985";"64.02";"-0.46";"83";"26.87";"2.11";"163.6";"34.8316";"389.84";"517.87";"0";"0"
"E";"2019-01-12";"2019-01-13";"22.46";"64.48";"-0.49";"83";"27.06";"1.12";"173.6";"34.8316";"389.84";"517.87";"0";"0"
"E";"2019-01-11";"2019-01-12";"22.6324";"64.98";"-0.62";"83";"27.27";"0.5";"216.7";"34.8316";"389.84";"517.87";"0";"0"
"E";"2019-01-10";"2019-01-11";"22.8486";"65.6";"-0.66";"83";"27.53";"0";"228.4";"34.8316";"389.84";"517.87";"0";"0"
"E";"2019-01-09";"2019-01-10";"23.077";"66.25";"-0.59";"83";"27.8";"0";"206.7";"34.8316";"389.84";"517.87";"0";"0"
"E";"2019-01-08";"2019-01-09";"23.2837";"66.85";"-0.6";"83";"28.05";"1.12";"210";"34.8316";"389.84";"517.87";"0";"0"
"E";"2019-01-07";"2019-01-08";"23.4926";"67.45";"-0.6";"83";"28.3";"0";"210.7";"34.8316";"389.84";"517.87";"0";"0"
"E";"2019-01-06";"2019-01-07";"23.7033";"68.05";"-0.59";"83";"28.56";"0";"207.1";"34.8316";"389.84";"517.87";"0";"0"
"E";"2019-01-05";"2019-01-06";"23.9104";"68.65";"-0.57";"83";"28.81";"0";"200";"34.8316";"389.84";"517.87";"0";"0"
"E";"2019-01-04";"2019-01-05";"24.1104";"69.22";"-0.77";"83";"29.05";"0";"267.3";"34.8316";"389.84";"517.87";"0";"0"
"E";"2019-01-03";"2019-01-04";"24.3776";"69.99";"-0.59";"83";"29.37";"2.08";"207.7";"34.8316";"389.84";"517.87";"0";"0"
"E";"2019-01-02";"2019-01-03";"24.5833";"70.58";"-0.41";"83";"29.62";"2.82";"146.1";"34.8316";"389.84";"517.87";"0";"0"
"E";"2019-01-01";"2019-01-02";"24.7266";"70.99";"0";"83";"29.79";"11.06";"121";"34.8316";"389.84";"517.87";"0";"0"
"E";"2018-12-31";"2019-01-01";"24.8365";"71.3";"-0.35";"80";"31.05";"9.24";"132.9";"34.8316";"389.84";"517.87";"0";"0"
"E";"2018-12-30";"2018-12-31";"24.9601";"71.66";"-0.41";"80";"31.2";"3.38";"147.3";"34.8316";"389.84";"517.87";"0";"0"
"E";"2018-12-29";"2018-12-30";"25.104";"72.07";"-0.38";"80";"31.38";"5.02";"138.3";"34.8316";"389.84";"517.87";"0";"0"
"E";"2018-12-28";"2018-12-29";"25.2373";"72.46";"-0.46";"80";"31.55";"4.3";"163.5";"34.8316";"389.84";"517.87";"0";"0"
"E";"2018-12-27";"2018-12-28";"25.3965";"72.91";"-0.5";"80";"31.75";"3.2";"176.3";"34.8316";"389.84";"517.87";"0";"0"
"E";"2018-12-26";"2018-12-27";"25.5696";"73.41";"-0.4";"80";"31.96";"0.84";"141.8";"34.8316";"389.84";"517.87";"0";"0"
"E";"2018-12-25";"2018-12-26";"25.7105";"73.81";"-0.38";"80";"32.14";"5.62";"136.6";"34.8316";"389.84";"517.87";"0";"0"
"E";"2018-12-24";"2018-12-25";"25.8415";"74.19";"-0.29";"80";"32.3";"6.99";"108";"34.8316";"389.84";"517.87";"0";"0"
"E";"2018-12-23";"2018-12-24";"25.9425";"74.48";"-0.29";"80";"32.43";"5.12";"105.5";"34.8316";"389.84";"517.87";"0";"0"
"E";"2018-12-22";"2018-12-23";"26.0429";"74.77";"-0.31";"80";"32.55";"0.84";"110.3";"34.8316";"389.84";"517.87";"0";"0"
"E";"2018-12-21";"2018-12-22";"26.1524";"75.08";"-0.44";"80";"32.69";"0.1";"154.9";"34.8316";"389.84";"517.87";"0";"0"
"E";"2018-12-20";"2018-12-21";"26.3072";"75.53";"-0.48";"80";"32.88";"0.1";"165.6";"34.8316";"389.84";"517.87";"0";"0"
"E";"2018-12-19";"2018-12-20";"26.4727";"76";"-0.6";"80";"33.09";"0.1";"208.8";"34.8316";"389.84";"517.87";"0";"0"
"E";"2018-12-18";"2018-12-19";"26.6814";"76.6";"-0.52";"80";"33.35";"0";"181.9";"34.8316";"389.84";"517.87";"0";"0"
"E";"2018-12-17";"2018-12-18";"26.8633";"77.12";"-0.6";"80";"33.58";"0";"209.1";"34.8316";"389.84";"517.87";"0";"0"
"E";"2018-12-16";"2018-12-17";"27.0724";"77.72";"-0.56";"80";"33.84";"0";"193.8";"34.8316";"389.84";"517.87";"0";"0"
"E";"2018-12-15";"2018-12-16";"27.2662";"78.28";"-0.59";"80";"34.08";"0";"205.1";"34.8316";"389.84";"517.87";"0";"0"
"E";"2018-12-14";"2018-12-15";"27.4713";"78.87";"-0.54";"80";"34.34";"0";"189.2";"34.8316";"389.84";"517.87";"0";"0"
"E";"2018-12-13";"2018-12-14";"27.6605";"79.41";"-0.64";"80";"34.58";"0";"223.2";"34.8316";"389.84";"517.87";"0";"0"
"E";"2018-12-12";"2018-12-13";"27.8837";"80.05";"-0.54";"80";"34.85";"0";"188.5";"34.8316";"389.84";"517.87";"0";"0"
"E";"2018-12-11";"2018-12-12";"28.0723";"80.59";"-0.5";"80";"35.09";"0";"173.7";"34.8316";"389.84";"517.87";"0";"0"
"E";"2018-12-10";"2018-12-11";"28.246";"81.09";"-0.38";"80";"35.31";"0";"132.8";"34.8316";"389.84";"517.87";"0";"0"
"E";"2018-12-09";"2018-12-10";"28.3787";"81.47";"-0.29";"80";"35.47";"1.76";"101.2";"34.8316";"389.84";"517.87";"0";"0"
"E";"2018-12-08";"2018-12-09";"28.4782";"81.76";"-0.3";"80";"35.6";"0.84";"104.3";"34.8316";"389.84";"517.87";"0";"0"
"E";"2018-12-07";"2018-12-08";"28.5817";"82.06";"-0.42";"80";"35.73";"0.1";"148.1";"34.8316";"389.84";"517.87";"0";"0"
"E";"2018-12-06";"2018-12-07";"28.7297";"82.48";"-0.44";"80";"35.91";"0";"153.4";"34.8316";"389.84";"517.87";"0";"0"
"E";"2018-12-05";"2018-12-06";"28.8831";"82.92";"-0.5";"80";"36.1";"0";"174.9";"34.8316";"389.84";"517.87";"0";"0"
"E";"2018-12-04";"2018-12-05";"29.058";"83.42";"-0.41";"80";"36.32";"0";"142.7";"34.8316";"389.84";"517.87";"0";"0"
"E";"2018-12-03";"2018-12-04";"29.2006";"83.83";"-0.24";"80";"36.5";"7.9";"91.1";"34.8316";"389.84";"517.87";"0";"0"
"E";"2018-12-02";"2018-12-03";"29.2838";"84.07";"-0.33";"80";"36.6";"0";"113.9";"34.8316";"389.84";"517.87";"0";"0"
"E";"2018-12-01";"2018-12-02";"29.3977";"84.4";"-0.35";"80";"36.75";"0";"121.5";"34.8316";"389.84";"517.87";"0";"0"
"E";"2018-11-30";"2018-12-01";"29.5192";"84.75";"-0.51";"80";"36.9";"0";"176.3";"34.8316";"389.84";"517.87";"0";"0"
"E";"2018-11-29";"2018-11-30";"29.6955";"85.25";"-0.49";"80";"37.12";"0";"169.1";"34.8316";"389.84";"517.87";"0";"0"
"E";"2018-11-28";"2018-11-29";"29.8646";"85.74";"-0.63";"80";"37.33";"0";"218.6";"34.8316";"389.84";"517.87";"0";"0"
"E";"2018-11-27";"2018-11-28";"30.0832";"86.37";"-0.6";"80";"37.6";"0";"207.7";"34.8316";"389.84";"517.87";"0";"0"
"E";"2018-11-26";"2018-11-27";"30.291";"86.96";"-0.5";"80";"37.86";"0";"173.8";"34.8316";"389.84";"517.87";"0";"0"
"E";"2018-11-25";"2018-11-26";"30.4648";"87.46";"-0.31";"80";"38.08";"5.2";"114.7";"34.8316";"389.84";"517.87";"0";"0"
"E";"2018-11-24";"2018-11-25";"30.5743";"87.78";"-0.31";"80";"38.22";"5.13";"113.3";"34.8316";"389.84";"517.87";"0";"0"
"E";"2018-11-23";"2018-11-24";"30.6825";"88.09";"-0.5";"80";"38.35";"0";"175.1";"34.8316";"389.84";"517.87";"0";"0"
"E";"2018-11-22";"2018-11-23";"30.8576";"88.59";"-0.48";"80";"38.57";"0";"166.7";"34.8316";"389.84";"517.87";"0";"0"
"E";"2018-11-21";"2018-11-22";"31.0243";"89.07";"-0.49";"80";"38.78";"0";"169.8";"34.8316";"389.84";"517.87";"0";"0"
"E";"2018-11-20";"2018-11-21";"31.1941";"89.56";"-0.41";"80";"38.99";"0";"142.8";"34.8316";"389.84";"517.87";"0";"0"
"E";"2018-11-19";"2018-11-20";"31.3369";"89.97";"-0.43";"80";"39.17";"0";"149.6";"34.8316";"389.84";"517.87";"0";"0"
"E";"2018-11-18";"2018-11-19";"31.4865";"90.4";"-0.3";"80";"39.36";"0";"106.2";"34.8316";"389.84";"517.87";"0";"0"
"E";"2018-11-17";"2018-11-18";"31.5927";"90.7";"-0.3";"80";"39.49";"0";"105.8";"34.8316";"389.84";"517.87";"0";"0"
"E";"2018-11-16";"2018-11-17";"31.6985";"91.01";"-0.35";"80";"39.62";"0";"122";"34.8316";"389.84";"517.87";"0";"0"
"E";"2018-11-15";"2018-11-16";"31.8205";"91.36";"-0.23";"80";"39.78";"2.52";"82.4";"34.8316";"389.84";"517.87";"0";"0"
"E";"2018-11-14";"2018-11-15";"31.9004";"91.58";"-0.13";"80";"39.88";"4.62";"51.3";"34.8316";"389.84";"517.87";"0";"0"
"E";"2018-11-13";"2018-11-14";"31.9471";"91.72";"-0.07";"80";"39.93";"5.22";"29.9";"34.8316";"389.84";"517.87";"0";"0"
"E";"2018-11-12";"2018-11-13";"31.9717";"91.79";"-0.18";"80";"39.96";"5.78";"68.1";"34.8316";"389.84";"517.87";"0";"0"
"E";"2018-11-11";"2018-11-12";"32.0341";"91.97";"0.01";"80";"40.04";"8.86";"6.5";"34.8316";"389.84";"517.87";"0";"0"
"E";"2018-11-10";"2018-11-11";"32.0318";"91.96";"0.01";"80";"40.04";"8.86";"6.5";"34.8316";"389.84";"517.87";"0";"0"
"E";"2018-11-09";"2018-11-10";"32.0294";"91.96";"-0.05";"80";"40.04";"9.65";"27.3";"34.8316";"389.84";"517.87";"0";"0"
"E";"2018-11-08";"2018-11-09";"32.0471";"92.01";"-0.01";"80";"40.06";"9.65";"14.8";"34.8316";"389.84";"517.87";"0";"0"
"E";"2018-11-07";"2018-11-08";"32.0523";"92.02";"0";"80";"40.07";"8.65";"7.7";"34.8316";"389.84";"517.87";"0";"0"
"E";"2018-11-06";"2018-11-07";"32.0513";"92.02";"0";"80";"40.06";"15.41";"16.3";"34.8316";"389.84";"517.87";"0";"0"
"E";"2018-11-05";"2018-11-06";"32.0521";"92.02";"-0.01";"80";"40.07";"12.44";"16.9";"34.8316";"389.84";"517.87";"0";"0"
"E";"2018-11-04";"2018-11-05";"32.0566";"92.03";"-0.03";"80";"40.07";"11.93";"23.1";"34.8316";"389.84";"517.87";"0";"0"
"E";"2018-11-03";"2018-11-04";"32.0678";"92.07";"0";"80";"40.08";"11.6";"12.1";"34.8316";"389.84";"517.87";"0";"0"
"E";"2018-11-02";"2018-11-03";"32.0683";"92.07";"0.03";"80";"40.09";"11.93";"1.9";"34.8316";"389.84";"517.87";"0";"0"
"E";"2018-11-01";"2018-11-02";"32.0583";"92.04";"0.02";"80";"40.07";"7.77";"2.3";"34.8316";"389.84";"517.87";"0";"0"
"E";"2018-10-31";"2018-11-01";"32.0528";"92.02";"0.01";"80";"40.07";"5.46";"2.8";"34.8316";"389.84";"517.87";"0";"0"
"E";"2018-10-30";"2018-10-31";"32.0501";"92.01";"-0.01";"80";"40.06";"2.7";"6.6";"34.8316";"389.84";"517.87";"0";"0"
"E";"2018-10-29";"2018-10-30";"32.0541";"92.03";"-0.15";"80";"40.07";"1.96";"55.7";"34.8316";"389.84";"517.87";"0";"0"
"E";"2018-10-28";"2018-10-29";"32.1079";"92.18";"0.01";"80";"40.13";"8.88";"6.4";"34.8316";"389.84";"517.87";"0";"0"
"E";"2018-10-27";"2018-10-28";"32.1054";"92.17";"0.01";"80";"40.13";"9.5";"6";"34.8316";"389.84";"517.87";"0";"0"
"E";"2018-10-26";"2018-10-27";"32.1019";"92.16";"0.07";"80";"40.13";"31.68";"6.6";"34.8316";"389.84";"517.87";"0";"0"
"E";"2018-10-25";"2018-10-26";"32.0768";"92.09";"0.06";"80";"40.1";"28.2";"6.9";"34.8316";"389.84";"517.87";"0";"0"
"E";"2018-10-24";"2018-10-25";"32.0556";"92.03";"0.06";"80";"40.07";"22.9";"1.8";"34.8316";"389.84";"517.87";"0";"0"
"E";"2018-10-23";"2018-10-24";"32.0345";"91.97";"0.03";"80";"40.04";"15.36";"3.3";"34.8316";"389.84";"517.87";"0";"0"
"E";"2018-10-22";"2018-10-23";"32.0224";"91.93";"0.09";"80";"40.03";"35.63";"5.8";"34.8316";"389.84";"517.87";"0";"0"
"E";"2018-10-21";"2018-10-22";"31.9926";"91.85";"0.07";"80";"39.99";"25";"1.2";"34.8316";"389.84";"517.87";"0";"0"
"E";"2018-10-20";"2018-10-21";"31.9687";"91.78";"0.1";"80";"39.96";"34.13";"0.8";"34.8316";"389.84";"517.87";"0";"0"
"E";"2018-10-19";"2018-10-20";"31.9354";"91.69";"0.13";"80";"39.92";"47.6";"1.3";"34.8316";"389.84";"517.87";"0";"0"
"E";"2018-10-18";"2018-10-19";"31.8891";"91.55";"0.13";"80";"39.86";"47.5";"0.6";"34.8316";"389.84";"517.87";"0";"0"
"E";"2018-10-17";"2018-10-18";"31.8422";"91.42";"0.12";"80";"39.8";"42.64";"0.7";"34.8316";"389.84";"517.87";"0";"0"
"E";"2018-10-16";"2018-10-17";"31.8002";"91.3";"0.13";"80";"39.75";"46.74";"0.3";"34.8316";"389.84";"517.87";"0";"0"
"E";"2018-10-15";"2018-10-16";"31.7538";"91.16";"0.11";"80";"39.69";"38.48";"0";"34.8316";"389.84";"517.87";"0";"0"
"E";"2018-10-14";"2018-10-15";"31.7153";"91.05";"0.11";"80";"39.64";"39.88";"0";"34.8316";"389.84";"517.87";"0";"0"
"E";"2018-10-13";"2018-10-14";"31.6754";"90.94";"0.14";"80";"39.59";"50.58";"0";"34.8316";"389.84";"517.87";"0";"0"
"E";"2018-10-12";"2018-10-13";"31.6249";"90.79";"0.16";"80";"39.53";"58.12";"0";"34.8316";"389.84";"517.87";"0";"0"
"E";"2018-10-11";"2018-10-12";"31.5696";"90.63";"0.14";"80";"39.46";"47.58";"0";"34.8316";"389.84";"517.87";"0";"0"
"E";"2018-10-10";"2018-10-11";"31.522";"90.5";"0.07";"80";"39.4";"26.27";"1";"34.8316";"389.84";"517.87";"0";"0"
"E";"2018-10-09";"2018-10-10";"31.4968";"90.43";"0.13";"80";"39.37";"46.72";"0.6";"34.8316";"389.84";"517.87";"0";"0"
"E";"2018-10-08";"2018-10-09";"31.4506";"90.29";"0.02";"80";"39.31";"8.42";"0.3";"34.8316";"389.84";"517.87";"0";"0"
"E";"2018-10-07";"2018-10-08";"31.4425";"90.27";"0.06";"80";"39.3";"20.62";"0.5";"34.8316";"389.84";"517.87";"0";"0"
"E";"2018-10-06";"2018-10-07";"31.4224";"90.21";"0.28";"80";"39.28";"99.36";"0.7";"34.8316";"389.84";"517.87";"0";"0"
"E";"2018-10-05";"2018-10-06";"31.3237";"89.93";"0.24";"80";"39.15";"83.84";"1.2";"34.8316";"389.84";"517.87";"0";"0"
"E";"2018-10-04";"2018-10-05";"31.2411";"89.69";"0.22";"80";"39.05";"79.83";"1.7";"34.8316";"389.84";"517.87";"0";"0"
"E";"2018-10-03";"2018-10-04";"31.163";"89.47";"0.23";"80";"38.95";"82.41";"2.4";"34.8316";"389.84";"517.87";"0";"0"
"E";"2018-10-02";"2018-10-03";"31.083";"89.24";"0.22";"80";"38.85";"77.76";"0.9";"34.8316";"389.84";"517.87";"0";"0"
"E";"2018-10-01";"2018-10-02";"31.0061";"89.02";"-0.18";"80";"38.76";"4.41";"67.2";"34.8316";"389.84";"517.87";"0";"0"
"E";"2018-09-30";"2018-10-01";"31.0689";"89.2";"0.18";"80";"38.84";"85.96";"23.6";"34.8316";"389.84";"517.87";"0";"0"
"E";"2018-09-29";"2018-09-30";"31.0065";"89.02";"0.21";"80";"38.76";"100.4";"27.8";"34.8316";"389.84";"517.87";"0";"0"
"E";"2018-09-28";"2018-09-29";"30.9339";"88.81";"0.33";"80";"38.67";"116.44";"2.4";"34.8316";"389.84";"517.87";"0";"0"
"E";"2018-09-27";"2018-09-28";"30.8198";"88.48";"0.24";"80";"38.52";"87.65";"5.1";"34.8316";"389.84";"517.87";"0";"0"
"E";"2018-09-26";"2018-09-27";"30.7373";"88.25";"0.27";"80";"38.42";"97.68";"3.8";"34.8316";"389.84";"517.87";"0";"0"
"E";"2018-09-25";"2018-09-26";"30.6434";"87.98";"0.29";"80";"38.3";"100.19";"0";"34.8316";"389.84";"517.87";"0";"0"
"E";"2018-09-24";"2018-09-25";"30.5432";"87.69";"0.3";"80";"38.18";"102.92";"0";"34.8316";"389.84";"517.87";"0";"0"
"E";"2018-09-23";"2018-09-24";"30.4402";"87.39";"0.31";"80";"38.05";"109.42";"0.2";"34.8316";"389.84";"517.87";"0";"0"
"E";"2018-09-22";"2018-09-23";"30.3311";"87.08";"0.31";"80";"37.91";"109.43";"0";"34.8316";"389.84";"517.87";"0";"0"
"E";"2018-09-21";"2018-09-22";"30.2216";"86.76";"0.34";"80";"37.78";"119.04";"0";"34.8316";"389.84";"517.87";"0";"0"
"E";"2018-09-20";"2018-09-21";"30.1026";"86.42";"0.3";"80";"37.63";"106.06";"0";"34.8316";"389.84";"517.87";"0";"0"
"E";"2018-09-19";"2018-09-20";"29.9965";"86.12";"0.37";"80";"37.5";"127.27";"0";"34.8316";"389.84";"517.87";"0";"0"
"E";"2018-09-18";"2018-09-19";"29.8693";"85.75";"0.41";"80";"37.34";"141.37";"0";"34.8316";"389.84";"517.87";"0";"0"
"E";"2018-09-17";"2018-09-18";"29.7279";"85.35";"0.34";"80";"37.16";"118.08";"0";"34.8316";"389.84";"517.87";"0";"0"
"E";"2018-09-16";"2018-09-17";"29.6098";"85.01";"0.41";"80";"37.01";"142.68";"0";"34.8316";"389.84";"517.87";"0";"0"
"E";"2018-09-15";"2018-09-16";"29.4671";"84.6";"0.4";"80";"36.83";"140.18";"0";"34.8316";"389.84";"517.87";"0";"0"
"E";"2018-09-14";"2018-09-15";"29.327";"84.2";"0.33";"80";"36.66";"113.91";"0";"34.8316";"389.84";"517.87";"0";"0"
"E";"2018-09-13";"2018-09-14";"29.213";"83.87";"0.33";"80";"36.52";"114.93";"0";"34.8316";"389.84";"517.87";"0";"0"
"E";"2018-09-12";"2018-09-13";"29.0981";"83.54";"0.34";"80";"36.37";"118.46";"0";"34.8316";"389.84";"517.87";"0";"0"
"E";"2018-09-11";"2018-09-12";"28.9797";"83.2";"0.37";"80";"36.22";"127.29";"0";"34.8316";"389.84";"517.87";"0";"0"
"E";"2018-09-10";"2018-09-11";"28.8524";"82.83";"0.33";"80";"36.07";"113.51";"0";"34.8316";"389.84";"517.87";"0";"0"
"E";"2018-09-09";"2018-09-10";"28.7389";"82.51";"0.35";"80";"35.92";"122.99";"0";"34.8316";"389.84";"517.87";"0";"0"
"E";"2018-09-08";"2018-09-09";"28.6159";"82.15";"0.33";"80";"35.77";"116.27";"0";"34.8316";"389.84";"517.87";"0";"0"
"E";"2018-09-07";"2018-09-08";"28.4996";"81.82";"0.33";"80";"35.62";"116.3";"0";"34.8316";"389.84";"517.87";"0";"0"
"E";"2018-09-06";"2018-09-07";"28.3833";"81.49";"0.3";"80";"35.48";"104.75";"0";"34.8316";"389.84";"517.87";"0";"0"
"E";"2018-09-05";"2018-09-06";"28.2786";"81.19";"0.34";"80";"35.35";"119.78";"0";"34.8316";"389.84";"517.87";"0";"0"
"E";"2018-09-04";"2018-09-05";"28.1588";"80.84";"0.35";"80";"35.2";"120.94";"0";"34.8316";"389.84";"517.87";"0";"0"
"E";"2018-09-03";"2018-09-04";"28.0378";"80.5";"0.43";"80";"35.05";"148.21";"0";"34.8316";"389.84";"517.87";"0";"0"
"E";"2018-09-02";"2018-09-03";"27.8896";"80.07";"0.44";"80";"34.86";"154.28";"0";"34.8316";"389.84";"517.87";"0";"0"
"E";"2018-09-01";"2018-09-02";"27.7354";"79.63";"0.42";"80";"34.67";"147.5";"0";"34.8316";"389.84";"517.87";"0";"0"
"E";"2018-08-31";"2018-09-01";"27.5879";"79.2";"0.42";"80";"34.48";"163.95";"19";"34.8316";"389.84";"517.87";"0";"0"
"E";"2018-08-30";"2018-08-31";"27.4429";"78.79";"0.35";"80";"34.3";"142.54";"22.2";"34.8316";"389.84";"517.87";"0";"0"
"E";"2018-08-29";"2018-08-30";"27.3226";"78.44";"0.46";"80";"34.15";"159.78";"0";"34.8316";"389.84";"517.87";"0";"0"
"E";"2018-08-28";"2018-08-29";"27.1628";"77.98";"0.46";"80";"33.95";"160.49";"0";"34.8316";"389.84";"517.87";"0";"0"
"E";"2018-08-27";"2018-08-28";"27.0023";"77.52";"0.53";"80";"33.75";"184.42";"0";"34.8316";"389.84";"517.87";"0";"0"
"E";"2018-08-26";"2018-08-27";"26.8179";"76.99";"0.53";"80";"33.52";"184.42";"0";"34.8316";"389.84";"517.87";"0";"0"
"E";"2018-08-25";"2018-08-26";"26.6334";"76.46";"0.53";"80";"33.29";"184.77";"0";"34.8316";"389.84";"517.87";"0";"0"
"E";"2018-08-24";"2018-08-25";"26.4487";"75.93";"0.51";"80";"33.06";"178.18";"0";"34.8316";"389.84";"517.87";"0";"0"
"E";"2018-08-23";"2018-08-24";"26.2705";"75.42";"0.51";"80";"32.84";"177.32";"0";"34.8316";"389.84";"517.87";"0";"0"
"E";"2018-08-22";"2018-08-23";"26.0932";"74.91";"0.48";"80";"32.62";"167.37";"0";"34.8316";"389.84";"517.87";"0";"0"
"E";"2018-08-21";"2018-08-22";"25.9258";"74.43";"0.48";"80";"32.41";"167.89";"0";"34.8316";"389.84";"517.87";"0";"0"
"E";"2018-08-20";"2018-08-21";"25.7579";"73.95";"0.53";"80";"32.2";"186.24";"0";"34.8316";"389.84";"517.87";"0";"0"
"E";"2018-08-19";"2018-08-20";"25.5717";"73.42";"0.56";"80";"31.96";"193.44";"0";"34.8316";"389.84";"517.87";"0";"0"
"E";"2018-08-18";"2018-08-19";"25.3782";"72.86";"0.56";"80";"31.72";"193.6";"0";"34.8316";"389.84";"517.87";"0";"0"
"E";"2018-08-17";"2018-08-18";"25.1846";"72.3";"0.52";"80";"31.48";"182.59";"0";"34.8316";"389.84";"517.87";"0";"0"
"E";"2018-08-16";"2018-08-17";"25.002";"71.78";"0.52";"80";"31.25";"179.93";"0";"34.8316";"389.84";"517.87";"0";"0"
"E";"2018-08-15";"2018-08-16";"24.8221";"71.26";"0.5";"80";"31.03";"174.81";"0";"34.8316";"389.84";"517.87";"0";"0"
"E";"2018-08-14";"2018-08-15";"24.6473";"70.76";"0.54";"80";"30.81";"187.59";"0";"34.8316";"389.84";"517.87";"0";"0"
"E";"2018-08-13";"2018-08-14";"24.4597";"70.22";"0.52";"80";"30.57";"180.31";"0";"34.8316";"389.84";"517.87";"0";"0"
"E";"2018-08-12";"2018-08-13";"24.2794";"69.71";"0.61";"80";"30.35";"210.89";"0";"34.8316";"389.84";"517.87";"0";"0"
"E";"2018-08-11";"2018-08-12";"24.0685";"69.1";"0.61";"80";"30.09";"211.4";"0";"34.8316";"389.84";"517.87";"0";"0"
"E";"2018-08-10";"2018-08-11";"23.8571";"68.49";"0.54";"80";"29.82";"187.38";"0";"34.8316";"389.84";"517.87";"0";"0"
"E";"2018-08-09";"2018-08-10";"23.6697";"67.95";"0.55";"80";"29.59";"190.97";"0";"34.8316";"389.84";"517.87";"0";"0"
"E";"2018-08-08";"2018-08-09";"23.4788";"67.41";"0.49";"80";"29.35";"169.55";"0";"34.8316";"389.84";"517.87";"0";"0"
"E";"2018-08-07";"2018-08-08";"23.3092";"66.92";"0.47";"80";"29.14";"163.88";"0";"34.8316";"389.84";"517.87";"0";"0"
"E";"2018-08-06";"2018-08-07";"23.1454";"66.45";"0.49";"80";"28.93";"169.24";"0";"34.8316";"389.84";"517.87";"0";"0"
"E";"2018-08-05";"2018-08-06";"22.9761";"65.96";"0.5";"80";"28.72";"173.43";"0";"34.8316";"389.84";"517.87";"0";"0"
"E";"2018-08-04";"2018-08-05";"22.8027";"65.47";"0.5";"80";"28.5";"173.29";"0";"34.8316";"389.84";"517.87";"0";"0"
"E";"2018-08-03";"2018-08-04";"22.6294";"64.97";"0.5";"80";"28.29";"176.48";"0";"34.8316";"389.84";"517.87";"0";"0"
"E";"2018-08-02";"2018-08-03";"22.4559";"64.47";"0.49";"80";"28.07";"171.87";"0";"34.8316";"389.84";"517.87";"0";"0"
"E";"2018-08-01";"2018-08-02";"22.2841";"63.98";"0.48";"80";"27.86";"166.98";"0";"34.8316";"389.84";"517.87";"0";"0"
"E";"2018-07-31";"2018-08-01";"22.1171";"63.5";"0.4";"80";"27.65";"160.8";"21.7";"34.8316";"389.84";"517.87";"0";"0"
"E";"2018-07-30";"2018-07-31";"21.9779";"63.1";"0.36";"80";"27.47";"148.98";"24.3";"34.8316";"389.84";"517.87";"0";"0"
"E";"2018-07-29";"2018-07-30";"21.8532";"62.74";"0.44";"80";"27.32";"152.02";"0";"34.8316";"389.84";"517.87";"0";"0"
"E";"2018-07-28";"2018-07-29";"21.7012";"62.3";"0.44";"80";"27.13";"152.36";"0";"34.8316";"389.84";"517.87";"0";"0"
"E";"2018-07-27";"2018-07-28";"21.5489";"61.87";"0.43";"80";"26.94";"150.46";"0";"34.8316";"389.84";"517.87";"0";"0"
"E";"2018-07-26";"2018-07-27";"21.3984";"61.43";"0.43";"80";"26.75";"149.12";"0";"34.8316";"389.84";"517.87";"0";"0"
"E";"2018-07-25";"2018-07-26";"21.2493";"61.01";"0.41";"80";"26.56";"143.6";"0";"34.8316";"389.84";"517.87";"0";"0"
"E";"2018-07-24";"2018-07-25";"21.1057";"60.59";"0.43";"80";"26.38";"151.09";"0";"34.8316";"389.84";"517.87";"0";"0"
"E";"2018-07-23";"2018-07-24";"20.9546";"60.16";"0.43";"80";"26.19";"149.17";"0";"34.8316";"389.84";"517.87";"0";"0"
"E";"2018-07-22";"2018-07-23";"20.8054";"59.73";"0.43";"80";"26.01";"149.1";"0";"34.8316";"389.84";"517.87";"0";"0"
"E";"2018-07-21";"2018-07-22";"20.6563";"59.3";"0.43";"80";"25.82";"150.06";"0";"34.8316";"389.84";"517.87";"0";"0"
"E";"2018-07-20";"2018-07-21";"20.5063";"58.87";"0.43";"80";"25.63";"148.3";"0";"34.8316";"389.84";"517.87";"0";"0"
"E";"2018-07-19";"2018-07-20";"20.358";"58.45";"0.43";"80";"25.45";"151.48";"0";"34.8316";"389.84";"517.87";"0";"0"
"E";"2018-07-18";"2018-07-19";"20.2065";"58.01";"0.38";"80";"25.26";"131.21";"0";"34.8316";"389.84";"517.87";"0";"0"
"E";"2018-07-17";"2018-07-18";"20.0753";"57.64";"0.38";"80";"25.09";"132.92";"1.4";"34.8316";"389.84";"517.87";"0";"0"
"E";"2018-07-16";"2018-07-17";"19.9437";"57.26";"0.46";"80";"24.93";"161.35";"0";"34.8316";"389.84";"517.87";"0";"0"
"E";"2018-07-15";"2018-07-16";"19.7824";"56.79";"0.54";"80";"24.73";"188.86";"0";"34.8316";"389.84";"517.87";"0";"0"
"E";"2018-07-14";"2018-07-15";"19.5935";"56.25";"0.54";"80";"24.49";"188.26";"0";"34.8316";"389.84";"517.87";"0";"0"
"E";"2018-07-13";"2018-07-14";"19.4053";"55.71";"0.5";"80";"24.26";"174.41";"0";"34.8316";"389.84";"517.87";"0";"0"
"E";"2018-07-12";"2018-07-13";"19.2309";"55.21";"0.46";"80";"24.04";"158.94";"0";"34.8316";"389.84";"517.87";"0";"0"
"E";"2018-07-11";"2018-07-12";"19.0719";"54.75";"0.41";"80";"23.84";"144.4";"1.4";"34.8316";"389.84";"517.87";"0";"0"
"E";"2018-07-10";"2018-07-11";"18.9289";"54.34";"0.21";"80";"23.66";"158.35";"0";"34.8316";"389.84";"517.87";"0";"0"
"E";"2018-07-09";"2018-07-10";"18.8553";"54.13";"0.45";"80";"23.57";"155.93";"0";"34.8316";"389.84";"517.87";"0";"0"
"E";"2018-07-08";"2018-07-09";"18.6994";"53.69";"0.55";"80";"23.37";"191.67";"0";"34.8316";"389.84";"517.87";"0";"0"
"E";"2018-07-07";"2018-07-08";"18.5077";"53.13";"0.55";"80";"23.13";"191.07";"0";"34.8316";"389.84";"517.87";"0";"0"
"E";"2018-07-06";"2018-07-07";"18.3167";"52.59";"0.47";"80";"22.9";"164.68";"0";"34.8316";"389.84";"517.87";"0";"0"
"E";"2018-07-05";"2018-07-06";"18.152";"52.11";"0.47";"80";"22.69";"164.51";"0";"34.8316";"389.84";"517.87";"0";"0"
"E";"2018-07-04";"2018-07-05";"17.9875";"51.64";"0.45";"80";"22.48";"156.22";"0";"34.8316";"389.84";"517.87";"0";"0"
"E";"2018-07-03";"2018-07-04";"17.8312";"51.19";"0.44";"80";"22.29";"154.49";"0";"34.8316";"389.84";"517.87";"0";"0"
"E";"2018-07-02";"2018-07-03";"17.6767";"50.75";"0.33";"80";"22.1";"117.81";"1.4";"34.8316";"389.84";"517.87";"0";"0"
"E";"2018-07-01";"2018-07-02";"17.5603";"50.41";"0.38";"80";"21.95";"132.65";"1.4";"34.8316";"389.84";"517.87";"0";"0"
"E";"2018-06-30";"2018-07-01";"17.4291";"50.04";"0.38";"80";"21.79";"130.88";"0";"34.8316";"389.84";"517.87";"0";"0"
"E";"2018-06-29";"2018-06-30";"17.2982";"49.66";"0.31";"80";"21.62";"130.49";"22.3";"34.8316";"389.84";"517.87";"0";"0"
"E";"2018-06-28";"2018-06-29";"17.19";"49.35";"0.27";"80";"21.49";"120.39";"24.8";"34.8316";"389.84";"517.87";"0";"0"
"E";"2018-06-27";"2018-06-28";"17.0944";"49.08";"0.33";"80";"21.37";"115.21";"0";"34.8316";"389.84";"517.87";"0";"0"
"E";"2018-06-26";"2018-06-27";"16.9792";"48.75";"0.36";"80";"21.22";"127.33";"1.4";"34.8316";"389.84";"517.87";"0";"0"
"E";"2018-06-25";"2018-06-26";"16.8532";"48.38";"0.34";"80";"21.07";"117.93";"0";"34.8316";"389.84";"517.87";"0";"0"
"E";"2018-06-24";"2018-06-25";"16.7353";"48.05";"0.36";"80";"20.92";"126.43";"0";"34.8316";"389.84";"517.87";"0";"0"
"E";"2018-06-23";"2018-06-24";"16.6089";"47.68";"0.36";"80";"20.76";"125.28";"1.4";"34.8316";"389.84";"517.87";"0";"0"
"E";"2018-06-22";"2018-06-23";"16.485";"47.33";"0.31";"80";"20.61";"107.43";"0";"34.8316";"389.84";"517.87";"0";"0"
"E";"2018-06-21";"2018-06-22";"16.3775";"47.02";"0.4";"80";"20.47";"140.74";"0";"34.8316";"389.84";"517.87";"0";"0"
"E";"2018-06-20";"2018-06-21";"16.2368";"46.62";"0.39";"80";"20.3";"138.68";"1.3";"34.8316";"389.84";"517.87";"0";"0"
"E";"2018-06-19";"2018-06-20";"16.0994";"46.22";"0.41";"80";"20.12";"141.18";"0";"34.8316";"389.84";"517.87";"0";"0"
"E";"2018-06-18";"2018-06-19";"15.9583";"45.82";"0.46";"80";"19.95";"159.93";"0";"34.8316";"389.84";"517.87";"0";"0"
"E";"2018-06-17";"2018-06-18";"15.7983";"45.36";"0.47";"80";"19.75";"163.99";"0";"34.8316";"389.84";"517.87";"0";"0"
"E";"2018-06-16";"2018-06-17";"15.6343";"44.89";"0.48";"80";"19.54";"165.63";"0";"34.8316";"389.84";"517.87";"0";"0"
"E";"2018-06-15";"2018-06-16";"15.4687";"44.41";"0.47";"80";"19.34";"164.88";"0";"34.8316";"389.84";"517.87";"0";"0"
"E";"2018-06-14";"2018-06-15";"15.3038";"43.94";"0.36";"80";"19.13";"125.14";"0.7";"34.8316";"389.84";"517.87";"0";"0"
"E";"2018-06-13";"2018-06-14";"15.1794";"43.58";"0.48";"80";"18.97";"166.56";"0";"34.8316";"389.84";"517.87";"0";"0"
"E";"2018-06-12";"2018-06-13";"15.0128";"43.1";"0.5";"80";"18.77";"172.56";"0";"34.8316";"389.84";"517.87";"0";"0"
"E";"2018-06-11";"2018-06-12";"14.8403";"42.61";"0.3";"80";"18.55";"105.26";"0";"34.8316";"389.84";"517.87";"0";"0"
"E";"2018-06-10";"2018-06-11";"14.735";"42.3";"0.4";"80";"18.42";"140.7";"0";"34.8316";"389.84";"517.87";"0";"0"
"E";"2018-06-09";"2018-06-10";"14.5943";"41.9";"0.41";"80";"18.24";"141.97";"0";"34.8316";"389.84";"517.87";"0";"0"
"E";"2018-06-08";"2018-06-09";"14.4524";"41.49";"0.36";"80";"18.07";"125.46";"0";"34.8316";"389.84";"517.87";"0";"0"
"E";"2018-06-07";"2018-06-08";"14.3269";"41.13";"0.28";"80";"17.91";"97.98";"0";"34.8316";"389.84";"517.87";"0";"0"
"E";"2018-06-06";"2018-06-07";"14.2289";"40.85";"0.28";"80";"17.79";"98.68";"0";"34.8316";"389.84";"517.87";"0";"0"
"E";"2018-06-05";"2018-06-06";"14.1302";"40.57";"0.28";"80";"17.66";"97.98";"1.4";"34.8316";"389.84";"517.87";"0";"0"
"E";"2018-06-04";"2018-06-05";"14.0336";"40.29";"0.28";"80";"17.54";"97.88";"0";"34.8316";"389.84";"517.87";"0";"0"
"E";"2018-06-03";"2018-06-04";"13.9358";"40.01";"0.28";"80";"17.42";"98.88";"0";"34.8316";"389.84";"517.87";"0";"0"
"E";"2018-06-02";"2018-06-03";"13.8369";"39.73";"0.28";"80";"17.3";"96.88";"0";"34.8316";"389.84";"517.87";"0";"0"
"E";"2018-06-01";"2018-06-02";"13.74";"39.45";"0.28";"80";"17.18";"96.76";"0";"34.8316";"389.84";"517.87";"0";"0"
"E";"2018-05-31";"2018-06-01";"13.6432";"39.17";"0.4";"80";"17.05";"139.56";"1.9";"34.8316";"389.84";"517.87";"0";"0"
"E";"2018-05-30";"2018-05-31";"13.5056";"38.77";"0.4";"80";"16.88";"138.07";"0.4";"34.8316";"389.84";"517.87";"0";"0"
"E";"2018-05-29";"2018-05-30";"13.3679";"38.38";"0.4";"80";"16.71";"140.31";"0.4";"34.8316";"389.84";"517.87";"0";"0"
"E";"2018-05-28";"2018-05-29";"13.2279";"37.98";"0.41";"80";"16.53";"143.37";"0.4";"34.8316";"389.84";"517.87";"0";"0"
"E";"2018-05-27";"2018-05-28";"13.0849";"37.57";"0.42";"80";"16.36";"146.37";"0.4";"34.8316";"389.84";"517.87";"0";"0"
"E";"2018-05-26";"2018-05-27";"12.9389";"37.15";"0.4";"80";"16.17";"140.17";"0.4";"34.8316";"389.84";"517.87";"0";"0"
"E";"2018-05-25";"2018-05-26";"12.7991";"36.75";"0.38";"80";"16";"132.23";"0.4";"34.8316";"389.84";"517.87";"0";"0"
"E";"2018-05-24";"2018-05-25";"12.6672";"36.37";"0.39";"80";"15.83";"137.13";"0.4";"34.8316";"389.84";"517.87";"0";"0"
"E";"2018-05-23";"2018-05-24";"12.5304";"35.97";"0.38";"80";"15.66";"134.46";"1.1";"34.8316";"389.84";"517.87";"0";"0"
"E";"2018-05-22";"2018-05-23";"12.397";"35.59";"0.39";"80";"15.5";"136.24";"1.1";"34.8316";"389.84";"517.87";"0";"0"
"E";"2018-05-21";"2018-05-22";"12.2618";"35.2";"0.38";"80";"15.33";"131.79";"1.1";"34.8316";"389.84";"517.87";"0";"0"
"E";"2018-05-20";"2018-05-21";"12.1311";"34.83";"0.37";"80";"15.16";"131.52";"1.1";"34.8316";"389.84";"517.87";"0";"0"
"E";"2018-05-19";"2018-05-20";"12.0006";"34.45";"0.39";"80";"15";"138.49";"1.1";"34.8316";"389.84";"517.87";"0";"0"
"E";"2018-05-18";"2018-05-19";"11.8632";"34.06";"0.33";"80";"14.83";"116.22";"1.1";"34.8316";"389.84";"517.87";"0";"0"
"E";"2018-05-17";"2018-05-18";"11.748";"33.73";"0.4";"80";"14.69";"138.92";"1.1";"34.8316";"389.84";"517.87";"0";"0"
"E";"2018-05-16";"2018-05-17";"11.6101";"33.33";"0.39";"80";"14.51";"137.43";"1.1";"34.8316";"389.84";"517.87";"0";"0"
"E";"2018-05-15";"2018-05-16";"11.4738";"32.94";"0.33";"80";"14.34";"136.82";"21.1";"34.8316";"389.84";"517.87";"0";"0"
"E";"2018-05-14";"2018-05-15";"11.3581";"32.61";"0.31";"80";"14.2";"139.37";"30.6";"34.8316";"389.84";"517.87";"0";"0"
"E";"2018-05-13";"2018-05-14";"11.2493";"32.3";"0.41";"80";"14.06";"144.03";"1.1";"34.8316";"389.84";"517.87";"0";"0"
"E";"2018-05-12";"2018-05-13";"11.1063";"31.89";"0.43";"80";"13.88";"149.51";"0";"34.8316";"389.84";"517.87";"0";"0"
"E";"2018-05-11";"2018-05-12";"10.9568";"31.46";"0.39";"80";"13.7";"136.71";"1.1";"34.8316";"389.84";"517.87";"0";"0"
"E";"2018-05-10";"2018-05-11";"10.8211";"31.07";"0.43";"80";"13.53";"151.77";"1.1";"34.8316";"389.84";"517.87";"0";"0"
"E";"2018-05-09";"2018-05-10";"10.6704";"30.63";"0.42";"80";"13.34";"146.96";"1.1";"34.8316";"389.84";"517.87";"0";"0"
"E";"2018-05-08";"2018-05-09";"10.5245";"30.22";"0.38";"80";"13.16";"133.42";"0";"34.8316";"389.84";"517.87";"0";"0"
"E";"2018-05-07";"2018-05-08";"10.3911";"29.83";"0.41";"80";"12.99";"142.76";"0";"34.8316";"389.84";"517.87";"0";"0"
"E";"2018-05-06";"2018-05-07";"10.2483";"29.42";"0.41";"80";"12.81";"143.29";"1.1";"34.8316";"389.84";"517.87";"0";"0"
"E";"2018-05-05";"2018-05-06";"10.1061";"29.01";"0.42";"80";"12.63";"147.29";"0";"34.8316";"389.84";"517.87";"0";"0"
"E";"2018-05-04";"2018-05-05";"9.9588";"28.59";"0.34";"80";"12.45";"118.63";"0";"34.8316";"389.84";"517.87";"0";"0"
"E";"2018-05-03";"2018-05-04";"9.8402";"28.25";"0.25";"80";"12.3";"88.42";"1.1";"34.8316";"389.84";"517.87";"0";"0"
"E";"2018-05-02";"2018-05-03";"9.7528";"28";"0.28";"80";"12.19";"98.55";"1.1";"34.8316";"389.84";"517.87";"0";"0"
"E";"2018-05-01";"2018-05-02";"9.6553";"27.72";"0.3";"80";"12.07";"105.95";"0";"34.8316";"389.84";"517.87";"0";"0"
"E";"2018-04-30";"2018-05-01";"9.5494";"27.42";"0.27";"80";"11.94";"97.24";"4.6";"34.8316";"389.84";"517.87";"0";"0"
"E";"2018-04-29";"2018-04-30";"9.4567";"27.15";"0.27";"80";"11.82";"94.83";"0";"34.8316";"389.84";"517.87";"0";"0"
"E";"2018-04-28";"2018-04-29";"9.3619";"26.88";"0.29";"80";"11.7";"101.76";"0";"34.8316";"389.84";"517.87";"0";"0"
"E";"2018-04-27";"2018-04-28";"9.2601";"26.59";"0.24";"80";"11.58";"82.64";"0";"34.8316";"389.84";"517.87";"0";"0"
"E";"2018-04-26";"2018-04-27";"9.1775";"26.35";"0.24";"80";"11.47";"82.13";"0";"34.8316";"389.84";"517.87";"0";"0"
"E";"2018-04-25";"2018-04-26";"9.0953";"26.11";"0.3";"80";"11.37";"104.25";"0";"34.8316";"389.84";"517.87";"0";"0"
"E";"2018-04-24";"2018-04-25";"8.9911";"25.81";"0.26";"80";"11.24";"91.38";"0";"34.8316";"389.84";"517.87";"0";"0"
"E";"2018-04-23";"2018-04-24";"8.8997";"25.55";"0.36";"80";"11.12";"127.65";"0";"34.8316";"389.84";"517.87";"0";"0"
"E";"2018-04-22";"2018-04-23";"8.7735";"25.19";"0.31";"80";"10.97";"135.23";"26.5";"34.8316";"389.84";"517.87";"0";"0"
"E";"2018-04-21";"2018-04-22";"8.6648";"24.88";"0.3";"80";"10.83";"139.92";"37.1";"34.8316";"389.84";"517.87";"0";"0"
"E";"2018-04-20";"2018-04-21";"8.562";"24.58";"0.33";"80";"10.7";"114.93";"0";"34.8316";"389.84";"517.87";"0";"0"
"E";"2018-04-19";"2018-04-20";"8.4471";"24.25";"0.31";"80";"10.56";"106.35";"0";"34.8316";"389.84";"517.87";"0";"0"
"E";"2018-04-18";"2018-04-19";"8.3407";"23.95";"0.22";"80";"10.43";"77.41";"0";"34.8316";"389.84";"517.87";"0";"0"
"E";"2018-04-17";"2018-04-18";"8.2633";"23.72";"0.18";"80";"10.33";"62.14";"0";"34.8316";"389.84";"517.87";"0";"0"
"E";"2018-04-16";"2018-04-17";"8.2012";"23.55";"0.22";"80";"10.25";"77.53";"0";"34.8316";"389.84";"517.87";"0";"0"
"E";"2018-04-15";"2018-04-16";"8.1237";"23.32";"0.22";"80";"10.15";"77.7";"0";"34.8316";"389.84";"517.87";"0";"0"
"E";"2018-04-14";"2018-04-15";"8.046";"23.1";"0.24";"80";"10.06";"83.12";"0";"34.8316";"389.84";"517.87";"0";"0"
"E";"2018-04-13";"2018-04-14";"7.9628";"22.86";"0.22";"80";"9.95";"75.86";"0";"34.8316";"389.84";"517.87";"0";"0"
"E";"2018-04-12";"2018-04-13";"7.887";"22.64";"0.2";"80";"9.86";"68.02";"0";"34.8316";"389.84";"517.87";"0";"0"
"E";"2018-04-11";"2018-04-12";"7.819";"22.45";"0.16";"80";"9.77";"55.59";"0";"34.8316";"389.84";"517.87";"0";"0"
"E";"2018-04-10";"2018-04-11";"7.7634";"22.29";"0.15";"80";"9.7";"55.77";"4.5";"34.8316";"389.84";"517.87";"0";"0"
"E";"2018-04-09";"2018-04-10";"7.7121";"22.14";"0.15";"80";"9.64";"60.28";"7.6";"34.8316";"389.84";"517.87";"0";"0"
"E";"2018-04-08";"2018-04-09";"7.6594";"21.99";"0.12";"80";"9.57";"48.92";"8.6";"34.8316";"389.84";"517.87";"0";"0"
"E";"2018-04-07";"2018-04-08";"7.619";"21.87";"0.1";"80";"9.52";"45.97";"12.7";"34.8316";"389.84";"517.87";"0";"0"
"E";"2018-04-06";"2018-04-07";"7.5857";"21.78";"0.03";"80";"9.48";"23";"11.6";"34.8316";"389.84";"517.87";"0";"0"
"E";"2018-04-05";"2018-04-06";"7.5743";"21.75";"0.07";"80";"9.47";"35.27";"11.6";"34.8316";"389.84";"517.87";"0";"0"
"E";"2018-04-04";"2018-04-05";"7.5507";"21.68";"0.1";"80";"9.44";"41.9";"8.6";"34.8316";"389.84";"517.87";"0";"0"
"E";"2018-04-03";"2018-04-04";"7.5173";"21.58";"0.07";"80";"9.4";"30.7";"6.6";"34.8316";"389.84";"517.87";"0";"0"
"E";"2018-04-02";"2018-04-03";"7.4933";"21.51";"0.02";"80";"9.37";"21.3";"14.2";"34.8316";"389.84";"517.87";"0";"0"
"E";"2018-04-01";"2018-04-02";"7.4862";"21.49";"0.12";"80";"9.36";"55.12";"12.6";"34.8316";"389.84";"517.87";"0";"0"
"E";"2018-03-31";"2018-04-01";"7.4437";"21.37";"-0.21";"80";"9.3";"3";"76.3";"34.8316";"389.84";"517.87";"0";"0"
"E";"2018-03-30";"2018-03-31";"7.517";"21.58";"-0.31";"80";"9.4";"1.7";"109";"34.8316";"389.84";"517.87";"0";"0"
"E";"2018-03-29";"2018-03-30";"7.6243";"21.89";"-0.32";"80";"9.53";"1.5";"114.8";"34.8316";"389.84";"517.87";"0";"0"
"E";"2018-03-28";"2018-03-29";"7.7375";"22.21";"-0.36";"80";"9.67";"0";"127.5";"34.8316";"389.84";"517.87";"0";"0"
"E";"2018-03-27";"2018-03-28";"7.8631";"22.57";"-0.39";"80";"9.83";"0";"136.4";"34.8316";"389.84";"517.87";"0";"0"
"E";"2018-03-26";"2018-03-27";"7.9985";"22.96";"-0.39";"80";"10";"0";"137.3";"34.8316";"389.84";"517.87";"0";"0"
"E";"2018-03-25";"2018-03-26";"8.1358";"23.36";"-0.29";"80";"10.17";"2.45";"104.4";"34.8316";"389.84";"517.87";"0";"0"
"E";"2018-03-24";"2018-03-25";"8.2373";"23.65";"-0.28";"80";"10.3";"2.14";"98.1";"34.8316";"389.84";"517.87";"0";"0"
"E";"2018-03-23";"2018-03-24";"8.3332";"23.92";"-0.42";"80";"10.42";"0";"147.7";"34.8316";"389.84";"517.87";"0";"0"
"E";"2018-03-22";"2018-03-23";"8.4809";"24.35";"-0.47";"80";"10.6";"0";"164.8";"34.8316";"389.84";"517.87";"0";"0"
"E";"2018-03-21";"2018-03-22";"8.6457";"24.82";"-0.57";"80";"10.81";"0";"200.1";"34.8316";"389.84";"517.87";"0";"0"
"E";"2018-03-20";"2018-03-21";"8.8458";"25.4";"-0.41";"80";"11.06";"0";"144.1";"34.8316";"389.84";"517.87";"0";"0"
"E";"2018-03-19";"2018-03-20";"8.99";"25.81";"-0.51";"80";"11.24";"0";"176.7";"34.8316";"389.84";"517.87";"0";"0"
"E";"2018-03-18";"2018-03-19";"9.1666";"26.32";"-0.42";"80";"11.46";"0";"145.9";"34.8316";"389.84";"517.87";"0";"0"
"E";"2018-03-17";"2018-03-18";"9.3125";"26.74";"-0.35";"80";"11.64";"0";"122.4";"34.8316";"389.84";"517.87";"0";"0"
"E";"2018-03-16";"2018-03-17";"9.4349";"27.09";"-0.26";"80";"11.79";"0";"91.8";"34.8316";"389.84";"517.87";"0";"0"
"E";"2018-03-15";"2018-03-16";"9.5267";"27.35";"-0.25";"80";"11.91";"0";"88.5";"34.8316";"389.84";"517.87";"0";"0"
"E";"2018-03-14";"2018-03-15";"9.613";"27.6";"-0.24";"80";"12.02";"0";"82.4";"34.8316";"389.84";"517.87";"0";"0"
"E";"2018-03-13";"2018-03-14";"9.6954";"27.84";"-0.25";"80";"12.12";"0";"88.1";"34.8316";"389.84";"517.87";"0";"0"
"E";"2018-03-12";"2018-03-13";"9.7836";"28.09";"-0.19";"80";"12.23";"0";"66.8";"34.8316";"389.84";"517.87";"0";"0"
"E";"2018-03-11";"2018-03-12";"9.8493";"28.28";"-0.21";"80";"12.31";"1.71";"73.8";"34.8316";"389.84";"517.87";"0";"0"
"E";"2018-03-10";"2018-03-11";"9.9215";"28.48";"-0.26";"80";"12.4";"1.5";"92";"34.8316";"389.84";"517.87";"0";"0"
"E";"2018-03-09";"2018-03-10";"10.0119";"28.74";"-0.3";"80";"12.51";"0";"103.9";"34.8316";"389.84";"517.87";"0";"0"
"E";"2018-03-08";"2018-03-09";"10.1159";"29.04";"-0.34";"80";"12.64";"0";"118.7";"34.8316";"389.84";"517.87";"0";"0"
"E";"2018-03-07";"2018-03-08";"10.2346";"29.38";"-0.49";"80";"12.79";"0";"170.3";"34.8316";"389.84";"517.87";"0";"0"
"E";"2018-03-06";"2018-03-07";"10.4049";"29.87";"-0.56";"80";"13.01";"0";"195.9";"34.8316";"389.84";"517.87";"0";"0"
"E";"2018-03-05";"2018-03-06";"10.6003";"30.43";"-0.62";"80";"13.25";"0";"217.6";"34.8316";"389.84";"517.87";"0";"0"
"E";"2018-03-04";"2018-03-05";"10.8179";"31.06";"-0.77";"80";"13.52";"0";"272.6";"34.8316";"389.84";"517.87";"0";"0"
"E";"2018-03-03";"2018-03-04";"11.0875";"31.83";"-0.76";"80";"13.86";"0";"268.3";"34.8316";"389.84";"517.87";"0";"0"
"E";"2018-03-02";"2018-03-03";"11.3508";"32.59";"-1.01";"80";"14.19";"0";"359.9";"34.8316";"389.84";"517.87";"0";"0"
"E";"2018-03-01";"2018-03-02";"11.7016";"33.59";"-0.85";"80";"14.63";"0";"318.1";"34.8316";"389.84";"517.87";"0";"0"
"E";"2018-02-28";"2018-03-01";"11.9993";"34.45";"-1.04";"80";"15";"0";"377.2";"34.8316";"389.84";"517.87";"0";"0"
"E";"2018-02-27";"2018-02-28";"12.3612";"35.49";"-0.88";"80";"15.45";"0";"314.1";"34.8316";"389.84";"517.87";"0";"0"
"E";"2018-02-26";"2018-02-27";"12.6686";"36.37";"-0.94";"80";"15.84";"0";"328.5";"34.8316";"389.84";"517.87";"0";"0"
"E";"2018-02-25";"2018-02-26";"12.9947";"37.31";"-0.86";"80";"16.24";"0";"305.9";"34.8316";"389.84";"517.87";"0";"0"
"E";"2018-02-24";"2018-02-25";"13.2957";"38.17";"-0.81";"80";"16.62";"0";"281.1";"34.8316";"389.84";"517.87";"0";"0"
"E";"2018-02-23";"2018-02-24";"13.5767";"38.98";"-0.64";"80";"16.97";"0";"224";"34.8316";"389.84";"517.87";"0";"0"
"E";"2018-02-22";"2018-02-23";"13.8007";"39.62";"-0.69";"80";"17.25";"0";"239.8";"34.8316";"389.84";"517.87";"0";"0"
"E";"2018-02-21";"2018-02-22";"14.0405";"40.31";"-0.65";"80";"17.55";"0";"227.9";"34.8316";"389.84";"517.87";"0";"0"
"E";"2018-02-20";"2018-02-21";"14.2685";"40.96";"-0.63";"80";"17.84";"0";"220.7";"34.8316";"389.84";"517.87";"0";"0"
"E";"2018-02-19";"2018-02-20";"14.4892";"41.6";"-0.6";"80";"18.11";"0";"207.9";"34.8316";"389.84";"517.87";"0";"0"
"E";"2018-02-18";"2018-02-19";"14.6971";"42.19";"-0.53";"80";"18.37";"0";"183.6";"34.8316";"389.84";"517.87";"0";"0"
"E";"2018-02-17";"2018-02-18";"14.8807";"42.72";"-0.52";"80";"18.6";"0";"179.7";"34.8316";"389.84";"517.87";"0";"0"
"E";"2018-02-16";"2018-02-17";"15.0604";"43.24";"-0.54";"80";"18.83";"0";"186.8";"34.8316";"389.84";"517.87";"0";"0"
"E";"2018-02-15";"2018-02-16";"15.2472";"43.77";"-0.65";"80";"19.06";"0";"226.8";"34.8316";"389.84";"517.87";"0";"0"
"E";"2018-02-14";"2018-02-15";"15.474";"44.43";"-0.63";"80";"19.34";"0";"217.8";"34.8316";"389.84";"517.87";"0";"0"
"E";"2018-02-13";"2018-02-14";"15.6918";"45.05";"-0.53";"80";"19.61";"0";"186.2";"34.8316";"389.84";"517.87";"0";"0"
"E";"2018-02-12";"2018-02-13";"15.8779";"45.58";"-0.55";"80";"19.85";"0";"191.2";"34.8316";"389.84";"517.87";"0";"0"
"E";"2018-02-11";"2018-02-12";"16.0692";"46.13";"-0.55";"80";"20.09";"0";"189.9";"34.8316";"389.84";"517.87";"0";"0"
"E";"2018-02-10";"2018-02-11";"16.2591";"46.68";"-0.72";"80";"20.32";"0";"249.7";"34.8316";"389.84";"517.87";"0";"0"
"E";"2018-02-09";"2018-02-10";"16.5088";"47.4";"-0.75";"80";"20.64";"0";"261";"34.8316";"389.84";"517.87";"0";"0"
"E";"2018-02-08";"2018-02-09";"16.7698";"48.15";"-0.65";"80";"20.96";"0";"227";"34.8316";"389.84";"517.87";"0";"0"
"E";"2018-02-07";"2018-02-08";"16.9969";"48.8";"-0.66";"80";"21.25";"0";"231.6";"34.8316";"389.84";"517.87";"0";"0"
"E";"2018-02-06";"2018-02-07";"17.2285";"49.46";"-0.69";"80";"21.54";"0";"241.2";"34.8316";"389.84";"517.87";"0";"0"
"E";"2018-02-05";"2018-02-06";"17.4696";"50.15";"-0.54";"80";"21.84";"0";"188.9";"34.8316";"389.84";"517.87";"0";"0"
"E";"2018-02-04";"2018-02-05";"17.6586";"50.7";"-0.45";"80";"22.07";"0";"157.7";"34.8316";"389.84";"517.87";"0";"0"
"E";"2018-02-03";"2018-02-04";"17.8163";"51.15";"-0.44";"80";"22.27";"0";"154.2";"34.8316";"389.84";"517.87";"0";"0"
"E";"2018-02-02";"2018-02-03";"17.9705";"51.59";"-0.48";"80";"22.46";"0";"168.1";"34.8316";"389.84";"517.87";"0";"0"
"E";"2018-02-01";"2018-02-02";"18.1387";"52.08";"-0.46";"80";"22.67";"0";"159.9";"34.8316";"389.84";"517.87";"0";"0"
"E";"2018-01-31";"2018-02-01";"18.2986";"52.53";"-0.7";"80";"22.87";"0";"244.8";"34.8316";"389.84";"517.87";"0";"0"
"E";"2018-01-30";"2018-01-31";"18.5434";"53.24";"-0.69";"80";"23.18";"0";"241.8";"34.8316";"389.84";"517.87";"0";"0"
"E";"2018-01-29";"2018-01-30";"18.7852";"53.93";"-0.69";"80";"23.48";"0";"239.5";"34.8316";"389.84";"517.87";"0";"0"
"E";"2018-01-28";"2018-01-29";"19.0247";"54.62";"-0.53";"80";"23.78";"0";"185.9";"34.8316";"389.84";"517.87";"0";"0"
"E";"2018-01-27";"2018-01-28";"19.2106";"55.15";"-0.57";"80";"24.01";"0";"197.7";"34.8316";"389.84";"517.87";"0";"0"
"E";"2018-01-26";"2018-01-27";"19.4082";"55.72";"-0.74";"80";"24.26";"0";"256.5";"34.8316";"389.84";"517.87";"0";"0"
"E";"2018-01-25";"2018-01-26";"19.6647";"56.46";"-0.65";"80";"24.58";"0";"227.3";"34.8316";"389.84";"517.87";"0";"0"
"E";"2018-01-24";"2018-01-25";"19.892";"57.11";"-0.63";"80";"24.87";"0";"219.1";"34.8316";"389.84";"517.87";"0";"0"
"E";"2018-01-23";"2018-01-24";"20.1109";"57.74";"-0.71";"80";"25.14";"0";"248.6";"34.8316";"389.84";"517.87";"0";"0"
"E";"2018-01-22";"2018-01-23";"20.3595";"58.45";"-0.68";"80";"25.45";"0";"237.1";"34.8316";"389.84";"517.87";"0";"0"
"E";"2018-01-21";"2018-01-22";"20.5966";"59.13";"-0.67";"80";"25.75";"0.6";"234.2";"34.8316";"389.84";"517.87";"0";"0"
"E";"2018-01-20";"2018-01-21";"20.8303";"59.8";"-0.67";"80";"26.04";"0.84";"232.5";"34.8316";"389.84";"517.87";"0";"0"
"E";"2018-01-19";"2018-01-20";"21.062";"60.47";"-0.76";"80";"26.33";"1.44";"267.7";"34.8316";"389.84";"517.87";"0";"0"
"E";"2018-01-18";"2018-01-19";"21.3282";"61.23";"-0.67";"80";"26.66";"0";"234.1";"34.8316";"389.84";"517.87";"0";"0"
"E";"2018-01-17";"2018-01-18";"21.5622";"61.9";"-0.75";"80";"26.95";"0";"262.4";"34.8316";"389.84";"517.87";"0";"0"
"E";"2018-01-16";"2018-01-17";"21.8246";"62.66";"-0.69";"80";"27.28";"0";"239.8";"34.8316";"389.84";"517.87";"0";"0"
"E";"2018-01-15";"2018-01-16";"22.0644";"63.35";"-0.72";"80";"27.58";"0";"251";"34.8316";"389.84";"517.87";"0";"0"
"E";"2018-01-14";"2018-01-15";"22.3154";"64.07";"-0.63";"80";"27.89";"0";"220.9";"34.8316";"389.84";"517.87";"0";"0"
"E";"2018-01-13";"2018-01-14";"22.5362";"64.7";"-0.59";"80";"28.17";"0";"205.6";"34.8316";"389.84";"517.87";"0";"0"
"E";"2018-01-12";"2018-01-13";"22.7418";"65.29";"-0.62";"80";"28.43";"0";"216";"34.8316";"389.84";"517.87";"0";"0"
"E";"2018-01-11";"2018-01-12";"22.9578";"65.91";"-0.69";"80";"28.7";"0";"239.7";"34.8316";"389.84";"517.87";"0";"0"
"E";"2018-01-10";"2018-01-11";"23.1975";"66.6";"-0.68";"80";"29";"0";"236.1";"34.8316";"389.84";"517.87";"0";"0"
"E";"2018-01-09";"2018-01-10";"23.4336";"67.28";"-0.63";"80";"29.29";"0";"220.7";"34.8316";"389.84";"517.87";"0";"0"
"E";"2018-01-08";"2018-01-09";"23.6543";"67.91";"-0.61";"80";"29.57";"0";"212.9";"34.8316";"389.84";"517.87";"0";"0"
"E";"2018-01-07";"2018-01-08";"23.8672";"68.52";"-0.46";"80";"29.83";"2.4";"161.2";"34.8316";"389.84";"517.87";"0";"0"
"E";"2018-01-06";"2018-01-07";"24.026";"68.98";"-0.47";"80";"30.03";"1.68";"163.8";"34.8316";"389.84";"517.87";"0";"0"
"E";"2018-01-05";"2018-01-06";"24.1882";"69.44";"-0.59";"80";"30.24";"0";"205";"34.8316";"389.84";"517.87";"0";"0"
"E";"2018-01-04";"2018-01-05";"24.3931";"70.03";"-0.63";"80";"30.49";"0.95";"219.8";"34.8316";"389.84";"517.87";"0";"0"
"E";"2018-01-03";"2018-01-04";"24.6119";"70.66";"-0.64";"80";"30.76";"0";"224.3";"34.8316";"389.84";"517.87";"0";"0"
"E";"2018-01-02";"2018-01-03";"24.8362";"71.3";"-0.63";"80";"31.05";"2.88";"221.8";"34.8316";"389.84";"517.87";"0";"0"
"E";"2018-01-01";"2018-01-02";"25.0551";"71.93";"0";"80";"31.32";"4.56";"207";"34.8316";"389.84";"517.87";"0";"0"
"E";"2017-12-31";"2018-01-01";"25.2575";"72.51";"-0.38";"84";"30.07";"6.79";"139.7";"34.8316";"389.84";"517.87";"0";"0"
"E";"2017-12-30";"2017-12-31";"25.3904";"72.89";"-0.39";"84";"30.23";"1.05";"138.3";"34.8316";"389.84";"517.87";"0";"0"
"E";"2017-12-29";"2017-12-30";"25.5277";"73.29";"-0.48";"84";"30.39";"0";"167.3";"34.8316";"389.84";"517.87";"0";"0"
"E";"2017-12-28";"2017-12-29";"25.695";"73.77";"-0.46";"84";"30.59";"0";"161.1";"34.8316";"389.84";"517.87";"0";"0"
"E";"2017-12-27";"2017-12-28";"25.856";"74.23";"-0.46";"84";"30.78";"1.92";"163.4";"34.8316";"389.84";"517.87";"0";"0"
"E";"2017-12-26";"2017-12-27";"26.0175";"74.7";"-0.34";"84";"30.97";"7.63";"124.7";"34.8316";"389.84";"517.87";"0";"0"
"E";"2017-12-25";"2017-12-26";"26.1346";"75.03";"-0.29";"84";"31.11";"10.72";"110.6";"34.8316";"389.84";"517.87";"0";"0"
"E";"2017-12-24";"2017-12-25";"26.2344";"75.32";"-0.28";"84";"31.23";"7.28";"106.4";"34.8316";"389.84";"517.87";"0";"0"
"E";"2017-12-23";"2017-12-24";"26.3336";"75.6";"-0.36";"84";"31.35";"5.64";"131";"34.8316";"389.84";"517.87";"0";"0"
"E";"2017-12-22";"2017-12-23";"26.459";"75.96";"-0.52";"84";"31.5";"2.01";"184.9";"34.8316";"389.84";"517.87";"0";"0"
"E";"2017-12-21";"2017-12-22";"26.6418";"76.49";"-0.51";"84";"31.72";"0";"178.8";"34.8316";"389.84";"517.87";"0";"0"
"E";"2017-12-20";"2017-12-21";"26.8206";"77";"-0.67";"84";"31.93";"0";"231.7";"34.8316";"389.84";"517.87";"0";"0"
"E";"2017-12-19";"2017-12-20";"27.0523";"77.67";"-0.7";"84";"32.21";"0";"243.2";"34.8316";"389.84";"517.87";"0";"0"
"E";"2017-12-18";"2017-12-19";"27.2955";"78.36";"-0.64";"84";"32.49";"0";"224.5";"34.8316";"389.84";"517.87";"0";"0"
"E";"2017-12-17";"2017-12-18";"27.52";"79.01";"-0.46";"84";"32.76";"0.8";"161.7";"34.8316";"389.84";"517.87";"0";"0"
"E";"2017-12-16";"2017-12-17";"27.6809";"79.47";"-0.47";"84";"32.95";"1.8";"164.3";"34.8316";"389.84";"517.87";"0";"0"
"E";"2017-12-15";"2017-12-16";"27.8435";"79.94";"-0.47";"84";"33.15";"0";"163.5";"34.8316";"389.84";"517.87";"0";"0"
"E";"2017-12-14";"2017-12-15";"28.0069";"80.41";"-0.48";"84";"33.34";"0.2";"166";"34.8316";"389.84";"517.87";"0";"0"
"E";"2017-12-13";"2017-12-14";"28.1728";"80.88";"-0.54";"84";"33.54";"0";"189.5";"34.8316";"389.84";"517.87";"0";"0"
"E";"2017-12-12";"2017-12-13";"28.3623";"81.43";"-0.43";"84";"33.76";"0";"150.2";"34.8316";"389.84";"517.87";"0";"0"
"E";"2017-12-11";"2017-12-12";"28.5125";"81.86";"-0.54";"84";"33.94";"0";"186.6";"34.8316";"389.84";"517.87";"0";"0"
"E";"2017-12-10";"2017-12-11";"28.699";"82.39";"-0.42";"84";"34.17";"0.57";"145.8";"34.8316";"389.84";"517.87";"0";"0"
"E";"2017-12-09";"2017-12-10";"28.8442";"82.81";"-0.42";"84";"34.34";"0.47";"146.2";"34.8316";"389.84";"517.87";"0";"0"
"E";"2017-12-08";"2017-12-09";"28.9899";"83.23";"-0.39";"84";"34.51";"0";"135.3";"34.8316";"389.84";"517.87";"0";"0"
"E";"2017-12-07";"2017-12-08";"29.1252";"83.62";"-0.45";"84";"34.67";"0";"157";"34.8316";"389.84";"517.87";"0";"0"
"E";"2017-12-06";"2017-12-07";"29.2823";"84.07";"-0.5";"84";"34.86";"0";"174.2";"34.8316";"389.84";"517.87";"0";"0"
"E";"2017-12-05";"2017-12-06";"29.4565";"84.57";"-0.51";"84";"35.07";"0";"176.3";"34.8316";"389.84";"517.87";"0";"0"
"E";"2017-12-04";"2017-12-05";"29.6327";"85.07";"-0.49";"84";"35.28";"0";"169.6";"34.8316";"389.84";"517.87";"0";"0"
"E";"2017-12-03";"2017-12-04";"29.8023";"85.56";"-0.49";"84";"35.48";"0";"169.8";"34.8316";"389.84";"517.87";"0";"0"
"E";"2017-12-02";"2017-12-03";"29.9722";"86.05";"-0.45";"84";"35.68";"0";"158.2";"34.8316";"389.84";"517.87";"0";"0"
"E";"2017-12-01";"2017-12-02";"30.1304";"86.5";"-0.44";"84";"35.87";"0";"153.7";"34.8316";"389.84";"517.87";"0";"0"
"E";"2017-11-30";"2017-12-01";"30.2841";"86.94";"-0.66";"84";"36.05";"0";"229.2";"34.8316";"389.84";"517.87";"0";"0"
"E";"2017-11-29";"2017-11-30";"30.5133";"87.6";"-0.66";"84";"36.33";"0";"228.4";"34.8316";"389.84";"517.87";"0";"0"
"E";"2017-11-28";"2017-11-29";"30.7418";"88.26";"-0.4";"84";"36.6";"0";"140";"34.8316";"389.84";"517.87";"0";"0"
"E";"2017-11-27";"2017-11-28";"30.8817";"88.66";"-0.49";"84";"36.76";"0";"169.9";"34.8316";"389.84";"517.87";"0";"0"
"E";"2017-11-26";"2017-11-27";"31.0517";"89.15";"-0.35";"84";"36.97";"0";"121.9";"34.8316";"389.84";"517.87";"0";"0"
"E";"2017-11-25";"2017-11-26";"31.1736";"89.5";"-0.34";"84";"37.11";"0.02";"118.3";"34.8316";"389.84";"517.87";"0";"0"
"E";"2017-11-24";"2017-11-25";"31.2918";"89.84";"-0.34";"84";"37.25";"0.02";"118.2";"34.8316";"389.84";"517.87";"0";"0"
"E";"2017-11-23";"2017-11-24";"31.41";"90.18";"-0.34";"84";"37.39";"0.02";"117.1";"34.8316";"389.84";"517.87";"0";"0"
"E";"2017-11-22";"2017-11-23";"31.5271";"90.51";"-0.39";"84";"37.53";"0.02";"135";"34.8316";"389.84";"517.87";"0";"0"
"E";"2017-11-21";"2017-11-22";"31.662";"90.9";"-0.35";"84";"37.69";"0.02";"123.2";"34.8316";"389.84";"517.87";"0";"0"
"E";"2017-11-20";"2017-11-21";"31.7852";"91.25";"-0.43";"84";"37.84";"0.02";"148.6";"34.8316";"389.84";"517.87";"0";"0"
"E";"2017-11-19";"2017-11-20";"31.9337";"91.68";"-0.36";"84";"38.02";"0.32";"125.1";"34.8316";"389.84";"517.87";"0";"0"
"E";"2017-11-18";"2017-11-19";"32.0585";"92.04";"-0.32";"84";"38.16";"0.02";"111.6";"34.8316";"389.84";"517.87";"0";"0"
"E";"2017-11-17";"2017-11-18";"32.17";"92.36";"-0.39";"84";"38.3";"0.02";"137.1";"34.8316";"389.84";"517.87";"0";"0"
"E";"2017-11-16";"2017-11-17";"32.3071";"92.75";"-0.35";"84";"38.46";"0.02";"122.9";"34.8316";"389.84";"517.87";"0";"0"
"E";"2017-11-15";"2017-11-16";"32.43";"93.11";"-0.36";"84";"38.61";"0.02";"125.5";"34.8316";"389.84";"517.87";"0";"0"
"E";"2017-11-14";"2017-11-15";"32.5555";"93.47";"-0.39";"84";"38.76";"0.02";"137";"34.8316";"389.84";"517.87";"0";"0"
"E";"2017-11-13";"2017-11-14";"32.6925";"93.86";"-0.35";"84";"38.92";"0.02";"121.2";"34.8316";"389.84";"517.87";"0";"0"
"E";"2017-11-12";"2017-11-13";"32.8136";"94.21";"-0.3";"84";"39.06";"0.02";"104.1";"34.8316";"389.84";"517.87";"0";"0"
"E";"2017-11-11";"2017-11-12";"32.9177";"94.51";"-0.27";"84";"39.19";"0.02";"93.9";"34.8316";"389.84";"517.87";"0";"0"
"E";"2017-11-10";"2017-11-11";"33.0116";"94.77";"-0.32";"84";"39.3";"0.02";"109.9";"34.8316";"389.84";"517.87";"0";"0"
"E";"2017-11-09";"2017-11-10";"33.1215";"95.09";"-0.31";"84";"39.43";"0.02";"109.6";"34.8316";"389.84";"517.87";"0";"0"
"E";"2017-11-08";"2017-11-09";"33.231";"95.4";"-0.36";"84";"39.56";"0.02";"125.9";"34.8316";"389.84";"517.87";"0";"0"
"E";"2017-11-07";"2017-11-08";"33.357";"95.77";"-0.32";"84";"39.71";"0.02";"112.9";"34.8316";"389.84";"517.87";"0";"0"
"E";"2017-11-06";"2017-11-07";"33.4699";"96.09";"-0.27";"84";"39.85";"0.02";"92.8";"34.8316";"389.84";"517.87";"0";"0"
"E";"2017-11-05";"2017-11-06";"33.5627";"96.36";"-0.24";"84";"39.96";"2.79";"87";"34.8316";"389.84";"517.87";"0";"0"
"E";"2017-11-04";"2017-11-05";"33.6469";"96.6";"-0.24";"84";"40.06";"2.79";"86.8";"34.8316";"389.84";"517.87";"0";"0"
"E";"2017-11-03";"2017-11-04";"33.7309";"96.84";"-0.26";"84";"40.16";"1.07";"93.2";"34.8316";"389.84";"517.87";"0";"0"
"E";"2017-11-02";"2017-11-03";"33.8231";"97.1";"-0.27";"84";"40.27";"0.02";"95.7";"34.8316";"389.84";"517.87";"0";"0"
"E";"2017-11-01";"2017-11-02";"33.9187";"97.38";"-0.18";"84";"40.38";"2.02";"64.1";"34.8316";"389.84";"517.87";"0";"0"
"E";"2017-10-31";"2017-11-01";"33.9808";"97.56";"-0.29";"84";"40.45";"0.41";"101.2";"34.8316";"389.84";"517.87";"0";"0"
"E";"2017-10-30";"2017-10-31";"34.0816";"97.85";"0.04";"84";"40.57";"17.62";"3.4";"34.8316";"389.84";"517.87";"0";"0"
"E";"2017-10-29";"2017-10-30";"34.0674";"97.81";"0.08";"84";"40.56";"27.47";"1.3";"34.8316";"389.84";"517.87";"0";"0"
"E";"2017-10-28";"2017-10-29";"34.0412";"97.73";"0.11";"84";"40.53";"39.87";"0.1";"34.8316";"389.84";"517.87";"0";"0"
"E";"2017-10-27";"2017-10-28";"34.0014";"97.62";"0.14";"84";"40.48";"50.55";"1.4";"34.8316";"389.84";"517.87";"0";"0"
"E";"2017-10-26";"2017-10-27";"33.9523";"97.48";"0.13";"84";"40.42";"44.51";"0.1";"34.8316";"389.84";"517.87";"0";"0"
"E";"2017-10-25";"2017-10-26";"33.9079";"97.35";"0.13";"84";"40.37";"44.38";"0.1";"34.8316";"389.84";"517.87";"0";"0"
"E";"2017-10-24";"2017-10-25";"33.8636";"97.22";"0.11";"84";"40.31";"39.81";"0.1";"34.8316";"389.84";"517.87";"0";"0"
"E";"2017-10-23";"2017-10-24";"33.8239";"97.11";"0.11";"84";"40.27";"40.2";"2.1";"34.8316";"389.84";"517.87";"0";"0"
"E";"2017-10-22";"2017-10-23";"33.7858";"97";"0.15";"84";"40.22";"52.05";"0.1";"34.8316";"389.84";"517.87";"0";"0"
"E";"2017-10-21";"2017-10-22";"33.7338";"96.85";"0.15";"84";"40.16";"51.58";"0.1";"34.8316";"389.84";"517.87";"0";"0"
"E";"2017-10-20";"2017-10-21";"33.6823";"96.7";"0.11";"84";"40.1";"40.06";"0.1";"34.8316";"389.84";"517.87";"0";"0"
"E";"2017-10-19";"2017-10-20";"33.6423";"96.59";"0.12";"84";"40.05";"42.07";"0.1";"34.8316";"389.84";"517.87";"0";"0"
"E";"2017-10-18";"2017-10-19";"33.6003";"96.47";"0.11";"84";"40";"39.49";"0";"34.8316";"389.84";"517.87";"0";"0"
"E";"2017-10-17";"2017-10-18";"33.5609";"96.35";"0.14";"84";"39.95";"48.45";"0.1";"34.8316";"389.84";"517.87";"0";"0"
"E";"2017-10-16";"2017-10-17";"33.5125";"96.21";"0.07";"84";"39.9";"24.81";"0.1";"34.8316";"389.84";"517.87";"0";"0"
"E";"2017-10-15";"2017-10-16";"33.4878";"96.14";"0.17";"84";"39.87";"59.83";"0.1";"34.8316";"389.84";"517.87";"0";"0"
"E";"2017-10-14";"2017-10-15";"33.428";"95.97";"0.16";"84";"39.8";"56.85";"0.1";"34.8316";"389.84";"517.87";"0";"0"
"E";"2017-10-13";"2017-10-14";"33.3713";"95.81";"0.11";"84";"39.73";"37.23";"0.1";"34.8316";"389.84";"517.87";"0";"0"
"E";"2017-10-12";"2017-10-13";"33.3341";"95.7";"0.09";"84";"39.68";"37.96";"6";"34.8316";"389.84";"517.87";"0";"0"
"E";"2017-10-11";"2017-10-12";"33.3021";"95.61";"0.09";"84";"39.65";"32.06";"1.7";"34.8316";"389.84";"517.87";"0";"0"
"E";"2017-10-10";"2017-10-11";"33.2718";"95.52";"0.05";"84";"39.61";"21.39";"4.2";"34.8316";"389.84";"517.87";"0";"0"
"E";"2017-10-09";"2017-10-10";"33.2546";"95.47";"-0.05";"84";"39.59";"3.09";"19";"34.8316";"389.84";"517.87";"0";"0"
"E";"2017-10-08";"2017-10-09";"33.2705";"95.52";"0.03";"84";"39.61";"9.34";"0";"34.8316";"389.84";"517.87";"0";"0"
"E";"2017-10-07";"2017-10-08";"33.2611";"95.49";"0.04";"84";"39.6";"12.74";"0";"34.8316";"389.84";"517.87";"0";"0"
"E";"2017-10-06";"2017-10-07";"33.2484";"95.45";"0.12";"84";"39.58";"42.02";"0";"34.8316";"389.84";"517.87";"0";"0"
"E";"2017-10-05";"2017-10-06";"33.2064";"95.33";"0.11";"84";"39.53";"36.63";"0";"34.8316";"389.84";"517.87";"0";"0"
"E";"2017-10-04";"2017-10-05";"33.1697";"95.23";"0.09";"84";"39.49";"30.79";"0";"34.8316";"389.84";"517.87";"0";"0"
"E";"2017-10-03";"2017-10-04";"33.139";"95.14";"0.15";"84";"39.45";"50.86";"0.1";"34.8316";"389.84";"517.87";"0";"0"
"E";"2017-10-02";"2017-10-03";"33.0882";"94.99";"0.13";"84";"39.39";"46.54";"0.1";"34.8316";"389.84";"517.87";"0";"0"
"E";"2017-10-01";"2017-10-02";"33.0417";"94.86";"0.15";"84";"39.34";"51.4";"0.1";"34.8316";"389.84";"517.87";"0";"0"
"E";"2017-09-30";"2017-10-01";"32.9904";"94.71";"0.34";"84";"39.27";"119.97";"0";"34.8316";"389.84";"517.87";"0";"0"
"E";"2017-09-29";"2017-09-30";"32.8704";"94.37";"0.32";"84";"39.13";"110.57";"0";"34.8316";"389.84";"517.87";"0";"0"
"E";"2017-09-28";"2017-09-29";"32.7598";"94.05";"0.3";"84";"39";"105.52";"0";"34.8316";"389.84";"517.87";"0";"0"
"E";"2017-09-27";"2017-09-28";"32.6543";"93.75";"0.33";"84";"38.87";"114.21";"0";"34.8316";"389.84";"517.87";"0";"0"
"E";"2017-09-26";"2017-09-27";"32.5401";"93.42";"0.27";"84";"38.74";"93.14";"0";"34.8316";"389.84";"517.87";"0";"0"
"E";"2017-09-25";"2017-09-26";"32.447";"93.15";"0.02";"84";"38.63";"62.3";"53.7";"34.8316";"389.84";"517.87";"0";"0"
"E";"2017-09-24";"2017-09-25";"32.4384";"93.13";"0.24";"84";"38.62";"85.22";"0";"34.8316";"389.84";"517.87";"0";"0"
"E";"2017-09-23";"2017-09-24";"32.3531";"92.88";"0.26";"84";"38.52";"90.82";"0";"34.8316";"389.84";"517.87";"0";"0"
"E";"2017-09-22";"2017-09-23";"32.2623";"92.62";"0.12";"84";"38.41";"40.61";"0";"34.8316";"389.84";"517.87";"0";"0"
"E";"2017-09-21";"2017-09-22";"32.2217";"92.51";"0.14";"84";"38.36";"49.47";"0";"34.8316";"389.84";"517.87";"0";"0"
"E";"2017-09-20";"2017-09-21";"32.1722";"92.37";"0.1";"84";"38.3";"34.67";"0";"34.8316";"389.84";"517.87";"0";"0"
"E";"2017-09-19";"2017-09-20";"32.1376";"92.27";"0.11";"84";"38.26";"37.72";"0";"34.8316";"389.84";"517.87";"0";"0"
"E";"2017-09-18";"2017-09-19";"32.0998";"92.16";"0.12";"84";"38.21";"49.15";"6.2";"34.8316";"389.84";"517.87";"0";"0"
"E";"2017-09-17";"2017-09-18";"32.0568";"92.03";"0.19";"84";"38.16";"66.5";"0";"34.8316";"389.84";"517.87";"0";"0"
"E";"2017-09-16";"2017-09-17";"31.9903";"91.84";"0.22";"84";"38.08";"76.39";"0";"34.8316";"389.84";"517.87";"0";"0"
"E";"2017-09-15";"2017-09-16";"31.9139";"91.62";"0.19";"84";"37.99";"65.9";"1.2";"34.8316";"389.84";"517.87";"0";"0"
"E";"2017-09-14";"2017-09-15";"31.8492";"91.44";"0.22";"84";"37.92";"76.84";"0";"34.8316";"389.84";"517.87";"0";"0"
"E";"2017-09-13";"2017-09-14";"31.7724";"91.22";"0.26";"84";"37.82";"91.38";"0";"34.8316";"389.84";"517.87";"0";"0"
"E";"2017-09-12";"2017-09-13";"31.681";"90.95";"0.3";"84";"37.72";"104.75";"0";"34.8316";"389.84";"517.87";"0";"0"
"E";"2017-09-11";"2017-09-12";"31.5763";"90.65";"0.31";"84";"37.59";"107.41";"0";"34.8316";"389.84";"517.87";"0";"0"
"E";"2017-09-10";"2017-09-11";"31.4689";"90.35";"0.36";"84";"37.46";"124.09";"0";"34.8316";"389.84";"517.87";"0";"0"
"E";"2017-09-09";"2017-09-10";"31.3448";"89.99";"0.36";"84";"37.32";"124.19";"0";"34.8316";"389.84";"517.87";"0";"0"
"E";"2017-09-08";"2017-09-09";"31.2206";"89.63";"0.34";"84";"37.17";"119.15";"0";"34.8316";"389.84";"517.87";"0";"0"
"E";"2017-09-07";"2017-09-08";"31.1014";"89.29";"0.35";"84";"37.03";"120.35";"0";"34.8316";"389.84";"517.87";"0";"0"
"E";"2017-09-06";"2017-09-07";"30.9811";"88.95";"0.32";"84";"36.88";"110.49";"0";"34.8316";"389.84";"517.87";"0";"0"
"E";"2017-09-05";"2017-09-06";"30.8706";"88.63";"0.33";"84";"36.75";"113.35";"0";"34.8316";"389.84";"517.87";"0";"0"
"E";"2017-09-04";"2017-09-05";"30.7572";"88.3";"0.31";"84";"36.62";"108.93";"0";"34.8316";"389.84";"517.87";"0";"0"
"E";"2017-09-03";"2017-09-04";"30.6483";"87.99";"0.37";"84";"36.49";"128.93";"0";"34.8316";"389.84";"517.87";"0";"0"
"E";"2017-09-02";"2017-09-03";"30.5194";"87.62";"0.35";"84";"36.33";"121.02";"0";"34.8316";"389.84";"517.87";"0";"0"
"E";"2017-09-01";"2017-09-02";"30.3984";"87.27";"0.33";"84";"36.19";"115.39";"0";"34.8316";"389.84";"517.87";"0";"0"
"E";"2017-08-31";"2017-09-01";"30.283";"86.94";"0.12";"84";"36.05";"87.17";"43.9";"34.8316";"389.84";"517.87";"0";"0"
"E";"2017-08-30";"2017-08-31";"30.2397";"86.82";"0.33";"84";"36";"115.34";"0";"34.8316";"389.84";"517.87";"0";"0"
"E";"2017-08-29";"2017-08-30";"30.1243";"86.49";"0.34";"84";"35.86";"119.02";"0";"34.8316";"389.84";"517.87";"0";"0"
"E";"2017-08-28";"2017-08-29";"30.0053";"86.14";"0.32";"84";"35.72";"111.66";"0";"34.8316";"389.84";"517.87";"0";"0"
"E";"2017-08-27";"2017-08-28";"29.8936";"85.82";"0.34";"84";"35.59";"119.79";"0";"34.8316";"389.84";"517.87";"0";"0"
"E";"2017-08-26";"2017-08-27";"29.7738";"85.48";"0.34";"84";"35.45";"119.04";"0";"34.8316";"389.84";"517.87";"0";"0"
"E";"2017-08-25";"2017-08-26";"29.6548";"85.14";"0.31";"84";"35.3";"108.4";"0";"34.8316";"389.84";"517.87";"0";"0"
"E";"2017-08-24";"2017-08-25";"29.5464";"84.83";"0.27";"84";"35.17";"92.61";"0";"34.8316";"389.84";"517.87";"0";"0"
"E";"2017-08-23";"2017-08-24";"29.4538";"84.56";"0.33";"84";"35.06";"115.95";"0";"34.8316";"389.84";"517.87";"0";"0"
"E";"2017-08-22";"2017-08-23";"29.3378";"84.23";"0.25";"84";"34.93";"87.52";"0";"34.8316";"389.84";"517.87";"0";"0"
"E";"2017-08-21";"2017-08-22";"29.2503";"83.98";"0.33";"84";"34.82";"115.09";"0";"34.8316";"389.84";"517.87";"0";"0"
"E";"2017-08-20";"2017-08-21";"29.1352";"83.65";"0.35";"84";"34.68";"121.06";"0";"34.8316";"389.84";"517.87";"0";"0"
"E";"2017-08-19";"2017-08-20";"29.0142";"83.3";"0.34";"84";"34.54";"117.82";"0";"34.8316";"389.84";"517.87";"0";"0"
"E";"2017-08-18";"2017-08-19";"28.8963";"82.96";"0.38";"84";"34.4";"130.78";"0";"34.8316";"389.84";"517.87";"0";"0"
"E";"2017-08-17";"2017-08-18";"28.7656";"82.58";"0.33";"84";"34.24";"115.93";"0";"34.8316";"389.84";"517.87";"0";"0"
"E";"2017-08-16";"2017-08-17";"28.6496";"82.25";"0.34";"84";"34.11";"118.05";"0";"34.8316";"389.84";"517.87";"0";"0"
"E";"2017-08-15";"2017-08-16";"28.5316";"81.91";"0.34";"84";"33.97";"118.22";"0";"34.8316";"389.84";"517.87";"0";"0"
"E";"2017-08-14";"2017-08-15";"28.4134";"81.57";"0.35";"84";"33.83";"120.37";"0";"34.8316";"389.84";"517.87";"0";"0"
"E";"2017-08-13";"2017-08-14";"28.293";"81.23";"0.35";"84";"33.68";"122.36";"1.2";"34.8316";"389.84";"517.87";"0";"0"
"E";"2017-08-12";"2017-08-13";"28.1718";"80.88";"0.35";"84";"33.54";"122.03";"0";"34.8316";"389.84";"517.87";"0";"0"
"E";"2017-08-11";"2017-08-12";"28.0498";"80.53";"0.33";"84";"33.39";"115.32";"1.2";"34.8316";"389.84";"517.87";"0";"0"
"E";"2017-08-10";"2017-08-11";"27.9357";"80.2";"0.32";"84";"33.26";"112.97";"0";"34.8316";"389.84";"517.87";"0";"0"
"E";"2017-08-09";"2017-08-10";"27.8227";"79.88";"0.33";"84";"33.12";"114.3";"0";"34.8316";"389.84";"517.87";"0";"0"
"E";"2017-08-08";"2017-08-09";"27.7084";"79.55";"0.33";"84";"32.99";"114.72";"0";"34.8316";"389.84";"517.87";"0";"0"
"E";"2017-08-07";"2017-08-08";"27.5937";"79.22";"0.35";"84";"32.85";"122.22";"0";"34.8316";"389.84";"517.87";"0";"0"
"E";"2017-08-06";"2017-08-07";"27.4715";"78.87";"0.36";"84";"32.7";"125.78";"0";"34.8316";"389.84";"517.87";"0";"0"
"E";"2017-08-05";"2017-08-06";"27.3457";"78.51";"0.36";"84";"32.55";"125.61";"0";"34.8316";"389.84";"517.87";"0";"0"
"E";"2017-08-04";"2017-08-05";"27.2201";"78.15";"0.36";"84";"32.4";"124.62";"0";"34.8316";"389.84";"517.87";"0";"0"
"E";"2017-08-03";"2017-08-04";"27.0955";"77.79";"0.34";"84";"32.26";"118.93";"0";"34.8316";"389.84";"517.87";"0";"0"
"E";"2017-08-02";"2017-08-03";"26.9765";"77.45";"0.33";"84";"32.11";"115.17";"0";"34.8316";"389.84";"517.87";"0";"0"
"E";"2017-08-01";"2017-08-02";"26.8614";"77.12";"0.33";"84";"31.98";"116.16";"0";"34.8316";"389.84";"517.87";"0";"0"
"E";"2017-07-31";"2017-08-01";"26.7452";"76.78";"0.25";"84";"31.84";"131.07";"43.8";"34.8316";"389.84";"517.87";"0";"0"
"E";"2017-07-30";"2017-07-31";"26.6579";"76.53";"0.46";"84";"31.74";"160.66";"0";"34.8316";"389.84";"517.87";"0";"0"
"E";"2017-07-29";"2017-07-30";"26.4972";"76.07";"0.44";"84";"31.54";"152.4";"0";"34.8316";"389.84";"517.87";"0";"0"
"E";"2017-07-28";"2017-07-29";"26.3448";"75.63";"0.37";"84";"31.36";"130.53";"0";"34.8316";"389.84";"517.87";"0";"0"
"E";"2017-07-27";"2017-07-28";"26.2143";"75.26";"0.37";"84";"31.21";"128.32";"0";"34.8316";"389.84";"517.87";"0";"0"
"E";"2017-07-26";"2017-07-27";"26.086";"74.89";"0.37";"84";"31.05";"128.99";"0";"34.8316";"389.84";"517.87";"0";"0"
"E";"2017-07-25";"2017-07-26";"25.957";"74.52";"0.38";"84";"30.9";"130.83";"0";"34.8316";"389.84";"517.87";"0";"0"
"E";"2017-07-24";"2017-07-25";"25.8262";"74.15";"0.45";"84";"30.75";"158.06";"0";"34.8316";"389.84";"517.87";"0";"0"
"E";"2017-07-23";"2017-07-24";"25.6681";"73.69";"0.5";"84";"30.56";"173.48";"0";"34.8316";"389.84";"517.87";"0";"0"
"E";"2017-07-22";"2017-07-23";"25.4946";"73.19";"0.47";"84";"30.35";"163.8";"0";"34.8316";"389.84";"517.87";"0";"0"
"E";"2017-07-21";"2017-07-22";"25.3308";"72.72";"0.38";"84";"30.16";"132.72";"0";"34.8316";"389.84";"517.87";"0";"0"
"E";"2017-07-20";"2017-07-21";"25.1981";"72.34";"0.39";"84";"30";"136.74";"0";"34.8316";"389.84";"517.87";"0";"0"
"E";"2017-07-19";"2017-07-20";"25.0614";"71.95";"0.38";"84";"29.84";"133.18";"0";"34.8316";"389.84";"517.87";"0";"0"
"E";"2017-07-18";"2017-07-19";"24.9282";"71.57";"0.38";"84";"29.68";"134.04";"0";"34.8316";"389.84";"517.87";"0";"0"
"E";"2017-07-17";"2017-07-18";"24.7941";"71.18";"0.4";"84";"29.52";"138.59";"0";"34.8316";"389.84";"517.87";"0";"0"
"E";"2017-07-16";"2017-07-17";"24.6555";"70.78";"0.41";"84";"29.35";"143.33";"0";"34.8316";"389.84";"517.87";"0";"0"
"E";"2017-07-15";"2017-07-16";"24.5122";"70.37";"0.4";"84";"29.18";"137.9";"0";"34.8316";"389.84";"517.87";"0";"0"
"E";"2017-07-14";"2017-07-15";"24.3743";"69.98";"0.39";"84";"29.02";"135.01";"0";"34.8316";"389.84";"517.87";"0";"0"
"E";"2017-07-13";"2017-07-14";"24.2393";"69.59";"0.38";"84";"28.86";"133.71";"0";"34.8316";"389.84";"517.87";"0";"0"
"E";"2017-07-12";"2017-07-13";"24.1056";"69.21";"0.38";"84";"28.7";"133.01";"0";"34.8316";"389.84";"517.87";"0";"0"
"E";"2017-07-11";"2017-07-12";"23.9726";"68.82";"0.39";"84";"28.54";"136.37";"0";"34.8316";"389.84";"517.87";"0";"0"
"E";"2017-07-10";"2017-07-11";"23.8362";"68.43";"0.39";"84";"28.38";"136.25";"0";"34.8316";"389.84";"517.87";"0";"0"
"E";"2017-07-09";"2017-07-10";"23.7";"68.04";"0.4";"84";"28.21";"140.64";"0";"34.8316";"389.84";"517.87";"0";"0"
"E";"2017-07-08";"2017-07-09";"23.5593";"67.64";"0.4";"84";"28.05";"140.29";"0";"34.8316";"389.84";"517.87";"0";"0"
"E";"2017-07-07";"2017-07-08";"23.419";"67.24";"0.39";"84";"27.88";"137.24";"0";"34.8316";"389.84";"517.87";"0";"0"
"E";"2017-07-06";"2017-07-07";"23.2818";"66.84";"0.4";"84";"27.72";"138.48";"0";"34.8316";"389.84";"517.87";"0";"0"
"E";"2017-07-05";"2017-07-06";"23.1433";"66.44";"0.39";"84";"27.55";"135.02";"0";"34.8316";"389.84";"517.87";"0";"0"
"E";"2017-07-04";"2017-07-05";"23.0083";"66.06";"0.39";"84";"27.39";"135.3";"0";"34.8316";"389.84";"517.87";"0";"0"
"E";"2017-07-03";"2017-07-04";"22.873";"65.67";"0.42";"84";"27.23";"146.98";"0";"34.8316";"389.84";"517.87";"0";"0"
"E";"2017-07-02";"2017-07-03";"22.726";"65.25";"0.41";"84";"27.05";"141.61";"0";"34.8316";"389.84";"517.87";"0";"0"
"E";"2017-07-01";"2017-07-02";"22.5844";"64.84";"0.39";"84";"26.89";"136.89";"0";"34.8316";"389.84";"517.87";"0";"0"
"E";"2017-06-30";"2017-07-01";"22.4475";"64.45";"0.54";"84";"26.72";"231.8";"42";"34.8316";"389.84";"517.87";"0";"0"
"E";"2017-06-29";"2017-06-30";"22.2577";"63.9";"0.7";"84";"26.5";"243.93";"0";"34.8316";"389.84";"517.87";"0";"0"
"E";"2017-06-28";"2017-06-29";"22.0138";"63.2";"0.66";"84";"26.21";"230.17";"0";"34.8316";"389.84";"517.87";"0";"0"
"E";"2017-06-27";"2017-06-28";"21.7836";"62.54";"0.67";"84";"25.93";"232.15";"0";"34.8316";"389.84";"517.87";"0";"0"
"E";"2017-06-26";"2017-06-27";"21.5515";"61.87";"0.7";"84";"25.66";"242.08";"0";"34.8316";"389.84";"517.87";"0";"0"
"E";"2017-06-25";"2017-06-26";"21.3094";"61.18";"0.74";"84";"25.37";"256.46";"0";"34.8316";"389.84";"517.87";"0";"0"
"E";"2017-06-24";"2017-06-25";"21.053";"60.44";"0.73";"84";"25.06";"254.72";"0";"34.8316";"389.84";"517.87";"0";"0"
"E";"2017-06-23";"2017-06-24";"20.7982";"59.71";"0.71";"84";"24.76";"247.97";"0";"34.8316";"389.84";"517.87";"0";"0"
"E";"2017-06-22";"2017-06-23";"20.5503";"59";"0.65";"84";"24.46";"227.26";"0";"34.8316";"389.84";"517.87";"0";"0"
"E";"2017-06-21";"2017-06-22";"20.323";"58.35";"0.66";"84";"24.19";"229.64";"0";"34.8316";"389.84";"517.87";"0";"0"
"E";"2017-06-20";"2017-06-21";"20.0934";"57.69";"0.67";"84";"23.92";"231.93";"0";"34.8316";"389.84";"517.87";"0";"0"
"E";"2017-06-19";"2017-06-20";"19.8614";"57.02";"0.73";"84";"23.64";"254.93";"0";"34.8316";"389.84";"517.87";"0";"0"
"E";"2017-06-18";"2017-06-19";"19.6065";"56.29";"0.74";"84";"23.34";"258.23";"0";"34.8316";"389.84";"517.87";"0";"0"
"E";"2017-06-17";"2017-06-18";"19.3483";"55.55";"0.75";"84";"23.03";"259.72";"0";"34.8316";"389.84";"517.87";"0";"0"
"E";"2017-06-16";"2017-06-17";"19.0886";"54.8";"0.76";"84";"22.72";"264.33";"0";"34.8316";"389.84";"517.87";"0";"0"
"E";"2017-06-15";"2017-06-16";"18.8242";"54.04";"0.76";"84";"22.41";"264.36";"0";"34.8316";"389.84";"517.87";"0";"0"
"E";"2017-06-14";"2017-06-15";"18.5599";"53.28";"0.67";"84";"22.1";"232.32";"0";"34.8316";"389.84";"517.87";"0";"0"
"E";"2017-06-13";"2017-06-14";"18.3276";"52.62";"0.76";"84";"21.82";"263.96";"0";"34.8316";"389.84";"517.87";"0";"0"
"E";"2017-06-12";"2017-06-13";"18.0636";"51.86";"0.69";"84";"21.5";"243.91";"3.8";"34.8316";"389.84";"517.87";"0";"0"
"E";"2017-06-11";"2017-06-12";"17.8235";"51.17";"0.74";"84";"21.22";"257.01";"0";"34.8316";"389.84";"517.87";"0";"0"
"E";"2017-06-10";"2017-06-11";"17.5665";"50.43";"0.74";"84";"20.91";"256.28";"0";"34.8316";"389.84";"517.87";"0";"0"
"E";"2017-06-09";"2017-06-10";"17.3102";"49.7";"0.7";"84";"20.61";"243.58";"0";"34.8316";"389.84";"517.87";"0";"0"
"E";"2017-06-08";"2017-06-09";"17.0667";"49";"0.75";"84";"20.32";"260.3";"0";"34.8316";"389.84";"517.87";"0";"0"
"E";"2017-06-07";"2017-06-08";"16.8064";"48.25";"0.82";"84";"20.01";"287.13";"0";"34.8316";"389.84";"517.87";"0";"0"
"E";"2017-06-06";"2017-06-07";"16.5192";"47.43";"0.82";"84";"19.67";"286.71";"0";"34.8316";"389.84";"517.87";"0";"0"
"E";"2017-06-05";"2017-06-06";"16.2325";"46.6";"0.73";"84";"19.32";"258.76";"2.8";"34.8316";"389.84";"517.87";"0";"0"
"E";"2017-06-04";"2017-06-05";"15.9766";"45.87";"0.7";"84";"19.02";"243.31";"0";"34.8316";"389.84";"517.87";"0";"0"
"E";"2017-06-03";"2017-06-04";"15.7333";"45.17";"0.69";"84";"18.73";"241.37";"0";"34.8316";"389.84";"517.87";"0";"0"
"E";"2017-06-02";"2017-06-03";"15.4919";"44.48";"0.81";"84";"18.44";"280.58";"0";"34.8316";"389.84";"517.87";"0";"0"
"E";"2017-06-01";"2017-06-02";"15.2113";"43.67";"0.78";"84";"18.11";"273.01";"0";"34.8316";"389.84";"517.87";"0";"0"
"E";"2017-05-31";"2017-06-01";"14.9383";"42.89";"0.24";"84";"17.78";"129.53";"45.1";"34.8316";"389.84";"517.87";"0";"0"
"E";"2017-05-30";"2017-05-31";"14.8538";"42.64";"0.39";"84";"17.68";"161.26";"26.4";"34.8316";"389.84";"517.87";"0";"0"
"E";"2017-05-29";"2017-05-30";"14.7189";"42.26";"0.46";"84";"17.52";"161.56";"2.1";"34.8316";"389.84";"517.87";"0";"0"
"E";"2017-05-28";"2017-05-29";"14.5594";"41.8";"0.52";"84";"17.33";"179.4";"0";"34.8316";"389.84";"517.87";"0";"0"
"E";"2017-05-27";"2017-05-28";"14.38";"41.28";"0.53";"84";"17.12";"183.7";"0";"34.8316";"389.84";"517.87";"0";"0"
"E";"2017-05-26";"2017-05-27";"14.1963";"40.76";"0.46";"84";"16.9";"159.15";"0";"34.8316";"389.84";"517.87";"0";"0"
"E";"2017-05-25";"2017-05-26";"14.0372";"40.3";"0.5";"84";"16.71";"174.32";"0";"34.8316";"389.84";"517.87";"0";"0"
"E";"2017-05-24";"2017-05-25";"13.8629";"39.8";"0.34";"84";"16.5";"120.01";"0";"34.8316";"389.84";"517.87";"0";"0"
"E";"2017-05-23";"2017-05-24";"13.7428";"39.46";"0.32";"84";"16.36";"109.94";"0";"34.8316";"389.84";"517.87";"0";"0"
"E";"2017-05-22";"2017-05-23";"13.6329";"39.14";"0.35";"84";"16.23";"120.77";"0";"34.8316";"389.84";"517.87";"0";"0"
"E";"2017-05-21";"2017-05-22";"13.5121";"38.79";"0.38";"84";"16.09";"130.86";"0";"34.8316";"389.84";"517.87";"0";"0"
"E";"2017-05-20";"2017-05-21";"13.3813";"38.42";"0.37";"84";"15.93";"128.02";"0";"34.8316";"389.84";"517.87";"0";"0"
"E";"2017-05-19";"2017-05-20";"13.2533";"38.05";"0.31";"84";"15.78";"108.92";"0";"34.8316";"389.84";"517.87";"0";"0"
"E";"2017-05-18";"2017-05-19";"13.1443";"37.74";"0.31";"84";"15.65";"108";"0";"34.8316";"389.84";"517.87";"0";"0"
"E";"2017-05-17";"2017-05-18";"13.0363";"37.43";"0.31";"84";"15.52";"107.01";"0";"34.8316";"389.84";"517.87";"0";"0"
"E";"2017-05-16";"2017-05-17";"12.9293";"37.12";"0.29";"84";"15.39";"100.47";"0";"34.8316";"389.84";"517.87";"0";"0"
"E";"2017-05-15";"2017-05-16";"12.8289";"36.83";"0.29";"84";"15.27";"101.79";"1";"34.8316";"389.84";"517.87";"0";"0"
"E";"2017-05-14";"2017-05-15";"12.7281";"36.54";"0.3";"84";"15.15";"105.42";"0";"34.8316";"389.84";"517.87";"0";"0"
"E";"2017-05-13";"2017-05-14";"12.6227";"36.24";"0.29";"84";"15.03";"99.98";"0";"34.8316";"389.84";"517.87";"0";"0"
"E";"2017-05-12";"2017-05-13";"12.5227";"35.95";"0.27";"84";"14.91";"95.82";"2.6";"34.8316";"389.84";"517.87";"0";"0"
"E";"2017-05-11";"2017-05-12";"12.4294";"35.68";"0.15";"84";"14.8";"53.7";"2.6";"34.8316";"389.84";"517.87";"0";"0"
"E";"2017-05-10";"2017-05-11";"12.3783";"35.54";"0.15";"84";"14.74";"54.29";"2.6";"34.8316";"389.84";"517.87";"0";"0"
"E";"2017-05-09";"2017-05-10";"12.3266";"35.39";"0.12";"84";"14.67";"45.43";"2.6";"34.8316";"389.84";"517.87";"0";"0"
"E";"2017-05-08";"2017-05-09";"12.2837";"35.27";"0.29";"84";"14.62";"101.89";"2.6";"34.8316";"389.84";"517.87";"0";"0"
"E";"2017-05-07";"2017-05-08";"12.1844";"34.98";"0.29";"84";"14.51";"104.69";"2.6";"34.8316";"389.84";"517.87";"0";"0"
"E";"2017-05-06";"2017-05-07";"12.0823";"34.69";"0.28";"84";"14.38";"98.83";"2.6";"34.8316";"389.84";"517.87";"0";"0"
"E";"2017-05-05";"2017-05-06";"11.986";"34.41";"0.17";"84";"14.27";"59.01";"0.4";"34.8316";"389.84";"517.87";"0";"0"
"E";"2017-05-04";"2017-05-05";"11.9274";"34.24";"0.25";"84";"14.2";"89.05";"3.2";"34.8316";"389.84";"517.87";"0";"0"
"E";"2017-05-03";"2017-05-04";"11.8416";"34";"0.13";"84";"14.1";"49.55";"3.2";"34.8316";"389.84";"517.87";"0";"0"
"E";"2017-05-02";"2017-05-03";"11.7952";"33.86";"0.11";"84";"14.04";"45.66";"7.9";"34.8316";"389.84";"517.87";"0";"0"
"E";"2017-05-01";"2017-05-02";"11.7574";"33.76";"0.2";"84";"14";"72.85";"4.5";"34.8316";"389.84";"517.87";"0";"0"
"E";"2017-04-30";"2017-05-01";"11.6891";"33.56";"0.16";"84";"13.92";"83.81";"29.6";"34.8316";"389.84";"517.87";"0";"0"
"E";"2017-04-29";"2017-04-30";"11.6349";"33.4";"0.09";"84";"13.85";"75.4";"44.1";"34.8316";"389.84";"517.87";"0";"0"
"E";"2017-04-28";"2017-04-29";"11.6036";"33.31";"0.13";"84";"13.81";"51.44";"6.7";"34.8316";"389.84";"517.87";"0";"0"
"E";"2017-04-27";"2017-04-28";"11.5588";"33.18";"0.02";"84";"13.76";"18.06";"10.9";"34.8316";"389.84";"517.87";"0";"0"
"E";"2017-04-26";"2017-04-27";"11.5516";"33.16";"0.04";"84";"13.75";"29.51";"14.7";"34.8316";"389.84";"517.87";"0";"0"
"E";"2017-04-25";"2017-04-26";"11.5383";"33.13";"0.2";"84";"13.74";"72.15";"4";"34.8316";"389.84";"517.87";"0";"0"
"E";"2017-04-24";"2017-04-25";"11.4701";"32.93";"0.16";"84";"13.65";"55.44";"0";"34.8316";"389.84";"517.87";"0";"0"
"E";"2017-04-23";"2017-04-24";"11.4147";"32.77";"0.17";"84";"13.59";"59.93";"0";"34.8316";"389.84";"517.87";"0";"0"
"E";"2017-04-22";"2017-04-23";"11.3547";"32.6";"0.28";"84";"13.52";"97.32";"0";"34.8316";"389.84";"517.87";"0";"0"
"E";"2017-04-21";"2017-04-22";"11.2574";"32.32";"0.03";"84";"13.4";"21.92";"11.6";"34.8316";"389.84";"517.87";"0";"0"
"E";"2017-04-20";"2017-04-21";"11.2471";"32.29";"-0.05";"84";"13.39";"9.28";"27.1";"34.8316";"389.84";"517.87";"0";"0"
"E";"2017-04-19";"2017-04-20";"11.265";"32.34";"-0.01";"84";"13.41";"9.28";"13.7";"34.8316";"389.84";"517.87";"0";"0"
"E";"2017-04-18";"2017-04-19";"11.2694";"32.35";"0.15";"84";"13.42";"56.75";"5.4";"34.8316";"389.84";"517.87";"0";"0"
"E";"2017-04-17";"2017-04-18";"11.218";"32.21";"0.27";"84";"13.35";"94.73";"0";"34.8316";"389.84";"517.87";"0";"0"
"E";"2017-04-16";"2017-04-17";"11.1233";"31.93";"0.32";"84";"13.24";"111.8";"0";"34.8316";"389.84";"517.87";"0";"0"
"E";"2017-04-15";"2017-04-16";"11.0115";"31.61";"0.33";"84";"13.11";"115.76";"0.1";"34.8316";"389.84";"517.87";"0";"0"
"E";"2017-04-14";"2017-04-15";"10.8958";"31.28";"0.29";"84";"12.97";"101.41";"0.1";"34.8316";"389.84";"517.87";"0";"0"
"E";"2017-04-13";"2017-04-14";"10.7945";"30.99";"0.29";"84";"12.85";"100.65";"0.1";"34.8316";"389.84";"517.87";"0";"0"
"E";"2017-04-12";"2017-04-13";"10.6939";"30.7";"0.27";"84";"12.73";"95.42";"0.1";"34.8316";"389.84";"517.87";"0";"0"
"E";"2017-04-11";"2017-04-12";"10.5986";"30.43";"0.23";"84";"12.62";"79.74";"0.1";"34.8316";"389.84";"517.87";"0";"0"
"E";"2017-04-10";"2017-04-11";"10.5189";"30.2";"0.28";"84";"12.52";"98.91";"0.1";"34.8316";"389.84";"517.87";"0";"0"
"E";"2017-04-09";"2017-04-10";"10.4201";"29.92";"0.3";"84";"12.4";"103.65";"0.1";"34.8316";"389.84";"517.87";"0";"0"
"E";"2017-04-08";"2017-04-09";"10.3165";"29.62";"0.3";"84";"12.28";"105.73";"0.1";"34.8316";"389.84";"517.87";"0";"0"
"E";"2017-04-07";"2017-04-08";"10.2108";"29.31";"0.19";"84";"12.16";"66.95";"0.1";"34.8316";"389.84";"517.87";"0";"0"
"E";"2017-04-06";"2017-04-07";"10.144";"29.12";"0.24";"84";"12.08";"82.6";"0.1";"34.8316";"389.84";"517.87";"0";"0"
"E";"2017-04-05";"2017-04-06";"10.0614";"28.89";"0.32";"84";"11.98";"110.67";"0.1";"34.8316";"389.84";"517.87";"0";"0"
"E";"2017-04-04";"2017-04-05";"9.9508";"28.57";"0.27";"84";"11.85";"94.31";"0.1";"34.8316";"389.84";"517.87";"0";"0"
"E";"2017-04-03";"2017-04-04";"9.8566";"28.3";"0.31";"84";"11.73";"108.28";"0.1";"34.8316";"389.84";"517.87";"0";"0"
"E";"2017-04-02";"2017-04-03";"9.7484";"27.99";"0.39";"84";"11.61";"135.32";"0.1";"34.8316";"389.84";"517.87";"0";"0"
"E";"2017-04-01";"2017-04-02";"9.6131";"27.6";"0.32";"84";"11.44";"112.02";"0.1";"34.8316";"389.84";"517.87";"0";"0"
"E";"2017-03-31";"2017-04-01";"9.5012";"27.28";"0.03";"84";"11.31";"20.46";"10.4";"34.8316";"389.84";"517.87";"0";"0"
"E";"2017-03-30";"2017-03-31";"9.4911";"27.25";"-0.02";"84";"11.3";"23.58";"29.6";"34.8316";"389.84";"517.87";"0";"0"
"E";"2017-03-29";"2017-03-30";"9.4971";"27.27";"-0.04";"84";"11.31";"13.49";"28.6";"34.8316";"389.84";"517.87";"0";"0"
"E";"2017-03-28";"2017-03-29";"9.5123";"27.31";"-0.06";"84";"11.32";"10.49";"32.2";"34.8316";"389.84";"517.87";"0";"0"
"E";"2017-03-27";"2017-03-28";"9.534";"27.37";"-0.1";"84";"11.35";"2.77";"38.7";"34.8316";"389.84";"517.87";"0";"0"
"E";"2017-03-26";"2017-03-27";"9.5699";"27.47";"-0.09";"84";"11.39";"2.41";"35.2";"34.8316";"389.84";"517.87";"0";"0"
"E";"2017-03-25";"2017-03-26";"9.6027";"27.57";"-0.08";"84";"11.43";"2.31";"31.3";"34.8316";"389.84";"517.87";"0";"0"
"E";"2017-03-24";"2017-03-25";"9.6317";"27.65";"-0.11";"84";"11.47";"1.49";"33.1";"34.8316";"389.84";"517.87";"0";"0"
"E";"2017-03-23";"2017-03-24";"9.6703";"27.76";"-0.11";"84";"11.51";"4.33";"41";"34.8316";"389.84";"517.87";"0";"0"
"E";"2017-03-22";"2017-03-23";"9.707";"27.87";"-0.11";"84";"11.56";"4.33";"41";"34.8316";"389.84";"517.87";"0";"0"
"E";"2017-03-21";"2017-03-22";"9.7436";"27.97";"-0.05";"84";"11.6";"4.81";"23.1";"34.8316";"389.84";"517.87";"0";"0"
"E";"2017-03-20";"2017-03-21";"9.7619";"28.03";"-0.07";"84";"11.62";"0.4";"26.4";"34.8316";"389.84";"517.87";"0";"0"
"E";"2017-03-19";"2017-03-20";"9.788";"28.1";"-0.07";"84";"11.65";"5.24";"28.1";"34.8316";"389.84";"517.87";"0";"0"
"E";"2017-03-18";"2017-03-19";"9.8108";"28.17";"-0.05";"84";"11.68";"3.8";"21.3";"34.8316";"389.84";"517.87";"0";"0"
"E";"2017-03-17";"2017-03-18";"9.8282";"28.22";"-0.08";"84";"11.7";"1.44";"27.8";"34.8316";"389.84";"517.87";"0";"0"
"E";"2017-03-16";"2017-03-17";"9.8546";"28.29";"-0.1";"84";"11.73";"2.36";"38";"34.8316";"389.84";"517.87";"0";"0"
"E";"2017-03-15";"2017-03-16";"9.8902";"28.39";"-0.08";"84";"11.77";"1.44";"31";"34.8316";"389.84";"517.87";"0";"0"
"E";"2017-03-14";"2017-03-15";"9.9198";"28.48";"-0.14";"84";"11.81";"0";"47.3";"34.8316";"389.84";"517.87";"0";"0"
"E";"2017-03-13";"2017-03-14";"9.967";"28.61";"-0.15";"84";"11.87";"0.57";"53.3";"34.8316";"389.84";"517.87";"0";"0"
"E";"2017-03-12";"2017-03-13";"10.0198";"28.77";"-0.12";"84";"11.93";"0.57";"41.2";"34.8316";"389.84";"517.87";"0";"0"
"E";"2017-03-11";"2017-03-12";"10.0604";"28.88";"-0.15";"84";"11.98";"2.04";"55.3";"34.8316";"389.84";"517.87";"0";"0"
"E";"2017-03-10";"2017-03-11";"10.1137";"29.04";"-0.15";"84";"12.04";"0.57";"52.1";"34.8316";"389.84";"517.87";"0";"0"
"E";"2017-03-09";"2017-03-10";"10.1652";"29.18";"-0.13";"84";"12.1";"0";"44.1";"34.8316";"389.84";"517.87";"0";"0"
"E";"2017-03-08";"2017-03-09";"10.2094";"29.31";"-0.13";"84";"12.15";"0";"45";"34.8316";"389.84";"517.87";"0";"0"
"E";"2017-03-07";"2017-03-08";"10.2543";"29.44";"-0.21";"84";"12.21";"0.57";"74.9";"34.8316";"389.84";"517.87";"0";"0"
"E";"2017-03-06";"2017-03-07";"10.3286";"29.65";"-0.23";"84";"12.3";"3.36";"83.3";"34.8316";"389.84";"517.87";"0";"0"
"E";"2017-03-05";"2017-03-06";"10.4086";"29.88";"-0.07";"84";"12.39";"5.48";"30.6";"34.8316";"389.84";"517.87";"0";"0"
"E";"2017-03-04";"2017-03-05";"10.4337";"29.95";"-0.1";"84";"12.42";"3.8";"37.5";"34.8316";"389.84";"517.87";"0";"0"
"E";"2017-03-03";"2017-03-04";"10.4674";"30.05";"-0.23";"84";"12.46";"0";"80.8";"34.8316";"389.84";"517.87";"0";"0"
"E";"2017-03-02";"2017-03-03";"10.5482";"30.28";"-0.27";"84";"12.56";"0.57";"94.4";"34.8316";"389.84";"517.87";"0";"0"
"E";"2017-03-01";"2017-03-02";"10.642";"30.55";"-0.23";"84";"12.67";"0.57";"81";"34.8316";"389.84";"517.87";"0";"0"
"E";"2017-02-28";"2017-03-01";"10.7224";"30.78";"-0.3";"84";"12.76";"0.92";"105.4";"34.8316";"389.84";"517.87";"0";"0"
"E";"2017-02-27";"2017-02-28";"10.8269";"31.08";"-0.42";"84";"12.89";"0.92";"147.7";"34.8316";"389.84";"517.87";"0";"0"
"E";"2017-02-26";"2017-02-27";"10.9737";"31.5";"-0.36";"84";"13.06";"0.92";"128.1";"34.8316";"389.84";"517.87";"0";"0"
"E";"2017-02-25";"2017-02-26";"11.1008";"31.87";"-0.28";"84";"13.22";"4.28";"103.1";"34.8316";"389.84";"517.87";"0";"0"
"E";"2017-02-24";"2017-02-25";"11.1996";"32.15";"-0.38";"84";"13.33";"2.42";"134.8";"34.8316";"389.84";"517.87";"0";"0"
"E";"2017-02-23";"2017-02-24";"11.332";"32.53";"-0.31";"84";"13.49";"1.49";"110.3";"34.8316";"389.84";"517.87";"0";"0"
"E";"2017-02-22";"2017-02-23";"11.4408";"32.85";"-0.4";"84";"13.62";"2.12";"142.1";"34.8316";"389.84";"517.87";"0";"0"
"E";"2017-02-21";"2017-02-22";"11.5808";"33.25";"-0.39";"84";"13.79";"2.02";"136.2";"34.8316";"389.84";"517.87";"0";"0"
"E";"2017-02-20";"2017-02-21";"11.715";"33.63";"-0.44";"84";"13.95";"0";"151.9";"34.8316";"389.84";"517.87";"0";"0"
"E";"2017-02-19";"2017-02-20";"11.867";"34.07";"-0.45";"84";"14.13";"0";"157.7";"34.8316";"389.84";"517.87";"0";"0"
"E";"2017-02-18";"2017-02-19";"12.0247";"34.52";"-0.47";"84";"14.32";"0";"163.1";"34.8316";"389.84";"517.87";"0";"0"
"E";"2017-02-17";"2017-02-18";"12.1878";"34.99";"-0.43";"84";"14.51";"0";"150.8";"34.8316";"389.84";"517.87";"0";"0"
"E";"2017-02-16";"2017-02-17";"12.3386";"35.42";"-0.49";"84";"14.69";"0";"169.4";"34.8316";"389.84";"517.87";"0";"0"
"E";"2017-02-15";"2017-02-16";"12.508";"35.91";"-0.54";"84";"14.89";"0";"189.1";"34.8316";"389.84";"517.87";"0";"0"
"E";"2017-02-14";"2017-02-15";"12.6971";"36.45";"-0.57";"84";"15.12";"0.02";"196.8";"34.8316";"389.84";"517.87";"0";"0"
"E";"2017-02-13";"2017-02-14";"12.894";"37.02";"-0.59";"84";"15.35";"0.25";"206.2";"34.8316";"389.84";"517.87";"0";"0"
"E";"2017-02-12";"2017-02-13";"13.1002";"37.61";"-0.58";"84";"15.6";"0";"202.6";"34.8316";"389.84";"517.87";"0";"0"
"E";"2017-02-11";"2017-02-12";"13.3028";"38.19";"-0.56";"84";"15.84";"0";"196.7";"34.8316";"389.84";"517.87";"0";"0"
"E";"2017-02-10";"2017-02-11";"13.4995";"38.76";"-0.58";"84";"16.07";"0";"201";"34.8316";"389.84";"517.87";"0";"0"
"E";"2017-02-09";"2017-02-10";"13.7004";"39.33";"-0.61";"84";"16.31";"0";"214.1";"34.8316";"389.84";"517.87";"0";"0"
"E";"2017-02-08";"2017-02-09";"13.9146";"39.95";"-0.66";"84";"16.57";"0";"230.1";"34.8316";"389.84";"517.87";"0";"0"
"E";"2017-02-07";"2017-02-08";"14.1447";"40.61";"-0.64";"84";"16.84";"0";"221.7";"34.8316";"389.84";"517.87";"0";"0"
"E";"2017-02-06";"2017-02-07";"14.3664";"41.25";"-0.55";"84";"17.1";"1.97";"192.7";"34.8316";"389.84";"517.87";"0";"0"
"E";"2017-02-05";"2017-02-06";"14.5571";"41.79";"-0.44";"84";"17.33";"0.92";"154.3";"34.8316";"389.84";"517.87";"0";"0"
"E";"2017-02-04";"2017-02-05";"14.7105";"42.23";"-0.45";"84";"17.51";"0.92";"156.4";"34.8316";"389.84";"517.87";"0";"0"
"E";"2017-02-03";"2017-02-04";"14.866";"42.68";"-0.51";"84";"17.7";"0";"177.1";"34.8316";"389.84";"517.87";"0";"0"
"E";"2017-02-02";"2017-02-03";"15.043";"43.19";"-0.68";"84";"17.91";"0";"237";"34.8316";"389.84";"517.87";"0";"0"
"E";"2017-02-01";"2017-02-02";"15.2801";"43.87";"-0.71";"84";"18.19";"0";"245.6";"34.8316";"389.84";"517.87";"0";"0"
"E";"2017-01-31";"2017-02-01";"15.5257";"44.57";"-0.85";"84";"18.48";"0";"296.7";"34.8316";"389.84";"517.87";"0";"0"
"E";"2017-01-30";"2017-01-31";"15.8223";"45.43";"-0.88";"84";"18.84";"0";"306.4";"34.8316";"389.84";"517.87";"0";"0"
"E";"2017-01-29";"2017-01-30";"16.1287";"46.3";"-0.82";"84";"19.2";"0";"284.5";"34.8316";"389.84";"517.87";"0";"0"
"E";"2017-01-28";"2017-01-29";"16.4132";"47.12";"-0.76";"84";"19.54";"0";"264";"34.8316";"389.84";"517.87";"0";"0"
"E";"2017-01-27";"2017-01-28";"16.6773";"47.88";"-0.66";"84";"19.85";"0";"230.2";"34.8316";"389.84";"517.87";"0";"0"
"E";"2017-01-26";"2017-01-27";"16.9075";"48.54";"-0.73";"84";"20.13";"0";"254.1";"34.8316";"389.84";"517.87";"0";"0"
"E";"2017-01-25";"2017-01-26";"17.1616";"49.27";"-0.79";"84";"20.43";"0";"275.2";"34.8316";"389.84";"517.87";"0";"0"
"E";"2017-01-24";"2017-01-25";"17.4368";"50.06";"-0.89";"84";"20.76";"0";"311.5";"34.8316";"389.84";"517.87";"0";"0"
"E";"2017-01-23";"2017-01-24";"17.7483";"50.95";"-0.76";"84";"21.13";"0";"264.1";"34.8316";"389.84";"517.87";"0";"0"
"E";"2017-01-22";"2017-01-23";"18.0124";"51.71";"-0.66";"84";"21.44";"0";"230.7";"34.8316";"389.84";"517.87";"0";"0"
"E";"2017-01-21";"2017-01-22";"18.243";"52.37";"-0.69";"84";"21.72";"0.66";"240.1";"34.8316";"389.84";"517.87";"0";"0"
"E";"2017-01-20";"2017-01-21";"18.4831";"53.06";"-0.8";"84";"22";"0";"279.8";"34.8316";"389.84";"517.87";"0";"0"
"E";"2017-01-19";"2017-01-20";"18.7629";"53.87";"-0.86";"84";"22.34";"0";"300.5";"34.8316";"389.84";"517.87";"0";"0"
"E";"2017-01-18";"2017-01-19";"19.0634";"54.73";"-0.84";"84";"22.69";"0";"291.7";"34.8316";"389.84";"517.87";"0";"0"
"E";"2017-01-17";"2017-01-18";"19.3551";"55.57";"-0.76";"84";"23.04";"0";"264.6";"34.8316";"389.84";"517.87";"0";"0"
"E";"2017-01-16";"2017-01-17";"19.6197";"56.33";"-0.7";"84";"23.36";"1.68";"246";"34.8316";"389.84";"517.87";"0";"0"
"E";"2017-01-15";"2017-01-16";"19.864";"57.03";"-0.6";"84";"23.65";"0";"208.7";"34.8316";"389.84";"517.87";"0";"0"
"E";"2017-01-14";"2017-01-15";"20.0728";"57.63";"-0.58";"84";"23.9";"1.2";"204.5";"34.8316";"389.84";"517.87";"0";"0"
"E";"2017-01-13";"2017-01-14";"20.276";"58.21";"-0.65";"84";"24.14";"0.57";"225.9";"34.8316";"389.84";"517.87";"0";"0"
"E";"2017-01-12";"2017-01-13";"20.5013";"58.86";"-0.79";"84";"24.41";"0";"274.9";"34.8316";"389.84";"517.87";"0";"0"
"E";"2017-01-11";"2017-01-12";"20.7762";"59.65";"-0.84";"84";"24.73";"0";"292.1";"34.8316";"389.84";"517.87";"0";"0"
"E";"2017-01-10";"2017-01-11";"21.0684";"60.49";"-0.83";"84";"25.08";"0.1";"289.5";"34.8316";"389.84";"517.87";"0";"0"
"E";"2017-01-09";"2017-01-10";"21.3578";"61.32";"-0.83";"84";"25.43";"0.1";"288.3";"34.8316";"389.84";"517.87";"0";"0"
"E";"2017-01-08";"2017-01-09";"21.646";"62.14";"-0.86";"84";"25.77";"0.1";"299.3";"34.8316";"389.84";"517.87";"0";"0"
"E";"2017-01-07";"2017-01-08";"21.9452";"63";"-0.82";"84";"26.13";"0.1";"285.2";"34.8316";"389.84";"517.87";"0";"0"
"E";"2017-01-06";"2017-01-07";"22.2303";"63.82";"-0.75";"84";"26.46";"0.1";"259.9";"34.8316";"389.84";"517.87";"0";"0"
"E";"2017-01-05";"2017-01-06";"22.4901";"64.57";"-0.68";"84";"26.77";"0";"235.2";"34.8316";"389.84";"517.87";"0";"0"
"E";"2017-01-04";"2017-01-05";"22.7253";"65.24";"-0.65";"84";"27.05";"0";"226.4";"34.8316";"389.84";"517.87";"0";"0"
"E";"2017-01-03";"2017-01-04";"22.9517";"65.89";"-0.79";"84";"27.32";"0";"276.3";"34.8316";"389.84";"517.87";"0";"0"
"E";"2017-01-02";"2017-01-03";"23.228";"66.69";"-0.75";"84";"27.65";"0";"259.8";"34.8316";"389.84";"517.87";"0";"0"
"E";"2017-01-01";"2017-01-02";"23.4878";"67.43";"0";"84";"27.96";"0";"218.3";"34.8316";"389.84";"517.87";"0";"0"
"E";"2016-12-31";"2017-01-01";"23.7062";"68.06";"-0.52";"82";"28.91";"0.28";"179.7";"34.8316";"389.84";"517.87";"0";"0"
"E";"2016-12-30";"2016-12-31";"23.8856";"68.57";"-0.56";"82";"29.13";"0.28";"196.2";"34.8316";"389.84";"517.87";"0";"0"
"E";"2016-12-29";"2016-12-30";"24.0815";"69.14";"-0.55";"82";"29.37";"0.21";"191.4";"34.8316";"389.84";"517.87";"0";"0"
"E";"2016-12-28";"2016-12-29";"24.2727";"69.69";"-0.56";"82";"29.6";"0.28";"195.2";"34.8316";"389.84";"517.87";"0";"0"
"E";"2016-12-27";"2016-12-28";"24.4676";"70.25";"-0.5";"82";"29.84";"2.09";"175.9";"34.8316";"389.84";"517.87";"0";"0"
"E";"2016-12-26";"2016-12-27";"24.6414";"70.74";"-0.5";"82";"30.05";"3.46";"178.7";"34.8316";"389.84";"517.87";"0";"0"
"E";"2016-12-25";"2016-12-26";"24.8166";"71.25";"-0.52";"82";"30.26";"1.3";"183.9";"34.8316";"389.84";"517.87";"0";"0"
"E";"2016-12-24";"2016-12-25";"24.9992";"71.77";"-0.54";"82";"30.49";"0.26";"187";"34.8316";"389.84";"517.87";"0";"0"
"E";"2016-12-23";"2016-12-24";"25.186";"72.31";"-0.56";"82";"30.71";"0.06";"195.3";"34.8316";"389.84";"517.87";"0";"0"
"E";"2016-12-22";"2016-12-23";"25.3812";"72.87";"-0.63";"82";"30.95";"0.16";"218.3";"34.8316";"389.84";"517.87";"0";"0"
"E";"2016-12-21";"2016-12-22";"25.5994";"73.49";"-0.65";"82";"31.22";"0.16";"227";"34.8316";"389.84";"517.87";"0";"0"
"E";"2016-12-20";"2016-12-21";"25.8263";"74.15";"-0.63";"82";"31.5";"0.16";"220.4";"34.8316";"389.84";"517.87";"0";"0"
"E";"2016-12-19";"2016-12-20";"26.0465";"74.78";"-0.59";"82";"31.76";"0.06";"204.6";"34.8316";"389.84";"517.87";"0";"0"
"E";"2016-12-18";"2016-12-19";"26.251";"75.37";"-0.63";"82";"32.01";"0.06";"221.2";"34.8316";"389.84";"517.87";"0";"0"
"E";"2016-12-17";"2016-12-18";"26.4721";"76";"-0.56";"82";"32.28";"0.06";"193.7";"34.8316";"389.84";"517.87";"0";"0"
"E";"2016-12-16";"2016-12-17";"26.6658";"76.56";"-0.53";"82";"32.52";"0.16";"183.4";"34.8316";"389.84";"517.87";"0";"0"
"E";"2016-12-15";"2016-12-16";"26.849";"77.08";"-0.56";"82";"32.74";"0.16";"195.9";"34.8316";"389.84";"517.87";"0";"0"
"E";"2016-12-14";"2016-12-15";"27.0447";"77.64";"-0.64";"82";"32.98";"0.06";"222";"34.8316";"389.84";"517.87";"0";"0"
"E";"2016-12-13";"2016-12-14";"27.2667";"78.28";"-0.61";"82";"33.25";"0.06";"211.3";"34.8316";"389.84";"517.87";"0";"0"
"E";"2016-12-12";"2016-12-13";"27.4779";"78.89";"-0.89";"82";"33.51";"0.44";"236.6";"34.8316";"389.84";"517.87";"0";"0"
"E";"2016-12-11";"2016-12-12";"27.7878";"79.78";"-0.56";"82";"33.89";"1.44";"197.4";"34.8316";"389.84";"517.87";"0";"0"
"E";"2016-12-10";"2016-12-11";"27.9838";"80.34";"-0.57";"82";"34.13";"0.44";"197.9";"34.8316";"389.84";"517.87";"0";"0"
"E";"2016-12-09";"2016-12-10";"28.1813";"80.91";"-0.68";"82";"34.37";"0.34";"236.1";"34.8316";"389.84";"517.87";"0";"0"
"E";"2016-12-08";"2016-12-09";"28.4171";"81.58";"-0.66";"82";"34.66";"0.44";"231.3";"34.8316";"389.84";"517.87";"0";"0"
"E";"2016-12-07";"2016-12-08";"28.6479";"82.25";"-0.7";"82";"34.94";"0.34";"243.1";"34.8316";"389.84";"517.87";"0";"0"
"E";"2016-12-06";"2016-12-07";"28.8907";"82.94";"-0.75";"82";"35.23";"0.34";"262.8";"34.8316";"389.84";"517.87";"0";"0"
"E";"2016-12-05";"2016-12-06";"29.1532";"83.7";"-0.82";"82";"35.55";"0.06";"285.4";"34.8316";"389.84";"517.87";"0";"0"
"E";"2016-12-04";"2016-12-05";"29.4385";"84.52";"-0.65";"82";"35.9";"0.06";"227.7";"34.8316";"389.84";"517.87";"0";"0"
"E";"2016-12-03";"2016-12-04";"29.6661";"85.17";"-0.64";"82";"36.18";"0.44";"222.6";"34.8316";"389.84";"517.87";"0";"0"
"E";"2016-12-02";"2016-12-03";"29.8882";"85.81";"-0.63";"82";"36.45";"0.34";"218.9";"34.8316";"389.84";"517.87";"0";"0"
"E";"2016-12-01";"2016-12-02";"30.1068";"86.44";"-0.73";"82";"36.72";"0.06";"253.6";"34.8316";"389.84";"517.87";"0";"0"
"E";"2016-11-30";"2016-12-01";"30.3603";"87.16";"-0.67";"82";"37.02";"0.06";"233.6";"34.8316";"389.84";"517.87";"0";"0"
"E";"2016-11-29";"2016-11-30";"30.5939";"87.83";"-0.66";"82";"37.31";"0.06";"230.9";"34.8316";"389.84";"517.87";"0";"0"
"E";"2016-11-28";"2016-11-29";"30.8247";"88.5";"-0.5";"82";"37.59";"0.06";"174";"34.8316";"389.84";"517.87";"0";"0"
"E";"2016-11-27";"2016-11-28";"30.9987";"89";"-0.33";"82";"37.8";"0.37";"117";"34.8316";"389.84";"517.87";"0";"0"
"E";"2016-11-26";"2016-11-27";"31.1153";"89.33";"-0.3";"82";"37.95";"0.64";"105.3";"34.8316";"389.84";"517.87";"0";"0"
"E";"2016-11-25";"2016-11-26";"31.22";"89.63";"-0.35";"82";"38.07";"0.44";"124";"34.8316";"389.84";"517.87";"0";"0"
"E";"2016-11-24";"2016-11-25";"31.3436";"89.99";"-0.37";"82";"38.22";"0.64";"128.9";"34.8316";"389.84";"517.87";"0";"0"
"E";"2016-11-23";"2016-11-24";"31.4718";"90.35";"-0.29";"82";"38.38";"0.64";"102.8";"34.8316";"389.84";"517.87";"0";"0"
"E";"2016-11-22";"2016-11-23";"31.574";"90.65";"-0.37";"82";"38.5";"1.24";"131.4";"34.8316";"389.84";"517.87";"0";"0"
"E";"2016-11-21";"2016-11-22";"31.7041";"91.02";"-0.34";"82";"38.66";"2.61";"120.4";"34.8316";"389.84";"517.87";"0";"0"
"E";"2016-11-20";"2016-11-21";"31.8219";"91.36";"-0.28";"82";"38.81";"4.1";"100.8";"34.8316";"389.84";"517.87";"0";"0"
"E";"2016-11-19";"2016-11-20";"31.9196";"91.64";"-0.29";"82";"38.93";"3.1";"103";"34.8316";"389.84";"517.87";"0";"0"
"E";"2016-11-18";"2016-11-19";"32.0195";"91.93";"-0.37";"82";"39.05";"3.02";"132.9";"34.8316";"389.84";"517.87";"0";"0"
"E";"2016-11-17";"2016-11-18";"32.1494";"92.3";"-0.35";"82";"39.21";"0.44";"123.7";"34.8316";"389.84";"517.87";"0";"0"
"E";"2016-11-16";"2016-11-17";"32.2726";"92.65";"-0.47";"82";"39.36";"1.49";"165.5";"34.8316";"389.84";"517.87";"0";"0"
"E";"2016-11-15";"2016-11-16";"32.4366";"93.12";"-0.5";"82";"39.56";"0.16";"173.4";"34.8316";"389.84";"517.87";"0";"0"
"E";"2016-11-14";"2016-11-15";"32.6098";"93.62";"-0.5";"82";"39.77";"0.06";"174.4";"34.8316";"389.84";"517.87";"0";"0"
"E";"2016-11-13";"2016-11-14";"32.7841";"94.12";"-0.43";"82";"39.98";"0.42";"149";"34.8316";"389.84";"517.87";"0";"0"
"E";"2016-11-12";"2016-11-13";"32.9327";"94.55";"-0.4";"82";"40.16";"0.42";"138.4";"34.8316";"389.84";"517.87";"0";"0"
"E";"2016-11-11";"2016-11-12";"33.0707";"94.94";"-0.46";"82";"40.33";"0.42";"159.5";"34.8316";"389.84";"517.87";"0";"0"
"E";"2016-11-10";"2016-11-11";"33.2298";"95.4";"-0.48";"82";"40.52";"0.34";"167.8";"34.8316";"389.84";"517.87";"0";"0"
"E";"2016-11-09";"2016-11-10";"33.3973";"95.88";"-0.48";"82";"40.73";"0.44";"169.4";"34.8316";"389.84";"517.87";"0";"0"
"E";"2016-11-08";"2016-11-09";"33.5662";"96.37";"-0.36";"82";"40.93";"0.16";"126.4";"34.8316";"389.84";"517.87";"0";"0"
"E";"2016-11-07";"2016-11-08";"33.6925";"96.73";"-0.35";"82";"41.09";"0.16";"121.7";"34.8316";"389.84";"517.87";"0";"0"
"E";"2016-11-06";"2016-11-07";"33.814";"97.08";"-0.22";"82";"41.24";"0.16";"77.7";"34.8316";"389.84";"517.87";"0";"0"
"E";"2016-11-05";"2016-11-06";"33.8916";"97.3";"-0.21";"82";"41.33";"0.16";"71.9";"34.8316";"389.84";"517.87";"0";"0"
"E";"2016-11-04";"2016-11-05";"33.9634";"97.51";"-0.25";"82";"41.42";"0.16";"86.5";"34.8316";"389.84";"517.87";"0";"0"
"E";"2016-11-03";"2016-11-04";"34.0497";"97.76";"-0.24";"82";"41.52";"0.06";"82.5";"34.8316";"389.84";"517.87";"0";"0"
"E";"2016-11-02";"2016-11-03";"34.1321";"97.99";"-0.14";"82";"41.62";"0.06";"49.9";"34.8316";"389.84";"517.87";"0";"0"
"E";"2016-11-01";"2016-11-02";"34.182";"98.14";"-0.06";"82";"41.69";"0.16";"21.2";"34.8316";"389.84";"517.87";"0";"0"
"E";"2016-10-31";"2016-11-01";"34.203";"98.2";"-0.14";"82";"41.71";"0.05";"49.3";"34.8316";"389.84";"517.87";"0";"0"
"E";"2016-10-30";"2016-10-31";"34.2523";"98.34";"-0.04";"82";"41.77";"0.43";"14.5";"34.8316";"389.84";"517.87";"0";"0"
"E";"2016-10-29";"2016-10-30";"34.2664";"98.38";"-0.03";"82";"41.79";"0.93";"12.4";"34.8316";"389.84";"517.87";"0";"0"
"E";"2016-10-28";"2016-10-29";"34.2778";"98.41";"-0.02";"82";"41.8";"0.15";"8.2";"34.8316";"389.84";"517.87";"0";"0"
"E";"2016-10-27";"2016-10-28";"34.2859";"98.43";"-0.08";"82";"41.81";"0.55";"28.7";"34.8316";"389.84";"517.87";"0";"0"
"E";"2016-10-26";"2016-10-27";"34.3141";"98.51";"-0.17";"82";"41.85";"1.51";"61.6";"34.8316";"389.84";"517.87";"0";"0"
"E";"2016-10-25";"2016-10-26";"34.3741";"98.69";"-0.03";"82";"41.92";"0.05";"10.1";"34.8316";"389.84";"517.87";"0";"0"
"E";"2016-10-24";"2016-10-25";"34.3841";"98.72";"-0.2";"82";"41.93";"0.05";"70.8";"34.8316";"389.84";"517.87";"0";"0"
"E";"2016-10-23";"2016-10-24";"34.4549";"98.92";"-0.07";"82";"42.02";"0.05";"24.7";"34.8316";"389.84";"517.87";"0";"0"
"E";"2016-10-22";"2016-10-23";"34.4796";"98.99";"-0.05";"82";"42.05";"0.05";"18.2";"34.8316";"389.84";"517.87";"0";"0"
"E";"2016-10-21";"2016-10-22";"34.4978";"99.04";"-0.29";"82";"42.07";"1.35";"103.3";"34.8316";"389.84";"517.87";"0";"0"
"E";"2016-10-20";"2016-10-21";"34.5997";"99.33";"-0.35";"82";"42.19";"2.51";"124.7";"34.8316";"389.84";"517.87";"0";"0"
"E";"2016-10-19";"2016-10-20";"34.7219";"99.69";"-0.01";"82";"42.34";"14.26";"18.2";"34.8316";"389.84";"517.87";"0";"0"
"E";"2016-10-18";"2016-10-19";"34.7258";"99.7";"-0.04";"82";"42.35";"9.31";"21.9";"34.8316";"389.84";"517.87";"0";"0"
"E";"2016-10-17";"2016-10-18";"34.7384";"99.73";"-0.02";"82";"42.36";"10.5";"19.2";"34.8316";"389.84";"517.87";"0";"0"
"E";"2016-10-16";"2016-10-17";"34.7471";"99.76";"0.06";"82";"42.37";"38.06";"16.8";"34.8316";"389.84";"517.87";"0";"0"
"E";"2016-10-15";"2016-10-16";"34.7261";"99.7";"0.05";"82";"42.35";"33.18";"17.4";"34.8316";"389.84";"517.87";"0";"0"
"E";"2016-10-14";"2016-10-15";"34.7104";"99.65";"-0.09";"82";"42.33";"0.2";"31.6";"34.8316";"389.84";"517.87";"0";"0"
"E";"2016-10-13";"2016-10-14";"34.7418";"99.74";"-0.21";"82";"42.37";"0.26";"75.1";"34.8316";"389.84";"517.87";"0";"0"
"E";"2016-10-12";"2016-10-13";"34.8166";"99.96";"-0.17";"82";"42.46";"2.27";"62";"34.8316";"389.84";"517.87";"0";"0"
"E";"2016-10-11";"2016-10-12";"34.8763";"100.13";"-0.06";"82";"42.53";"2.27";"24.9";"34.8316";"389.84";"517.87";"0";"0"
"E";"2016-10-10";"2016-10-11";"34.8989";"100.19";"0.01";"82";"42.56";"9.28";"6";"34.8316";"389.84";"517.87";"0";"0"
"E";"2016-10-09";"2016-10-10";"34.8956";"100.18";"0.05";"82";"42.56";"24.42";"6.7";"34.8316";"389.84";"517.87";"0";"0"
"E";"2016-10-08";"2016-10-09";"34.8778";"100.13";"0.05";"82";"42.53";"22.51";"5.2";"34.8316";"389.84";"517.87";"0";"0"
"E";"2016-10-07";"2016-10-08";"34.8606";"100.08";"0.01";"82";"42.51";"10.79";"6.6";"34.8316";"389.84";"517.87";"0";"0"
"E";"2016-10-06";"2016-10-07";"34.8564";"100.07";"-0.08";"82";"42.51";"1.51";"30";"34.8316";"389.84";"517.87";"0";"0"
"E";"2016-10-05";"2016-10-06";"34.8849";"100.15";"-0.01";"82";"42.54";"3.43";"5.7";"34.8316";"389.84";"517.87";"0";"0"
"E";"2016-10-04";"2016-10-05";"34.8871";"100.16";"-0.02";"82";"42.55";"6.34";"12.8";"34.8316";"389.84";"517.87";"0";"0"
"E";"2016-10-03";"2016-10-04";"34.8935";"100.18";"0.01";"82";"42.55";"15.67";"12";"34.8316";"389.84";"517.87";"0";"0"
"E";"2016-10-02";"2016-10-03";"34.8898";"100.17";"0.04";"82";"42.55";"19.62";"4.9";"34.8316";"389.84";"517.87";"0";"0"
"E";"2016-10-01";"2016-10-02";"34.8751";"100.12";"0.03";"82";"42.53";"20.34";"9.2";"34.8316";"389.84";"517.87";"0";"0"
"E";"2016-09-30";"2016-10-01";"34.8639";"100.09";"0.14";"82";"42.52";"49.61";"0";"34.8316";"389.84";"517.87";"0";"0"
"E";"2016-09-29";"2016-09-30";"34.8143";"99.95";"0.18";"82";"42.46";"64.31";"0.1";"34.8316";"389.84";"517.87";"0";"0"
"E";"2016-09-28";"2016-09-29";"34.7501";"99.77";"0.19";"82";"42.38";"67.23";"0";"34.8316";"389.84";"517.87";"0";"0"
"E";"2016-09-27";"2016-09-28";"34.6829";"99.57";"0.19";"82";"42.3";"64.84";"0.1";"34.8316";"389.84";"517.87";"0";"0"
"E";"2016-09-26";"2016-09-27";"34.6182";"99.39";"0.16";"82";"42.22";"54.32";"0";"34.8316";"389.84";"517.87";"0";"0"
"E";"2016-09-25";"2016-09-26";"34.5638";"99.23";"0.21";"82";"42.15";"72.48";"0";"34.8316";"389.84";"517.87";"0";"0"
"E";"2016-09-24";"2016-09-25";"34.4914";"99.02";"0.22";"82";"42.06";"77.84";"0";"34.8316";"389.84";"517.87";"0";"0"
"E";"2016-09-23";"2016-09-24";"34.4135";"98.8";"0.28";"82";"41.97";"96.98";"0";"34.8316";"389.84";"517.87";"0";"0"
"E";"2016-09-22";"2016-09-23";"34.3165";"98.52";"0.22";"82";"41.85";"77.28";"0";"34.8316";"389.84";"517.87";"0";"0"
"E";"2016-09-21";"2016-09-22";"34.2393";"98.3";"0.22";"82";"41.76";"75.71";"0";"34.8316";"389.84";"517.87";"0";"0"
"E";"2016-09-20";"2016-09-21";"34.1635";"98.08";"0.22";"82";"41.66";"74.98";"0";"34.8316";"389.84";"517.87";"0";"0"
"E";"2016-09-19";"2016-09-20";"34.0886";"97.87";"0.22";"82";"41.57";"79.34";"2.8";"34.8316";"389.84";"517.87";"0";"0"
"E";"2016-09-18";"2016-09-19";"34.012";"97.65";"0.27";"82";"41.48";"92.89";"0";"34.8316";"389.84";"517.87";"0";"0"
"E";"2016-09-17";"2016-09-18";"33.9191";"97.38";"0.26";"82";"41.36";"90.33";"0";"34.8316";"389.84";"517.87";"0";"0"
"E";"2016-09-16";"2016-09-17";"33.8288";"97.12";"0.25";"82";"41.25";"85.65";"0";"34.8316";"389.84";"517.87";"0";"0"
"E";"2016-09-15";"2016-09-16";"33.7431";"96.88";"0.25";"82";"41.15";"88.74";"0";"34.8316";"389.84";"517.87";"0";"0"
"E";"2016-09-14";"2016-09-15";"33.6544";"96.62";"0.22";"82";"41.04";"77.24";"0";"34.8316";"389.84";"517.87";"0";"0"
"E";"2016-09-13";"2016-09-14";"33.5772";"96.4";"0.2";"82";"40.95";"68.78";"0";"34.8316";"389.84";"517.87";"0";"0"
"E";"2016-09-12";"2016-09-13";"33.5084";"96.2";"0.21";"82";"40.86";"74.29";"0";"34.8316";"389.84";"517.87";"0";"0"
"E";"2016-09-11";"2016-09-12";"33.4341";"95.99";"0.24";"82";"40.77";"81.99";"0";"34.8316";"389.84";"517.87";"0";"0"
"E";"2016-09-10";"2016-09-11";"33.3521";"95.75";"0.25";"82";"40.67";"86.4";"0";"34.8316";"389.84";"517.87";"0";"0"
"E";"2016-09-09";"2016-09-10";"33.2657";"95.5";"0.23";"82";"40.57";"79.46";"0";"34.8316";"389.84";"517.87";"0";"0"
"E";"2016-09-08";"2016-09-09";"33.1862";"95.28";"0.23";"82";"40.47";"78.43";"0";"34.8316";"389.84";"517.87";"0";"0"
"E";"2016-09-07";"2016-09-08";"33.1078";"95.05";"0.18";"82";"40.38";"64.1";"2.8";"34.8316";"389.84";"517.87";"0";"0"
"E";"2016-09-06";"2016-09-07";"33.0465";"94.88";"0.2";"82";"40.3";"69.06";"0";"34.8316";"389.84";"517.87";"0";"0"
"E";"2016-09-05";"2016-09-06";"32.9775";"94.68";"0.19";"82";"40.22";"66.51";"0";"34.8316";"389.84";"517.87";"0";"0"
"E";"2016-09-04";"2016-09-05";"32.9109";"94.49";"0.2";"82";"40.14";"81.13";"10.6";"34.8316";"389.84";"517.87";"0";"0"
"E";"2016-09-03";"2016-09-04";"32.8405";"94.28";"0.18";"82";"40.05";"73.75";"10.6";"34.8316";"389.84";"517.87";"0";"0"
"E";"2016-09-02";"2016-09-03";"32.7773";"94.1";"0.15";"82";"39.97";"63.62";"10.6";"34.8316";"389.84";"517.87";"0";"0"
"E";"2016-09-01";"2016-09-02";"32.7244";"93.95";"0.15";"82";"39.91";"61.6";"10.7";"34.8316";"389.84";"517.87";"0";"0"
"E";"2016-08-31";"2016-09-01";"32.6734";"94.09";"0.14";"82";"39.85";"50.73";"3.5";"34.7267";"388.57";"516.23";"0";"0"
"E";"2016-08-30";"2016-08-31";"32.6262";"93.95";"0.15";"82";"39.79";"51.32";"0";"34.7267";"388.57";"516.23";"0";"0"
"E";"2016-08-29";"2016-08-30";"32.5749";"93.8";"0.14";"82";"39.73";"50.74";"0.8";"34.7267";"388.57";"516.23";"0";"0"
"E";"2016-08-28";"2016-08-29";"32.525";"93.66";"0.25";"82";"39.66";"86.17";"0";"34.7267";"388.57";"516.23";"0";"0"
"E";"2016-08-27";"2016-08-28";"32.4388";"93.41";"0.27";"82";"39.56";"92.74";"0";"34.7267";"388.57";"516.23";"0";"0"
"E";"2016-08-26";"2016-08-27";"32.3461";"93.14";"0.16";"82";"39.45";"54.87";"0";"34.7267";"388.57";"516.23";"0";"0"
"E";"2016-08-25";"2016-08-26";"32.2912";"92.99";"0.17";"82";"39.38";"58.15";"0";"34.7267";"388.57";"516.23";"0";"0"
"E";"2016-08-24";"2016-08-25";"32.2332";"92.82";"0.16";"82";"39.31";"55.36";"0";"34.7267";"388.57";"516.23";"0";"0"
"E";"2016-08-23";"2016-08-24";"32.1778";"92.66";"0.17";"82";"39.24";"57.77";"0";"34.7267";"388.57";"516.23";"0";"0"
"E";"2016-08-22";"2016-08-23";"32.1201";"92.49";"0.36";"82";"39.17";"126.12";"0";"34.7267";"388.57";"516.23";"0";"0"
"E";"2016-08-21";"2016-08-22";"31.994";"92.13";"0.39";"82";"39.02";"135.52";"0";"34.7267";"388.57";"516.23";"0";"0"
"E";"2016-08-20";"2016-08-21";"31.8584";"91.74";"0.4";"82";"38.85";"139.23";"0";"34.7267";"388.57";"516.23";"0";"0"
"E";"2016-08-19";"2016-08-20";"31.7192";"91.34";"0.36";"82";"38.68";"123.71";"0";"34.7267";"388.57";"516.23";"0";"0"
"E";"2016-08-18";"2016-08-19";"31.5955";"90.98";"0.36";"82";"38.53";"126.35";"0";"34.7267";"388.57";"516.23";"0";"0"
"E";"2016-08-17";"2016-08-18";"31.4691";"90.62";"0.37";"82";"38.38";"129.79";"0";"34.7267";"388.57";"516.23";"0";"0"
"E";"2016-08-16";"2016-08-17";"31.3394";"90.25";"0.33";"82";"38.22";"114.63";"0";"34.7267";"388.57";"516.23";"0";"0"
"E";"2016-08-15";"2016-08-16";"31.2247";"89.92";"0.34";"82";"38.08";"118.87";"0";"34.7267";"388.57";"516.23";"0";"0"
"E";"2016-08-14";"2016-08-15";"31.1059";"89.57";"0.38";"82";"37.93";"130.3";"0";"34.7267";"388.57";"516.23";"0";"0"
"E";"2016-08-13";"2016-08-14";"30.9756";"89.2";"0.38";"82";"37.78";"130.35";"0";"34.7267";"388.57";"516.23";"0";"0"
"E";"2016-08-12";"2016-08-13";"30.8452";"88.82";"0.41";"82";"37.62";"140.76";"0";"34.7267";"388.57";"516.23";"0";"0"
"E";"2016-08-11";"2016-08-12";"30.7045";"88.42";"0.18";"82";"37.44";"61.86";"0";"34.7267";"388.57";"516.23";"0";"0"
"E";"2016-08-10";"2016-08-11";"30.6426";"88.24";"0.24";"82";"37.37";"83.39";"0";"34.7267";"388.57";"516.23";"0";"0"
"E";"2016-08-09";"2016-08-10";"30.5592";"88";"0.2";"82";"37.27";"68.83";"0";"34.7267";"388.57";"516.23";"0";"0"
"E";"2016-08-08";"2016-08-09";"30.4904";"87.8";"0.38";"82";"37.18";"131.82";"0";"34.7267";"388.57";"516.23";"0";"0"
"E";"2016-08-07";"2016-08-08";"30.3586";"87.42";"0.39";"82";"37.02";"134.39";"0";"34.7267";"388.57";"516.23";"0";"0"
"E";"2016-08-06";"2016-08-07";"30.2242";"87.03";"0.39";"82";"36.86";"141.62";"0";"34.7267";"388.57";"516.23";"0";"0"
"E";"2016-08-05";"2016-08-06";"30.0897";"86.65";"0.38";"82";"36.69";"136.88";"3.3";"34.7267";"388.57";"516.23";"0";"0"
"E";"2016-08-04";"2016-08-05";"29.9561";"86.26";"0.36";"82";"36.53";"133.56";"9.6";"34.7267";"388.57";"516.23";"0";"0"
"E";"2016-08-03";"2016-08-04";"29.8322";"85.91";"0.3";"82";"36.38";"114.16";"9.6";"34.7267";"388.57";"516.23";"0";"0"
"E";"2016-08-02";"2016-08-03";"29.7276";"85.6";"0.35";"82";"36.25";"131.25";"8.5";"34.7267";"388.57";"516.23";"0";"0"
"E";"2016-08-01";"2016-08-02";"29.6049";"85.25";"0.37";"82";"36.1";"138.05";"8.6";"34.7267";"388.57";"516.23";"0";"0"
"E";"2016-07-31";"2016-08-01";"29.4754";"84.88";"0.72";"82";"35.95";"253.94";"3.9";"34.7267";"388.57";"516.23";"0";"0"
"E";"2016-07-30";"2016-07-31";"29.2253";"84.16";"0.76";"82";"35.64";"265.14";"0";"34.7267";"388.57";"516.23";"0";"0"
"E";"2016-07-29";"2016-07-30";"28.9602";"83.39";"0.52";"82";"35.32";"179.9";"0";"34.7267";"388.57";"516.23";"0";"0"
"E";"2016-07-28";"2016-07-29";"28.7803";"82.88";"0.44";"82";"35.1";"153.95";"0";"34.7267";"388.57";"516.23";"0";"0"
"E";"2016-07-27";"2016-07-28";"28.6263";"82.43";"0.38";"82";"34.91";"169.08";"0";"34.7267";"388.57";"516.23";"0";"0"
"E";"2016-07-26";"2016-07-27";"28.4949";"82.05";"0.61";"82";"34.75";"213.1";"0";"34.7267";"388.57";"516.23";"0";"0"
"E";"2016-07-25";"2016-07-26";"28.2818";"81.44";"0.61";"82";"34.49";"213.1";"0";"34.7267";"388.57";"516.23";"0";"0"
"E";"2016-07-24";"2016-07-25";"28.0687";"80.83";"0.69";"82";"34.23";"238.69";"0";"34.7267";"388.57";"516.23";"0";"0"
"E";"2016-07-23";"2016-07-24";"27.83";"80.14";"0.69";"82";"33.94";"241";"0";"34.7267";"388.57";"516.23";"0";"0"
"E";"2016-07-22";"2016-07-23";"27.589";"79.45";"0.65";"82";"33.65";"227.1";"0";"34.7267";"388.57";"516.23";"0";"0"
"E";"2016-07-21";"2016-07-22";"27.3619";"78.79";"0.58";"82";"33.37";"200.36";"0";"34.7267";"388.57";"516.23";"0";"0"
"E";"2016-07-20";"2016-07-21";"27.1618";"78.22";"0.47";"82";"33.12";"162.24";"0";"34.7267";"388.57";"516.23";"0";"0"
"E";"2016-07-19";"2016-07-20";"26.9995";"77.75";"0.48";"82";"32.93";"167.73";"0";"34.7267";"388.57";"516.23";"0";"0"
"E";"2016-07-18";"2016-07-19";"26.8318";"77.27";"0.52";"82";"32.72";"181.12";"0";"34.7267";"388.57";"516.23";"0";"0"
"E";"2016-07-17";"2016-07-18";"26.6507";"76.74";"0.62";"82";"32.5";"213.68";"0";"34.7267";"388.57";"516.23";"0";"0"
"E";"2016-07-16";"2016-07-17";"26.437";"76.13";"0.6";"82";"32.24";"210.03";"0";"34.7267";"388.57";"516.23";"0";"0"
"E";"2016-07-15";"2016-07-16";"26.227";"75.52";"0.54";"82";"31.98";"187.68";"0";"34.7267";"388.57";"516.23";"0";"0"
"E";"2016-07-14";"2016-07-15";"26.0393";"74.98";"0.52";"82";"31.76";"180.66";"0.1";"34.7267";"388.57";"516.23";"0";"0"
"E";"2016-07-13";"2016-07-14";"25.8588";"74.46";"0.5";"82";"31.54";"172.74";"0.1";"34.7267";"388.57";"516.23";"0";"0"
"E";"2016-07-12";"2016-07-13";"25.6861";"73.97";"0.51";"82";"31.32";"175.97";"0";"34.7267";"388.57";"516.23";"0";"0"
"E";"2016-07-11";"2016-07-12";"25.5101";"73.46";"0.5";"82";"31.11";"174.52";"2";"34.7267";"388.57";"516.23";"0";"0"
"E";"2016-07-10";"2016-07-11";"25.3376";"72.96";"0.61";"82";"30.9";"212.29";"0";"34.7267";"388.57";"516.23";"0";"0"
"E";"2016-07-09";"2016-07-10";"25.1253";"72.35";"0.62";"82";"30.64";"214.13";"0";"34.7267";"388.57";"516.23";"0";"0"
"E";"2016-07-08";"2016-07-09";"24.9112";"71.73";"0.56";"82";"30.38";"193.4";"0";"34.7267";"388.57";"516.23";"0";"0"
"E";"2016-07-07";"2016-07-08";"24.7178";"71.18";"0.52";"82";"30.14";"180.1";"0.2";"34.7267";"388.57";"516.23";"0";"0"
"E";"2016-07-06";"2016-07-07";"24.5378";"70.66";"0.59";"82";"29.92";"204.05";"0";"34.7267";"388.57";"516.23";"0";"0"
"E";"2016-07-05";"2016-07-06";"24.3338";"70.07";"0.64";"82";"29.68";"225.37";"3.2";"34.7267";"388.57";"516.23";"0";"0"
"E";"2016-07-04";"2016-07-05";"24.1116";"69.43";"0.53";"82";"29.4";"195.1";"9.5";"34.7267";"388.57";"516.23";"0";"0"
"E";"2016-07-03";"2016-07-04";"23.926";"68.9";"0.55";"82";"29.18";"199.24";"9.5";"34.7267";"388.57";"516.23";"0";"0"
"E";"2016-07-02";"2016-07-03";"23.7363";"68.35";"0.57";"82";"28.95";"204.79";"8.5";"34.7267";"388.57";"516.23";"0";"0"
"E";"2016-07-01";"2016-07-02";"23.54";"67.79";"0.52";"82";"28.71";"188.47";"8.5";"34.7267";"388.57";"516.23";"0";"0"
"E";"2016-06-30";"2016-07-01";"23.36";"67.27";"0.75";"82";"28.49";"270.26";"10.6";"34.7267";"388.57";"516.23";"0";"0"
"E";"2016-06-29";"2016-06-30";"23.1003";"66.52";"0.74";"82";"28.17";"264.57";"8.5";"34.7267";"388.57";"516.23";"0";"0"
"E";"2016-06-28";"2016-06-29";"22.8443";"65.78";"0.74";"82";"27.86";"266.31";"8.5";"34.7267";"388.57";"516.23";"0";"0"
"E";"2016-06-27";"2016-06-28";"22.5865";"65.04";"0.7";"82";"27.54";"252.82";"8.5";"34.7267";"388.57";"516.23";"0";"0"
"E";"2016-06-26";"2016-06-27";"22.3421";"64.34";"0.79";"82";"27.25";"282.06";"8.6";"34.7267";"388.57";"516.23";"0";"0"
"E";"2016-06-25";"2016-06-26";"22.0687";"63.55";"0.8";"82";"26.91";"277.95";"0";"34.7267";"388.57";"516.23";"0";"0"
"E";"2016-06-24";"2016-06-25";"21.7907";"62.75";"0.79";"82";"26.57";"274.44";"0.6";"34.7267";"388.57";"516.23";"0";"0"
"E";"2016-06-23";"2016-06-24";"21.5169";"61.96";"0.77";"82";"26.24";"267.14";"0.6";"34.7267";"388.57";"516.23";"0";"0"
"E";"2016-06-22";"2016-06-23";"21.2503";"61.19";"0.74";"82";"25.92";"257.57";"0.3";"34.7267";"388.57";"516.23";"0";"0"
"E";"2016-06-21";"2016-06-22";"20.9931";"60.45";"0.76";"82";"25.6";"262.71";"0";"34.7267";"388.57";"516.23";"0";"0"
"E";"2016-06-20";"2016-06-21";"20.7304";"59.7";"0.67";"82";"25.28";"232.84";"0";"34.7267";"388.57";"516.23";"0";"0"
"E";"2016-06-19";"2016-06-20";"20.4976";"59.03";"0.77";"82";"25";"268.61";"0";"34.7267";"388.57";"516.23";"0";"0"
"E";"2016-06-18";"2016-06-19";"20.2289";"58.25";"0.78";"82";"24.67";"270.39";"0";"34.7267";"388.57";"516.23";"0";"0"
"E";"2016-06-17";"2016-06-18";"19.9585";"57.47";"0.68";"82";"24.34";"235.31";"0";"34.7267";"388.57";"516.23";"0";"0"
"E";"2016-06-16";"2016-06-17";"19.7233";"56.8";"0.68";"82";"24.05";"236.31";"0";"34.7267";"388.57";"516.23";"0";"0"
"E";"2016-06-15";"2016-06-16";"19.487";"56.12";"0.67";"82";"23.76";"232.68";"0";"34.7267";"388.57";"516.23";"0";"0"
"E";"2016-06-14";"2016-06-15";"19.2543";"55.45";"0.65";"82";"23.48";"225.55";"0";"34.7267";"388.57";"516.23";"0";"0"
"E";"2016-06-13";"2016-06-14";"19.0288";"54.8";"0.62";"82";"23.21";"213.6";"0";"34.7267";"388.57";"516.23";"0";"0"
"E";"2016-06-12";"2016-06-13";"18.8152";"54.18";"0.66";"82";"22.95";"230.31";"0";"34.7267";"388.57";"516.23";"0";"0"
"E";"2016-06-11";"2016-06-12";"18.5849";"53.52";"0.67";"82";"22.66";"233.85";"0";"34.7267";"388.57";"516.23";"0";"0"
"E";"2016-06-10";"2016-06-11";"18.351";"52.84";"0.67";"82";"22.38";"234.12";"0.4";"34.7267";"388.57";"516.23";"0";"0"
"E";"2016-06-09";"2016-06-10";"18.1173";"52.17";"0.63";"82";"22.09";"220.25";"0.3";"34.7267";"388.57";"516.23";"0";"0"
"E";"2016-06-08";"2016-06-09";"17.8974";"51.54";"0.63";"82";"21.83";"217.84";"0";"34.7267";"388.57";"516.23";"0";"0"
"E";"2016-06-07";"2016-06-08";"17.6796";"50.91";"0.62";"82";"21.56";"213.94";"0.1";"34.7267";"388.57";"516.23";"0";"0"
"E";"2016-06-06";"2016-06-07";"17.4658";"50.29";"0.61";"82";"21.3";"212.94";"0";"34.7267";"388.57";"516.23";"0";"0"
"E";"2016-06-05";"2016-06-06";"17.2528";"49.68";"0.65";"82";"21.04";"225.25";"0";"34.7267";"388.57";"516.23";"0";"0"
"E";"2016-06-04";"2016-06-05";"17.0276";"49.03";"0.65";"82";"20.77";"225.01";"0";"34.7267";"388.57";"516.23";"0";"0"
"E";"2016-06-03";"2016-06-04";"16.8026";"48.39";"0.63";"82";"20.49";"219.23";"0";"34.7267";"388.57";"516.23";"0";"0"
"E";"2016-06-02";"2016-06-03";"16.5833";"47.75";"0.59";"82";"20.22";"203.58";"0.1";"34.7267";"388.57";"516.23";"0";"0"
"E";"2016-06-01";"2016-06-02";"16.3798";"47.17";"0.66";"82";"19.98";"228.92";"0";"34.7267";"388.57";"516.23";"0";"0"
"E";"2016-05-31";"2016-06-01";"16.1509";"46.67";"0.38";"82";"19.7";"139.38";"8.1";"34.61";"388.57";"516.23";"0";"0"
"E";"2016-05-30";"2016-05-31";"16.0197";"46.29";"0.42";"82";"19.54";"143.78";"0";"34.61";"388.57";"516.23";"0";"0"
"E";"2016-05-29";"2016-05-30";"15.8759";"45.87";"0.44";"82";"19.36";"151.22";"0";"34.61";"388.57";"516.23";"0";"0"
"E";"2016-05-28";"2016-05-29";"15.7247";"45.43";"0.44";"82";"19.18";"151.55";"0";"34.61";"388.57";"516.23";"0";"0"
"E";"2016-05-27";"2016-05-28";"15.5731";"45";"0.45";"82";"18.99";"155.6";"0";"34.61";"388.57";"516.23";"0";"0"
"E";"2016-05-26";"2016-05-27";"15.4175";"44.55";"0.45";"82";"18.8";"156.42";"0";"34.61";"388.57";"516.23";"0";"0"
"E";"2016-05-25";"2016-05-26";"15.2611";"44.09";"0.4";"82";"18.61";"137.46";"0.1";"34.61";"388.57";"516.23";"0";"0"
"E";"2016-05-24";"2016-05-25";"15.1237";"43.7";"0.42";"82";"18.44";"145.62";"0";"34.61";"388.57";"516.23";"0";"0"
"E";"2016-05-23";"2016-05-24";"14.9781";"43.28";"0.45";"82";"18.27";"156.59";"0";"34.61";"388.57";"516.23";"0";"0"
"E";"2016-05-22";"2016-05-23";"14.8215";"42.82";"0.51";"82";"18.08";"178.06";"0";"34.61";"388.57";"516.23";"0";"0"
"E";"2016-05-21";"2016-05-22";"14.6434";"42.31";"0.49";"82";"17.86";"168.04";"0";"34.61";"388.57";"516.23";"0";"0"
"E";"2016-05-20";"2016-05-21";"14.4754";"41.82";"0.4";"82";"17.65";"138.82";"0.4";"34.61";"388.57";"516.23";"0";"0"
"E";"2016-05-19";"2016-05-20";"14.3369";"41.42";"0.29";"82";"17.48";"102.03";"0.9";"34.61";"388.57";"516.23";"0";"0"
"E";"2016-05-18";"2016-05-19";"14.2358";"41.13";"0.29";"82";"17.36";"99.54";"0.8";"34.61";"388.57";"516.23";"0";"0"
"E";"2016-05-17";"2016-05-18";"14.1371";"40.85";"0.21";"82";"17.24";"74.4";"1";"34.61";"388.57";"516.23";"0";"0"
"E";"2016-05-16";"2016-05-17";"14.0638";"40.64";"0.16";"82";"17.15";"57.34";"0.9";"34.61";"388.57";"516.23";"0";"0"
"E";"2016-05-15";"2016-05-16";"14.0073";"40.47";"0.3";"82";"17.08";"104.82";"0.7";"34.61";"388.57";"516.23";"0";"0"
"E";"2016-05-14";"2016-05-15";"13.9031";"40.17";"0.34";"82";"16.96";"119.92";"0.7";"34.61";"388.57";"516.23";"0";"0"
"E";"2016-05-13";"2016-05-14";"13.7839";"39.83";"0.43";"82";"16.81";"147.95";"0.4";"34.61";"388.57";"516.23";"0";"0"
"E";"2016-05-12";"2016-05-13";"13.6363";"39.4";"0.43";"82";"16.63";"147.54";"0.5";"34.61";"388.57";"516.23";"0";"0"
"E";"2016-05-11";"2016-05-12";"13.4892";"38.98";"0.48";"82";"16.45";"165.74";"0.4";"34.61";"388.57";"516.23";"0";"0"
"E";"2016-05-10";"2016-05-11";"13.3239";"38.5";"0.46";"82";"16.25";"161.32";"0.4";"34.61";"388.57";"516.23";"0";"0"
"E";"2016-05-09";"2016-05-10";"13.163";"38.03";"0.38";"82";"16.05";"129.76";"0.4";"34.61";"388.57";"516.23";"0";"0"
"E";"2016-05-08";"2016-05-09";"13.03";"37.65";"0.45";"82";"15.89";"155.56";"0";"34.61";"388.57";"516.23";"0";"0"
"E";"2016-05-07";"2016-05-08";"12.8744";"37.2";"0.46";"82";"15.7";"159.69";"0";"34.61";"388.57";"516.23";"0";"0"
"E";"2016-05-06";"2016-05-07";"12.7147";"36.74";"0.09";"82";"15.51";"119.26";"6.8";"34.61";"388.57";"516.23";"0";"0"
"E";"2016-05-05";"2016-05-06";"12.6849";"36.65";"0.45";"82";"15.47";"92.06";"9.6";"34.61";"388.57";"516.23";"0";"0"
"E";"2016-05-04";"2016-05-05";"12.5277";"36.2";"0.27";"82";"15.28";"101.7";"9.5";"34.61";"388.57";"516.23";"0";"0"
"E";"2016-05-03";"2016-05-04";"12.4354";"35.93";"0.23";"82";"15.17";"87.9";"9.6";"34.61";"389.73";"524.59";"0";"0"
"E";"2016-05-02";"2016-05-03";"12.3572";"35.71";"0.29";"82";"15.07";"110.51";"9.3";"34.6085";"389.73";"524.59";"0";"0"
"E";"2016-05-01";"2016-05-02";"12.256";"35.41";"0.32";"82";"14.95";"120.69";"8.9";"34.6085";"389.73";"524.59";"0";"0"
"E";"2016-04-30";"2016-05-01";"12.1442";"35.09";"0.1";"82";"14.81";"44";"9.5";"34.6085";"389.73";"524.59";"0";"0"
"E";"2016-04-29";"2016-04-30";"12.1097";"34.99";"0.02";"82";"14.77";"8.9";"1.1";"34.6085";"389.73";"524.59";"0";"0"
"E";"2016-04-28";"2016-04-29";"12.1019";"34.97";"0.05";"82";"14.76";"11.2";"2.5";"34.6085";"389.73";"524.59";"0";"0"
"E";"2016-04-27";"2016-04-28";"12.0845";"34.92";"0";"82";"14.74";"5.65";"7.3";"34.6085";"389.73";"524.59";"0";"0"
"E";"2016-04-26";"2016-04-27";"12.0861";"34.92";"0";"82";"14.74";"5.65";"3.9";"34.6085";"389.73";"524.59";"0";"0"
"E";"2016-04-25";"2016-04-26";"12.0844";"34.92";"0";"82";"14.74";"5.65";"5.5";"34.6085";"389.73";"524.59";"0";"0"
"E";"2016-04-24";"2016-04-25";"12.0842";"34.92";"0.03";"82";"14.74";"13.16";"3.3";"34.6085";"389.73";"524.59";"0";"0"
"E";"2016-04-23";"2016-04-24";"12.0744";"34.89";"0.02";"82";"14.72";"17.53";"11";"34.6085";"389.73";"524.59";"0";"0"
"E";"2016-04-22";"2016-04-23";"12.0679";"34.87";"-0.03";"82";"14.72";"7.14";"18.4";"34.6085";"389.73";"524.59";"0";"0"
"E";"2016-04-21";"2016-04-22";"12.0792";"34.9";"-0.15";"82";"14.73";"6.14";"18.4";"34.6085";"389.73";"524.59";"0";"0"
"E";"2016-04-20";"2016-04-21";"12.1307";"35.05";"-0.01";"82";"14.79";"41.28";"37.6";"34.6085";"389.73";"524.59";"0";"0"
"E";"2016-04-19";"2016-04-20";"12.1334";"35.06";"-0.02";"82";"14.8";"27.43";"32.9";"34.6085";"389.73";"524.59";"0";"0"
"E";"2016-04-18";"2016-04-19";"12.1389";"35.07";"-0.04";"82";"14.8";"11.28";"24.7";"34.6085";"389.73";"524.59";"0";"0"
"E";"2016-04-17";"2016-04-18";"12.1523";"35.11";"-0.01";"82";"14.82";"17.02";"19.8";"34.6085";"389.73";"524.59";"0";"0"
"E";"2016-04-16";"2016-04-17";"12.1549";"35.12";"0.02";"82";"14.82";"38.98";"33.1";"34.6085";"389.73";"524.59";"0";"0"
"E";"2016-04-15";"2016-04-16";"12.1491";"35.1";"-0.06";"82";"14.82";"40.91";"61.6";"34.6085";"389.73";"524.59";"0";"0"
"E";"2016-04-14";"2016-04-15";"12.1698";"35.16";"-0.03";"82";"14.84";"42.5";"53.4";"34.6085";"389.73";"524.59";"0";"0"
"E";"2016-04-13";"2016-04-14";"12.1808";"35.2";"0.13";"82";"14.85";"37.8";"50.9";"34.6085";"389.73";"524.59";"0";"0"
"E";"2016-04-12";"2016-04-13";"12.1349";"35.06";"-0.27";"82";"14.8";"29.63";"53.2";"34.6085";"389.73";"524.59";"0";"0"
"E";"2016-04-11";"2016-04-12";"12.2299";"35.34";"-0.11";"82";"14.91";"20.85";"57.7";"34.6085";"389.73";"524.59";"0";"0"
"E";"2016-04-10";"2016-04-11";"12.2667";"35.44";"-0.11";"82";"14.96";"20.85";"57.7";"34.6085";"389.73";"524.59";"0";"0"
"E";"2016-04-09";"2016-04-10";"12.3036";"35.55";"-0.06";"82";"15";"40.95";"60.4";"34.6085";"389.73";"524.59";"0";"0"
"E";"2016-04-08";"2016-04-09";"12.323";"35.61";"-0.07";"82";"15.03";"40.67";"64.4";"34.6085";"389.73";"524.59";"0";"0"
"E";"2016-04-07";"2016-04-08";"12.3468";"35.68";"-0.06";"82";"15.06";"27.52";"47.8";"34.6085";"389.73";"524.59";"0";"0"
"C";"2016-04-06";"2016-04-07";"12.3671";"35.73";"-0.03";"82";"15.08";"15.22";"25.6";"34.6085";"389.73";"524.59";"0";"0"
"C";"2016-04-05";"2016-04-06";"12.3775";"35.76";"0";"82";"15.09";"24.09";"25.8";"34.6085";"389.73";"524.59";"0";"0"
"C";"2016-04-04";"2016-04-05";"12.3792";"35.77";"-0.02";"82";"15.1";"21.03";"27.2";"34.6085";"389.73";"524.59";"0";"0"
"C";"2016-04-03";"2016-04-04";"12.3854";"35.79";"-0.05";"82";"15.1";"11.28";"28";"34.6085";"389.73";"524.59";"0";"0"
"C";"2016-04-02";"2016-04-03";"12.4021";"35.84";"-0.02";"82";"15.12";"21.83";"28.1";"34.6085";"389.73";"524.59";"0";"0"
"C";"2016-04-01";"2016-04-02";"12.4083";"35.85";"-0.02";"82";"15.13";"19.79";"27.4";"34.6085";"389.73";"524.59";"0";"0"
"C";"2016-03-31";"2016-04-01";"12.416";"35.88";"-0.16";"82";"15.14";"0";"54.3";"34.6085";"389.73";"524.59";"0";"0"
"C";"2016-03-30";"2016-03-31";"12.4703";"36.03";"-0.15";"82";"15.21";"0";"50.9";"34.6085";"389.73";"524.59";"0";"0"
"C";"2016-03-29";"2016-03-30";"12.5212";"36.18";"-0.15";"82";"15.27";"0.04";"53.3";"34.6085";"389.73";"524.59";"0";"0"
"C";"2016-03-28";"2016-03-29";"12.5745";"36.33";"-0.1";"82";"15.33";"0";"35.9";"34.6085";"389.73";"524.59";"0";"0"
"C";"2016-03-27";"2016-03-28";"12.6103";"36.44";"-0.1";"82";"15.38";"0";"35.8";"34.6085";"389.73";"524.59";"0";"0"
"C";"2016-03-26";"2016-03-27";"12.6461";"36.54";"-0.13";"82";"15.42";"0.07";"46.5";"34.6085";"389.73";"524.59";"0";"0"
"C";"2016-03-25";"2016-03-26";"12.6926";"36.67";"-0.15";"82";"15.48";"0.1";"51.2";"34.6085";"389.73";"524.59";"0";"0"
"C";"2016-03-24";"2016-03-25";"12.7437";"36.82";"-0.27";"82";"15.54";"0";"92.6";"34.6085";"389.73";"524.59";"0";"0"
"C";"2016-03-23";"2016-03-24";"12.8363";"37.09";"-0.35";"82";"15.65";"0";"122";"34.6085";"389.73";"524.59";"0";"0"
"C";"2016-03-22";"2016-03-23";"12.9583";"37.44";"-0.31";"82";"15.8";"0";"105.6";"34.6085";"389.73";"524.59";"0";"0"
"C";"2016-03-21";"2016-03-22";"13.0639";"37.75";"-0.41";"82";"15.93";"25.47";"166.1";"34.6085";"389.73";"524.59";"0";"0"
"C";"2016-03-20";"2016-03-21";"13.2046";"38.15";"-0.34";"82";"16.1";"34.19";"151.3";"34.6085";"389.73";"524.59";"0";"0"
"C";"2016-03-19";"2016-03-20";"13.3217";"38.49";"-0.33";"82";"16.25";"32.19";"147.2";"34.6085";"389.73";"524.59";"0";"0"
"C";"2016-03-18";"2016-03-19";"13.4367";"38.82";"-0.35";"82";"16.39";"32.24";"151.9";"34.6085";"389.73";"524.59";"0";"0"
"C";"2016-03-17";"2016-03-18";"13.5564";"39.17";"-0.33";"82";"16.53";"18.14";"132";"34.6085";"389.73";"524.59";"0";"0"
"C";"2016-03-16";"2016-03-17";"13.6703";"39.5";"-0.43";"82";"16.67";"0";"148";"34.6085";"389.73";"524.59";"0";"0"
"C";"2016-03-15";"2016-03-16";"13.8183";"39.93";"-0.46";"82";"16.85";"0";"158.8";"34.6085";"389.73";"524.59";"0";"0"
"C";"2016-03-14";"2016-03-15";"13.9771";"40.39";"-0.43";"82";"17.05";"0";"148.6";"34.6085";"389.73";"524.59";"0";"0"
"C";"2016-03-13";"2016-03-14";"14.1257";"40.82";"-0.41";"82";"17.23";"0";"143.2";"34.6085";"389.73";"524.59";"0";"0"
"C";"2016-03-12";"2016-03-13";"14.2688";"41.23";"-0.37";"82";"17.4";"0";"128.1";"34.6085";"389.73";"524.59";"0";"0"
"C";"2016-03-11";"2016-03-12";"14.3969";"41.6";"-0.4";"82";"17.56";"0";"136.8";"34.6085";"389.73";"524.59";"0";"0"
"C";"2016-03-10";"2016-03-11";"14.5337";"41.99";"-0.4";"82";"17.72";"0";"139.7";"34.6085";"389.73";"524.59";"0";"0"
"C";"2016-03-09";"2016-03-10";"14.6734";"42.4";"-0.41";"82";"17.89";"0";"140.7";"34.6085";"389.73";"524.59";"0";"0"
"C";"2016-03-08";"2016-03-09";"14.8141";"42.8";"-0.43";"82";"18.07";"0";"149.4";"34.6085";"389.73";"524.59";"0";"0"
"C";"2016-03-07";"2016-03-08";"14.9635";"43.24";"-0.46";"82";"18.25";"0";"159.1";"34.6085";"389.73";"524.59";"0";"0"
"C";"2016-03-06";"2016-03-07";"15.1225";"43.7";"-0.35";"82";"18.44";"0";"122.2";"34.6085";"389.73";"524.59";"0";"0"
"C";"2016-03-05";"2016-03-06";"15.2448";"44.05";"-0.32";"82";"18.59";"0";"109.7";"34.6085";"389.73";"524.59";"0";"0"
"C";"2016-03-04";"2016-03-05";"15.3545";"44.37";"-0.41";"82";"18.73";"0";"143";"34.6085";"389.73";"524.59";"0";"0"
"C";"2016-03-03";"2016-03-04";"15.4975";"44.78";"-0.41";"82";"18.9";"0";"140.7";"34.6085";"389.73";"524.59";"0";"0"
"C";"2016-03-02";"2016-03-03";"15.6382";"45.19";"-0.49";"82";"19.07";"0";"171.2";"34.6085";"389.73";"524.59";"0";"0"
"C";"2016-03-01";"2016-03-02";"15.8094";"45.68";"-0.45";"82";"19.28";"0";"155.5";"34.6085";"389.73";"524.59";"0";"0"
"C";"2016-02-29";"2016-03-01";"15.9649";"46.13";"-0.41";"82";"19.47";"0";"141.4";"34.6085";"389.73";"524.59";"0";"0"
"C";"2016-02-28";"2016-02-29";"16.1064";"46.54";"-0.31";"82";"19.64";"0";"108.4";"34.6085";"389.73";"524.59";"0";"0"
"C";"2016-02-27";"2016-02-28";"16.2147";"46.85";"-0.31";"82";"19.77";"0";"105.7";"34.6085";"389.73";"524.59";"0";"0"
"C";"2016-02-26";"2016-02-27";"16.3205";"47.16";"-0.39";"82";"19.9";"0";"135.4";"34.6085";"389.73";"524.59";"0";"0"
"C";"2016-02-25";"2016-02-26";"16.4559";"47.55";"-0.49";"82";"20.07";"0";"168.6";"34.6085";"389.73";"524.59";"0";"0"
"C";"2016-02-24";"2016-02-25";"16.6245";"48.04";"-0.31";"82";"20.27";"0";"106.9";"34.6085";"389.73";"524.59";"0";"0"
"C";"2016-02-23";"2016-02-24";"16.7314";"48.34";"-0.22";"82";"20.4";"0";"75.9";"34.6085";"389.73";"524.59";"0";"0"
"C";"2016-02-22";"2016-02-23";"16.8073";"48.56";"-0.16";"82";"20.5";"0";"54.1";"34.6085";"389.73";"524.59";"0";"0"
"C";"2016-02-21";"2016-02-22";"16.8614";"48.72";"-0.14";"82";"20.56";"0";"49.2";"34.6085";"389.73";"524.59";"0";"0"
"C";"2016-02-20";"2016-02-21";"16.9105";"48.86";"-0.19";"82";"20.62";"0";"67";"34.6085";"389.73";"524.59";"0";"0"
"C";"2016-02-19";"2016-02-20";"16.9775";"49.06";"-0.36";"82";"20.7";"0";"124.6";"34.6085";"389.73";"524.59";"0";"0"
"C";"2016-02-18";"2016-02-19";"17.1021";"49.42";"-0.39";"82";"20.86";"0";"135.4";"34.6085";"389.73";"524.59";"0";"0"
"C";"2016-02-17";"2016-02-18";"17.2375";"49.81";"-0.38";"82";"21.02";"0";"132.9";"34.6085";"389.73";"524.59";"0";"0"
"C";"2016-02-16";"2016-02-17";"17.3704";"50.19";"-0.32";"82";"21.18";"0";"112.5";"34.6085";"389.73";"524.59";"0";"0"
"C";"2016-02-15";"2016-02-16";"17.4828";"50.52";"-0.25";"82";"21.32";"0";"86.7";"34.6085";"389.73";"524.59";"0";"0"
"C";"2016-02-14";"2016-02-15";"17.5696";"50.77";"-0.19";"82";"21.43";"0";"65.2";"34.6085";"389.73";"524.59";"0";"0"
"C";"2016-02-13";"2016-02-14";"17.6348";"50.96";"-0.2";"82";"21.51";"0";"69.1";"34.6085";"389.73";"524.59";"0";"0"
"C";"2016-02-12";"2016-02-13";"17.7039";"51.15";"-0.29";"82";"21.59";"0";"100.7";"34.6085";"389.73";"524.59";"0";"0"
"C";"2016-02-11";"2016-02-12";"17.8046";"51.45";"-0.31";"82";"21.71";"0";"108.6";"34.6085";"389.73";"524.59";"0";"0"
"C";"2016-02-10";"2016-02-11";"17.9132";"51.76";"-0.24";"82";"21.85";"0";"82.4";"34.6085";"389.73";"524.59";"0";"0"
"C";"2016-02-09";"2016-02-10";"17.9956";"52";"-0.13";"82";"21.95";"0";"45.1";"34.6085";"389.73";"524.59";"0";"0"
"C";"2016-02-08";"2016-02-09";"18.0407";"52.13";"-0.2";"82";"22";"0";"68.4";"34.6085";"389.73";"524.59";"0";"0"
"C";"2016-02-07";"2016-02-08";"18.1091";"52.33";"-0.2";"82";"22.08";"0";"69.9";"34.6085";"389.73";"524.59";"0";"0"
"C";"2016-02-06";"2016-02-07";"18.1789";"52.53";"-0.21";"82";"22.17";"0";"72";"34.6085";"389.73";"524.59";"0";"0"
"C";"2016-02-05";"2016-02-06";"18.2509";"52.74";"-0.22";"82";"22.26";"0";"74.8";"34.6085";"389.73";"524.59";"0";"0"
"C";"2016-02-04";"2016-02-05";"18.3257";"52.95";"-0.26";"82";"22.35";"0";"88.3";"34.6085";"389.73";"524.59";"0";"0"
"C";"2016-02-03";"2016-02-04";"18.414";"53.21";"-0.22";"82";"22.46";"0";"74.8";"34.6085";"389.73";"524.59";"0";"0"
"C";"2016-02-02";"2016-02-03";"18.4888";"53.42";"-0.21";"82";"22.55";"0";"71.5";"34.6085";"389.73";"524.59";"0";"0"
"C";"2016-02-01";"2016-02-02";"18.5603";"53.63";"-0.2";"82";"22.63";"0";"67.8";"34.6085";"389.73";"524.59";"0";"0"
"C";"2016-01-31";"2016-02-01";"18.6281";"53.83";"-0.17";"82";"22.72";"0";"58.2";"34.6085";"389.73";"524.59";"0";"0"
"C";"2016-01-30";"2016-01-31";"18.6863";"53.99";"-0.15";"82";"22.79";"0";"50.2";"34.6085";"389.73";"524.59";"0";"0"
"C";"2016-01-29";"2016-01-30";"18.7365";"54.14";"-0.16";"82";"22.85";"0";"53.7";"34.6085";"389.73";"524.59";"0";"0"
"C";"2016-01-28";"2016-01-29";"18.7902";"54.29";"-0.18";"82";"22.91";"0";"62.5";"34.6085";"389.73";"524.59";"0";"0"
"C";"2016-01-27";"2016-01-28";"18.8527";"54.47";"-0.27";"82";"22.99";"0";"92";"34.6085";"389.73";"524.59";"0";"0"
"C";"2016-01-26";"2016-01-27";"18.9447";"54.74";"-0.49";"82";"23.1";"0";"169.4";"34.6085";"389.73";"524.59";"0";"0"
"C";"2016-01-25";"2016-01-26";"19.1141";"55.23";"-0.72";"82";"23.31";"0";"248.5";"34.6085";"389.73";"524.59";"0";"0"
"C";"2016-01-24";"2016-01-25";"19.3626";"55.95";"-0.68";"82";"23.61";"0";"235.4";"34.6085";"389.73";"524.59";"0";"0"
"C";"2016-01-23";"2016-01-24";"19.5979";"56.63";"-0.71";"82";"23.9";"0";"244.5";"34.6085";"389.73";"524.59";"0";"0"
"C";"2016-01-22";"2016-01-23";"19.8424";"57.33";"-0.77";"82";"24.2";"0";"267.4";"34.6085";"389.73";"524.59";"0";"0"
"C";"2016-01-21";"2016-01-22";"20.1098";"58.11";"-0.78";"82";"24.52";"0";"271.5";"34.6085";"389.73";"524.59";"0";"0"
"C";"2016-01-20";"2016-01-21";"20.3813";"58.89";"-0.75";"82";"24.86";"0";"261.2";"34.6085";"389.73";"524.59";"0";"0"
"C";"2016-01-19";"2016-01-20";"20.6425";"59.65";"-0.79";"82";"25.17";"0";"272.7";"34.6085";"389.73";"524.59";"0";"0"
"C";"2016-01-18";"2016-01-19";"20.9152";"60.43";"-0.73";"82";"25.51";"0";"251.4";"34.6085";"389.73";"524.59";"0";"0"
"C";"2016-01-17";"2016-01-18";"21.1666";"61.16";"-0.61";"82";"25.81";"0";"209.5";"34.6085";"389.73";"524.59";"0";"0"
"C";"2016-01-16";"2016-01-17";"21.3762";"61.77";"-0.59";"82";"26.07";"0";"202.6";"34.6085";"389.73";"524.59";"0";"0"
"C";"2016-01-15";"2016-01-16";"21.5788";"62.35";"-0.65";"82";"26.32";"0";"223.9";"34.6085";"389.73";"524.59";"0";"0"
"C";"2016-01-14";"2016-01-15";"21.8028";"63";"-0.63";"82";"26.59";"0";"219.6";"34.6085";"389.73";"524.59";"0";"0"
"C";"2016-01-13";"2016-01-14";"22.0224";"63.63";"-0.56";"82";"26.86";"0";"194.8";"34.6085";"389.73";"524.59";"0";"0"
"C";"2016-01-12";"2016-01-13";"22.2172";"64.2";"-0.54";"82";"27.09";"0";"185.2";"34.6085";"389.73";"524.59";"0";"0"
"C";"2016-01-11";"2016-01-12";"22.4024";"64.73";"-0.57";"82";"27.32";"0";"196.7";"34.6085";"389.73";"524.59";"0";"0"
"C";"2016-01-10";"2016-01-11";"22.5991";"65.3";"-0.54";"82";"27.56";"0";"187.5";"34.6085";"389.73";"524.59";"0";"0"
"C";"2016-01-09";"2016-01-10";"22.7866";"65.84";"-0.48";"82";"27.79";"0";"167.2";"34.6085";"389.73";"524.59";"0";"0"
"C";"2016-01-08";"2016-01-09";"22.9538";"66.32";"-0.58";"82";"27.99";"0";"200.8";"34.6085";"389.73";"524.59";"0";"0"
"C";"2016-01-07";"2016-01-08";"23.1546";"66.9";"-0.74";"82";"28.24";"0";"256.8";"34.6085";"389.73";"524.59";"0";"0"
"C";"2016-01-06";"2016-01-07";"23.4114";"67.65";"-0.77";"82";"28.55";"0";"266.2";"34.6085";"389.73";"524.59";"0";"0"
"C";"2016-01-05";"2016-01-06";"23.6776";"68.42";"-0.81";"82";"28.88";"0";"279.7";"34.6085";"389.73";"524.59";"0";"0"
"C";"2016-01-04";"2016-01-05";"23.9573";"69.22";"-0.68";"82";"29.22";"0";"235.2";"34.6085";"389.73";"524.59";"0";"0"
"C";"2016-01-03";"2016-01-04";"24.1925";"69.9";"-0.52";"82";"29.5";"0";"178.7";"34.6085";"389.73";"524.59";"0";"0"
"C";"2016-01-02";"2016-01-03";"24.3712";"70.42";"-0.4";"82";"29.72";"0";"139.5";"34.6085";"389.73";"524.59";"0";"0"
"C";"2016-01-01";"2016-01-02";"24.5107";"70.82";"0";"82";"29.89";"0";"132.4";"34.6085";"389.73";"524.59";"0";"0"
"C";"2015-12-31";"2016-01-01";"24.6432";"71.21";"-0.4";"75";"32.86";"3.25";"141.9";"34.6085";"389.73";"524.59";"0";"0"
"C";"2015-12-30";"2015-12-31";"24.7818";"71.61";"-0.36";"75";"33.04";"36.87";"160.9";"34.6085";"389.73";"524.59";"0";"0"
"C";"2015-12-29";"2015-12-30";"24.9058";"71.96";"-0.31";"75";"33.21";"31.89";"137.5";"34.6085";"389.73";"524.59";"0";"0"
"C";"2015-12-28";"2015-12-29";"25.0114";"72.27";"-0.18";"75";"33.35";"0";"61.6";"34.6085";"389.73";"524.59";"0";"0"
"C";"2015-12-27";"2015-12-28";"25.073";"72.45";"-0.1";"75";"33.43";"0";"34.2";"34.6085";"389.73";"524.59";"0";"0"
"C";"2015-12-26";"2015-12-27";"25.1072";"72.55";"-0.1";"75";"33.48";"0";"34.3";"34.6085";"389.73";"524.59";"0";"0"
"C";"2015-12-25";"2015-12-26";"25.1415";"72.65";"-0.1";"75";"33.52";"0";"34.2";"34.6085";"389.73";"524.59";"0";"0"
"C";"2015-12-24";"2015-12-25";"25.1757";"72.74";"-0.1";"75";"33.57";"0";"34.3";"34.6085";"389.73";"524.59";"0";"0"
"C";"2015-12-23";"2015-12-24";"25.21";"72.84";"-0.1";"75";"33.61";"0";"35";"34.6085";"389.73";"524.59";"0";"0"
"C";"2015-12-22";"2015-12-23";"25.245";"72.94";"-0.18";"75";"33.66";"0";"63.6";"34.6085";"389.73";"524.59";"0";"0"
"C";"2015-12-21";"2015-12-22";"25.3086";"73.13";"-0.22";"75";"33.74";"0";"77.4";"34.6085";"389.73";"524.59";"0";"0"
"C";"2015-12-20";"2015-12-21";"25.386";"73.35";"-0.18";"75";"33.85";"0";"61.3";"34.6085";"389.73";"524.59";"0";"0"
"C";"2015-12-19";"2015-12-20";"25.4473";"73.53";"-0.16";"75";"33.93";"0";"55";"34.6085";"389.73";"524.59";"0";"0"
"C";"2015-12-18";"2015-12-19";"25.5023";"73.69";"-0.24";"75";"34";"0";"83.3";"34.6085";"389.73";"524.59";"0";"0"
"C";"2015-12-17";"2015-12-18";"25.5856";"73.93";"-0.33";"75";"34.11";"0";"115.3";"34.6085";"389.73";"524.59";"0";"0"
"C";"2015-12-16";"2015-12-17";"25.701";"74.26";"-0.41";"75";"34.27";"0";"143.4";"34.6085";"389.73";"524.59";"0";"0"
"C";"2015-12-15";"2015-12-16";"25.8444";"74.68";"-0.52";"75";"34.46";"0";"180";"34.6085";"389.73";"524.59";"0";"0"
"C";"2015-12-14";"2015-12-15";"26.0244";"75.2";"-0.52";"75";"34.7";"0";"181.2";"34.6085";"389.73";"524.59";"0";"0"
"C";"2015-12-13";"2015-12-14";"26.2056";"75.72";"-0.42";"75";"34.94";"0";"144.4";"34.6085";"389.73";"524.59";"0";"0"
"C";"2015-12-12";"2015-12-13";"26.35";"76.14";"-0.39";"75";"35.13";"0";"135.5";"34.6085";"389.73";"524.59";"0";"0"
"C";"2015-12-11";"2015-12-12";"26.4855";"76.53";"-0.44";"75";"35.31";"0";"150.5";"34.6085";"389.73";"524.59";"0";"0"
"C";"2015-12-10";"2015-12-11";"26.6361";"76.96";"-0.42";"75";"35.51";"0";"146.1";"34.6085";"389.73";"524.59";"0";"0"
"C";"2015-12-09";"2015-12-10";"26.7821";"77.39";"-0.37";"75";"35.71";"0";"127.5";"34.6085";"389.73";"524.59";"0";"0"
"C";"2015-12-08";"2015-12-09";"26.9096";"77.75";"-0.47";"75";"35.88";"0";"162.4";"34.6085";"389.73";"524.59";"0";"0"
"C";"2015-12-07";"2015-12-08";"27.0721";"78.22";"-0.4";"75";"36.1";"0";"137";"34.6085";"389.73";"524.59";"0";"0"
"C";"2015-12-06";"2015-12-07";"27.209";"78.62";"-0.25";"75";"36.28";"0";"86.7";"34.6085";"389.73";"524.59";"0";"0"
"C";"2015-12-05";"2015-12-06";"27.2957";"78.87";"-0.25";"75";"36.39";"0";"87.9";"34.6085";"389.73";"524.59";"0";"0"
"C";"2015-12-04";"2015-12-05";"27.3837";"79.12";"-0.51";"75";"36.51";"0";"177.4";"34.6085";"389.73";"524.59";"0";"0"
"C";"2015-12-03";"2015-12-04";"27.561";"79.64";"-0.48";"75";"36.75";"0";"166.3";"34.6085";"389.73";"524.59";"0";"0"
"C";"2015-12-02";"2015-12-03";"27.7273";"80.12";"-0.55";"75";"36.97";"0";"191.2";"34.6085";"389.73";"524.59";"0";"0"
"C";"2015-12-01";"2015-12-02";"27.9185";"80.67";"-0.46";"75";"37.22";"0";"159";"34.6085";"389.73";"524.59";"0";"0"
"C";"2015-11-30";"2015-12-01";"28.0775";"81.13";"-0.52";"75";"37.44";"0";"181.6";"34.6085";"389.73";"524.59";"0";"0"
"C";"2015-11-29";"2015-11-30";"28.2591";"81.65";"-0.52";"75";"37.68";"0";"180.5";"34.6085";"389.73";"524.59";"0";"0"
"C";"2015-11-28";"2015-11-29";"28.4396";"82.18";"-0.55";"75";"37.92";"0";"191.7";"34.6085";"389.73";"524.59";"0";"0"
"C";"2015-11-27";"2015-11-28";"28.6313";"82.73";"-0.67";"75";"38.18";"0";"232.2";"34.6085";"389.73";"524.59";"0";"0"
"C";"2015-11-26";"2015-11-27";"28.8636";"83.4";"-0.65";"75";"38.48";"5.42";"231.9";"34.6085";"389.73";"524.59";"0";"0"
"C";"2015-11-25";"2015-11-26";"29.0901";"84.05";"-0.73";"75";"38.79";"0";"253.1";"34.6085";"389.73";"524.59";"0";"0"
"C";"2015-11-24";"2015-11-25";"29.3432";"84.79";"-0.66";"75";"39.12";"0";"228.2";"34.6085";"389.73";"524.59";"0";"0"
"C";"2015-11-23";"2015-11-24";"29.5714";"85.45";"-0.58";"75";"39.43";"0";"199.3";"34.6085";"389.73";"524.59";"0";"0"
"C";"2015-11-22";"2015-11-23";"29.7707";"86.02";"-0.57";"75";"39.69";"0";"196.6";"34.6085";"389.73";"524.59";"0";"0"
"C";"2015-11-21";"2015-11-22";"29.9674";"86.59";"-0.51";"75";"39.96";"2.67";"179.4";"34.6085";"389.73";"524.59";"0";"0"
"C";"2015-11-20";"2015-11-21";"30.1441";"87.1";"-0.29";"75";"40.19";"31.95";"131.3";"34.6085";"389.73";"524.59";"0";"0"
"C";"2015-11-19";"2015-11-20";"30.2434";"87.39";"-0.14";"75";"40.32";"29.65";"77.1";"34.6085";"389.73";"524.59";"0";"0"
"C";"2015-11-18";"2015-11-19";"30.2908";"87.52";"-0.21";"75";"40.39";"7.48";"78.4";"34.6085";"389.73";"524.59";"0";"0"
"C";"2015-11-17";"2015-11-18";"30.3618";"87.73";"-0.15";"75";"40.48";"0";"50.5";"34.6085";"389.73";"524.59";"0";"0"
"C";"2015-11-16";"2015-11-17";"30.4122";"87.87";"-0.12";"75";"40.55";"0";"42.8";"34.6085";"389.73";"524.59";"0";"0"
"C";"2015-11-15";"2015-11-16";"30.455";"88";"-0.15";"75";"40.61";"0";"51.7";"34.6085";"389.73";"524.59";"0";"0"
"C";"2015-11-14";"2015-11-15";"30.5067";"88.15";"-0.09";"75";"40.68";"0";"30.2";"34.6085";"389.73";"524.59";"0";"0"
"C";"2015-11-13";"2015-11-14";"30.5369";"88.24";"-0.25";"75";"40.72";"0";"86";"34.6085";"389.73";"524.59";"0";"0"
"C";"2015-11-12";"2015-11-13";"30.6229";"88.48";"-0.13";"75";"40.83";"0";"45.5";"34.6085";"389.73";"524.59";"0";"0"
"C";"2015-11-11";"2015-11-12";"30.6683";"88.61";"-0.17";"75";"40.89";"0";"60.2";"34.6085";"389.73";"524.59";"0";"0"
"C";"2015-11-10";"2015-11-11";"30.7286";"88.79";"-0.29";"75";"40.97";"0";"100.8";"34.6085";"389.73";"524.59";"0";"0"
"C";"2015-11-09";"2015-11-10";"30.8294";"89.08";"-0.27";"75";"41.11";"0";"93.5";"34.6085";"389.73";"524.59";"0";"0"
"C";"2015-11-08";"2015-11-09";"30.9229";"89.35";"-0.26";"75";"41.23";"0";"90.5";"34.6085";"389.73";"524.59";"0";"0"
"C";"2015-11-07";"2015-11-08";"31.0134";"89.61";"-0.27";"75";"41.35";"0";"92.5";"34.6085";"389.73";"524.59";"0";"0"
"C";"2015-11-06";"2015-11-07";"31.1059";"89.88";"-0.45";"75";"41.47";"0";"155.7";"34.6085";"389.73";"524.59";"0";"0"
"C";"2015-11-05";"2015-11-06";"31.2617";"90.33";"-0.37";"75";"41.68";"0";"127";"34.6085";"389.73";"524.59";"0";"0"
"C";"2015-11-04";"2015-11-05";"31.3887";"90.7";"-0.47";"75";"41.85";"0";"162.4";"34.6085";"389.73";"524.59";"0";"0"
"C";"2015-11-03";"2015-11-04";"31.5512";"91.17";"-0.49";"75";"42.07";"0";"169.4";"34.6085";"389.73";"524.59";"0";"0"
"C";"2015-11-02";"2015-11-03";"31.7206";"91.66";"-0.43";"75";"42.29";"0";"150.3";"34.6085";"389.73";"524.59";"0";"0"
"C";"2015-11-01";"2015-11-02";"31.8709";"92.09";"-0.31";"75";"42.49";"0";"108.1";"34.6085";"389.73";"524.59";"0";"0"
"C";"2015-10-31";"2015-11-01";"31.9789";"92.4";"-0.25";"75";"42.64";"0";"86.8";"34.6085";"389.73";"524.59";"0";"0"
"C";"2015-10-30";"2015-10-31";"32.0657";"92.65";"-0.39";"75";"42.75";"0";"134.4";"34.6085";"389.73";"524.59";"0";"0"
"C";"2015-10-29";"2015-10-30";"32.2001";"93.04";"-0.24";"75";"42.93";"0";"82.8";"34.6085";"389.73";"524.59";"0";"0"
"C";"2015-10-28";"2015-10-29";"32.2829";"93.28";"-0.28";"75";"43.04";"0";"96.5";"34.6085";"389.73";"524.59";"0";"0"
"C";"2015-10-27";"2015-10-28";"32.3793";"93.56";"-0.23";"75";"43.17";"4.7";"85";"34.6085";"389.73";"524.59";"0";"0"
"C";"2015-10-26";"2015-10-27";"32.4596";"93.79";"-0.26";"75";"43.28";"0";"89.6";"34.6085";"389.73";"524.59";"0";"0"
"C";"2015-10-25";"2015-10-26";"32.5492";"94.05";"-0.24";"75";"43.4";"0";"82";"34.6085";"389.73";"524.59";"0";"0"
"C";"2015-10-24";"2015-10-25";"32.6313";"94.29";"-0.19";"75";"43.51";"0";"64.7";"34.6085";"389.73";"524.59";"0";"0"
"C";"2015-10-23";"2015-10-24";"32.696";"94.47";"-0.12";"75";"43.59";"0";"42.9";"34.6085";"389.73";"524.59";"0";"0"
"C";"2015-10-22";"2015-10-23";"32.7388";"94.6";"-0.18";"75";"43.65";"0";"62.1";"34.6085";"389.73";"524.59";"0";"0"
"C";"2015-10-21";"2015-10-22";"32.8009";"94.78";"-0.21";"75";"43.73";"0";"71.6";"34.6085";"389.73";"524.59";"0";"0"
"C";"2015-10-20";"2015-10-21";"32.8725";"94.98";"-0.22";"75";"43.83";"0";"77.7";"34.6085";"389.73";"524.59";"0";"0"
"C";"2015-10-19";"2015-10-20";"32.9502";"95.21";"-0.21";"75";"43.93";"0";"72.9";"34.6085";"389.73";"524.59";"0";"0"
"C";"2015-10-18";"2015-10-19";"33.0231";"95.42";"-0.16";"75";"44.03";"0";"54";"34.6085";"389.73";"524.59";"0";"0"
"C";"2015-10-17";"2015-10-18";"33.0771";"95.58";"-0.15";"75";"44.1";"0";"51.3";"34.6085";"389.73";"524.59";"0";"0"
"C";"2015-10-16";"2015-10-17";"33.1285";"95.72";"-0.09";"75";"44.17";"13.05";"43.6";"34.6085";"389.73";"524.59";"0";"0"
"C";"2015-10-15";"2015-10-16";"33.159";"95.81";"-0.13";"75";"44.21";"14.27";"58.7";"34.6085";"389.73";"524.59";"0";"0"
"C";"2015-10-14";"2015-10-15";"33.2035";"95.94";"-0.27";"75";"44.27";"13.24";"108";"34.6085";"389.73";"524.59";"0";"0"
"C";"2015-10-13";"2015-10-14";"33.2982";"96.21";"-0.32";"75";"44.4";"13.4";"125.6";"34.6085";"389.73";"524.59";"0";"0"
"C";"2015-10-12";"2015-10-13";"33.4104";"96.54";"-0.21";"75";"44.55";"12.94";"84.9";"34.6085";"389.73";"524.59";"0";"0"
"C";"2015-10-11";"2015-10-12";"33.4824";"96.75";"-0.12";"75";"44.64";"13.23";"54.6";"34.6085";"389.73";"524.59";"0";"0"
"C";"2015-10-10";"2015-10-11";"33.5238";"96.87";"-0.11";"75";"44.7";"13.29";"50.8";"34.6085";"389.73";"524.59";"0";"0"
"C";"2015-10-09";"2015-10-10";"33.5613";"96.97";"-0.09";"75";"44.75";"13.23";"45.8";"34.6085";"389.73";"524.59";"0";"0"
"C";"2015-10-08";"2015-10-09";"33.5938";"97.07";"-0.02";"75";"44.79";"13.16";"20.6";"34.6085";"389.73";"524.59";"0";"0"
"C";"2015-10-07";"2015-10-08";"33.6013";"97.09";"0.04";"75";"44.8";"13.28";"0";"34.6085";"389.73";"524.59";"0";"0"
"C";"2015-10-06";"2015-10-07";"33.588";"97.05";"0.02";"75";"44.78";"13.14";"5.1";"34.6085";"389.73";"524.59";"0";"0"
"C";"2015-10-05";"2015-10-06";"33.5799";"97.03";"-0.08";"75";"44.77";"13.12";"41.2";"34.6085";"389.73";"524.59";"0";"0"
"C";"2015-10-04";"2015-10-05";"33.608";"97.11";"-0.05";"75";"44.81";"13.22";"29.3";"34.6085";"389.73";"524.59";"0";"0"
"C";"2015-10-03";"2015-10-04";"33.624";"97.16";"-0.06";"75";"44.83";"13.47";"34.6";"34.6085";"389.73";"524.59";"0";"0"
"C";"2015-10-02";"2015-10-03";"33.6452";"97.22";"-0.07";"75";"44.86";"13.16";"38.2";"34.6085";"389.73";"524.59";"0";"0"
"C";"2015-10-01";"2015-10-02";"33.6702";"97.29";"-0.02";"75";"44.89";"13.08";"19.5";"34.6085";"389.73";"524.59";"0";"0"
"C";"2015-09-30";"2015-10-01";"33.6766";"97.31";"0.17";"75";"44.9";"60.61";"0";"34.6085";"389.73";"524.59";"0";"0"
"C";"2015-09-29";"2015-09-30";"33.6161";"97.13";"0.31";"75";"44.82";"107.4";"0";"34.6085";"389.73";"524.59";"0";"0"
"C";"2015-09-28";"2015-09-29";"33.5087";"96.82";"0.36";"75";"44.68";"124.24";"0";"34.6085";"389.73";"524.59";"0";"0"
"C";"2015-09-27";"2015-09-28";"33.3844";"96.46";"0.38";"75";"44.51";"129.91";"0";"34.6085";"389.73";"524.59";"0";"0"
"C";"2015-09-26";"2015-09-27";"33.2545";"96.09";"0.37";"75";"44.34";"126.55";"0";"34.6085";"389.73";"524.59";"0";"0"
"C";"2015-09-25";"2015-09-26";"33.128";"95.72";"0.31";"75";"44.17";"107.82";"0";"34.6085";"389.73";"524.59";"0";"0"
"C";"2015-09-24";"2015-09-25";"33.0201";"95.41";"0.33";"75";"44.03";"114.22";"0";"34.6085";"389.73";"524.59";"0";"0"
"C";"2015-09-23";"2015-09-24";"32.9059";"95.08";"0.36";"75";"43.87";"125.73";"0";"34.6085";"389.73";"524.59";"0";"0"
"C";"2015-09-22";"2015-09-23";"32.7802";"94.72";"0.37";"75";"43.71";"126.73";"0";"34.6085";"389.73";"524.59";"0";"0"
"C";"2015-09-21";"2015-09-22";"32.6535";"94.35";"0.35";"75";"43.54";"122.4";"0";"34.6085";"389.73";"524.59";"0";"0"
"C";"2015-09-20";"2015-09-21";"32.531";"94";"0.39";"75";"43.37";"136.75";"0";"34.6085";"389.73";"524.59";"0";"0"
"C";"2015-09-19";"2015-09-20";"32.3943";"93.6";"0.4";"75";"43.19";"139.46";"0";"34.6085";"389.73";"524.59";"0";"0"
"C";"2015-09-18";"2015-09-19";"32.2548";"93.2";"0.38";"75";"43.01";"131.42";"0";"34.6085";"389.73";"524.59";"0";"0"
"C";"2015-09-17";"2015-09-18";"32.1234";"92.82";"0.4";"75";"42.83";"137.55";"0";"34.6085";"389.73";"524.59";"0";"0"
"C";"2015-09-16";"2015-09-17";"31.9859";"92.42";"0.34";"75";"42.65";"118.41";"1.8";"34.6085";"389.73";"524.59";"0";"0"
"C";"2015-09-15";"2015-09-16";"31.8692";"92.08";"0.38";"75";"42.49";"129.89";"0";"34.6085";"389.73";"524.59";"0";"0"
"C";"2015-09-14";"2015-09-15";"31.7393";"91.71";"0.38";"75";"42.32";"131.53";"0";"34.6085";"389.73";"524.59";"0";"0"
"C";"2015-09-13";"2015-09-14";"31.6078";"91.33";"0.4";"75";"42.14";"137.89";"0";"34.6085";"389.73";"524.59";"0";"0"
"C";"2015-09-12";"2015-09-13";"31.4699";"90.93";"0.36";"75";"41.96";"124.99";"0";"34.6085";"389.73";"524.59";"0";"0"
"C";"2015-09-11";"2015-09-12";"31.3449";"90.57";"0.32";"75";"41.79";"110.09";"0";"34.6085";"389.73";"524.59";"0";"0"
"C";"2015-09-10";"2015-09-11";"31.2348";"90.25";"0.34";"75";"41.65";"116.42";"0";"34.6085";"389.73";"524.59";"0";"0"
"C";"2015-09-09";"2015-09-10";"31.1184";"89.92";"0.36";"75";"41.49";"124.25";"0";"34.6085";"389.73";"524.59";"0";"0"
"C";"2015-09-08";"2015-09-09";"30.9941";"89.56";"0.35";"75";"41.33";"121.04";"0";"34.6085";"389.73";"524.59";"0";"0"
"C";"2015-09-07";"2015-09-08";"30.8731";"89.21";"0.34";"75";"41.16";"117.55";"0";"34.6085";"389.73";"524.59";"0";"0"
"C";"2015-09-06";"2015-09-07";"30.7556";"88.87";"0.34";"75";"41.01";"118.35";"0";"34.6085";"389.73";"524.59";"0";"0"
"C";"2015-09-05";"2015-09-06";"30.6372";"88.52";"0.35";"75";"40.85";"119.58";"0";"34.6085";"389.73";"524.59";"0";"0"
"C";"2015-09-04";"2015-09-05";"30.5176";"88.18";"0.32";"75";"40.69";"125.32";"13.1";"34.6085";"389.73";"524.59";"0";"0"
"C";"2015-09-03";"2015-09-04";"30.4054";"87.86";"0.33";"75";"40.54";"128.09";"13.2";"34.6085";"389.73";"524.59";"0";"0"
"C";"2015-09-02";"2015-09-03";"30.2905";"87.52";"0.32";"75";"40.39";"123.06";"13.1";"34.6085";"389.73";"524.59";"0";"0"
"C";"2015-09-01";"2015-09-02";"30.1805";"87.21";"0.22";"75";"40.24";"89.15";"13.1";"34.6085";"389.73";"524.59";"0";"0"
"C";"2015-08-31";"2015-09-01";"30.1044";"86.99";"0.47";"75";"40.14";"173.22";"11";"34.6085";"389.73";"524.59";"0";"0"
"C";"2015-08-30";"2015-08-31";"29.9422";"86.52";"0.55";"75";"39.92";"202.75";"11";"34.6085";"389.73";"524.59";"0";"0"
"C";"2015-08-29";"2015-08-30";"29.7504";"85.96";"0.54";"75";"39.67";"198.69";"12.1";"34.6085";"389.73";"524.59";"0";"0"
"C";"2015-08-28";"2015-08-29";"29.5638";"85.42";"0.64";"75";"39.42";"231.92";"12.1";"34.6085";"389.73";"524.59";"0";"0"
"C";"2015-08-27";"2015-08-28";"29.3439";"84.79";"0.68";"75";"39.13";"234.77";"0";"34.6085";"389.73";"524.59";"0";"0"
"C";"2015-08-26";"2015-08-27";"29.1092";"84.11";"0.68";"75";"38.81";"236.92";"0";"34.6085";"389.73";"524.59";"0";"0"
"C";"2015-08-25";"2015-08-26";"28.8722";"83.43";"0.63";"75";"38.5";"217.15";"0";"34.6085";"389.73";"524.59";"0";"0"
"C";"2015-08-24";"2015-08-25";"28.6551";"82.8";"0.59";"75";"38.21";"204.03";"0";"34.6085";"389.73";"524.59";"0";"0"
"C";"2015-08-23";"2015-08-24";"28.4511";"82.21";"0.63";"75";"37.93";"219.47";"0";"34.6085";"389.73";"524.59";"0";"0"
"C";"2015-08-22";"2015-08-23";"28.2316";"81.57";"0.63";"75";"37.64";"219.28";"0";"34.6085";"389.73";"524.59";"0";"0"
"C";"2015-08-21";"2015-08-22";"28.0123";"80.94";"0.67";"75";"37.35";"232.27";"0";"34.6085";"389.73";"524.59";"0";"0"
"C";"2015-08-20";"2015-08-21";"27.78";"80.27";"0.68";"75";"37.04";"235.22";"0";"34.6085";"389.73";"524.59";"0";"0"
"C";"2015-08-19";"2015-08-20";"27.5448";"79.59";"0.61";"75";"36.73";"210.78";"0";"34.6085";"389.73";"524.59";"0";"0"
"C";"2015-08-18";"2015-08-19";"27.3341";"78.98";"0.59";"75";"36.45";"205.77";"0";"34.6085";"389.73";"524.59";"0";"0"
"C";"2015-08-17";"2015-08-18";"27.1283";"78.39";"0.62";"75";"36.17";"213";"0";"34.6085";"389.73";"524.59";"0";"0"
"C";"2015-08-16";"2015-08-17";"26.9153";"77.77";"0.66";"75";"35.89";"230.02";"0";"34.6085";"389.73";"524.59";"0";"0"
"C";"2015-08-15";"2015-08-16";"26.6853";"77.11";"0.67";"75";"35.58";"230.88";"0";"34.6085";"389.73";"524.59";"0";"0"
"C";"2015-08-14";"2015-08-15";"26.4544";"76.44";"0.63";"75";"35.27";"218.73";"0";"34.6085";"389.73";"524.59";"0";"0"
"C";"2015-08-13";"2015-08-14";"26.2356";"75.81";"0.59";"75";"34.98";"204.2";"0";"34.6085";"389.73";"524.59";"0";"0"
"C";"2015-08-12";"2015-08-13";"26.0314";"75.22";"0.63";"75";"34.71";"216.71";"0";"34.6085";"389.73";"524.59";"0";"0"
"C";"2015-08-11";"2015-08-12";"25.8147";"74.59";"0.69";"75";"34.42";"240.42";"0";"34.6085";"389.73";"524.59";"0";"0"
"C";"2015-08-10";"2015-08-11";"25.5743";"73.9";"0.59";"75";"34.1";"204.71";"0";"34.6085";"389.73";"524.59";"0";"0"
"C";"2015-08-09";"2015-08-10";"25.3696";"73.3";"0.59";"75";"33.83";"204.8";"0";"34.6085";"389.73";"524.59";"0";"0"
"C";"2015-08-08";"2015-08-09";"25.1648";"72.71";"0.58";"75";"33.55";"200.05";"0";"34.6085";"389.73";"524.59";"0";"0"
"C";"2015-08-07";"2015-08-08";"24.9648";"72.13";"0.63";"75";"33.29";"216.73";"0";"34.6085";"389.73";"524.59";"0";"0"
"C";"2015-08-06";"2015-08-07";"24.748";"71.51";"0.63";"75";"33";"217.41";"0";"34.6085";"389.73";"524.59";"0";"0"
"C";"2015-08-05";"2015-08-06";"24.5306";"70.88";"0.6";"75";"32.71";"209.09";"0";"34.6085";"389.73";"524.59";"0";"0"
"C";"2015-08-04";"2015-08-05";"24.3215";"70.28";"0.53";"75";"32.43";"184.25";"0";"34.6085";"389.73";"524.59";"0";"0"
"C";"2015-08-03";"2015-08-04";"24.1373";"69.74";"0.62";"75";"32.18";"213.76";"0";"34.6085";"389.73";"524.59";"0";"0"
"C";"2015-08-02";"2015-08-03";"23.9235";"69.13";"0.64";"75";"31.9";"221.34";"0";"34.6085";"389.73";"524.59";"0";"0"
"C";"2015-08-01";"2015-08-02";"23.7022";"68.49";"0.57";"75";"31.6";"197.6";"0";"34.6085";"389.73";"524.59";"0";"0"
"C";"2015-07-31";"2015-08-01";"23.5046";"67.92";"0.4";"75";"31.34";"150.84";"10.8";"34.6085";"389.73";"524.59";"0";"0"
"C";"2015-07-30";"2015-07-31";"23.3646";"67.51";"0.45";"75";"31.15";"166.85";"10.9";"34.6085";"389.73";"524.59";"0";"0"
"C";"2015-07-29";"2015-07-30";"23.2086";"67.06";"0.36";"75";"30.94";"141.43";"15.2";"34.6085";"389.73";"524.59";"0";"0"
"C";"2015-07-28";"2015-07-29";"23.0824";"66.7";"0.33";"75";"30.78";"127.49";"12.2";"34.6085";"389.73";"524.59";"0";"0"
"C";"2015-07-27";"2015-07-28";"22.9671";"66.36";"0.43";"75";"30.62";"150.22";"0";"34.6085";"389.73";"524.59";"0";"0"
"C";"2015-07-26";"2015-07-27";"22.8169";"65.93";"0.49";"75";"30.42";"168.34";"0";"34.6085";"389.73";"524.59";"0";"0"
"C";"2015-07-25";"2015-07-26";"22.6485";"65.44";"0.47";"75";"30.2";"161.86";"0";"34.6085";"389.73";"524.59";"0";"0"
"C";"2015-07-24";"2015-07-25";"22.4867";"64.97";"0.42";"75";"29.98";"146.65";"0";"34.6085";"389.73";"524.59";"0";"0"
"C";"2015-07-23";"2015-07-24";"22.34";"64.55";"0.43";"75";"29.79";"148";"0";"34.6085";"389.73";"524.59";"0";"0"
"C";"2015-07-22";"2015-07-23";"22.192";"64.12";"0.4";"75";"29.59";"138.11";"0";"34.6085";"389.73";"524.59";"0";"0"
"C";"2015-07-21";"2015-07-22";"22.0539";"63.72";"0.4";"75";"29.41";"140.06";"0";"34.6085";"389.73";"524.59";"0";"0"
"C";"2015-07-20";"2015-07-21";"21.9138";"63.32";"0.42";"75";"29.22";"143.73";"0";"34.6085";"389.73";"524.59";"0";"0"
"C";"2015-07-19";"2015-07-20";"21.7701";"62.9";"0.55";"75";"29.03";"191.94";"0";"34.6085";"389.73";"524.59";"0";"0"
"C";"2015-07-18";"2015-07-19";"21.5782";"62.35";"0.55";"75";"28.77";"191.06";"0";"34.6085";"389.73";"524.59";"0";"0"
"C";"2015-07-17";"2015-07-18";"21.3871";"61.8";"0.53";"75";"28.52";"182.02";"0";"34.6085";"389.73";"524.59";"0";"0"
"C";"2015-07-16";"2015-07-17";"21.2051";"61.27";"0.56";"75";"28.27";"192.52";"0";"34.6085";"389.73";"524.59";"0";"0"
"C";"2015-07-15";"2015-07-16";"21.0125";"60.71";"0.49";"75";"28.02";"168.34";"0";"34.6085";"389.73";"524.59";"0";"0"
"C";"2015-07-14";"2015-07-15";"20.8442";"60.23";"0.54";"75";"27.79";"187.33";"0";"34.6085";"389.73";"524.59";"0";"0"
"C";"2015-07-13";"2015-07-14";"20.6569";"59.69";"0.53";"75";"27.54";"182.88";"0";"34.6085";"389.73";"524.59";"0";"0"
"C";"2015-07-12";"2015-07-13";"20.474";"59.16";"0.51";"75";"27.3";"177.16";"0";"34.6085";"389.73";"524.59";"0";"0"
"C";"2015-07-11";"2015-07-12";"20.2968";"58.65";"0.52";"75";"27.06";"179.14";"0";"34.6085";"389.73";"524.59";"0";"0"
"C";"2015-07-10";"2015-07-11";"20.1177";"58.13";"0.52";"75";"26.82";"178.88";"0";"34.6085";"389.73";"524.59";"0";"0"
"C";"2015-07-09";"2015-07-10";"19.9388";"57.61";"0.51";"75";"26.59";"177.12";"0";"34.6085";"389.73";"524.59";"0";"0"
"C";"2015-07-08";"2015-07-09";"19.7617";"57.1";"0.46";"75";"26.35";"160.73";"0";"34.6085";"389.73";"524.59";"0";"0"
"C";"2015-07-07";"2015-07-08";"19.601";"56.64";"0.47";"75";"26.13";"163.56";"0";"34.6085";"389.73";"524.59";"0";"0"
"C";"2015-07-06";"2015-07-07";"19.4374";"56.16";"0.52";"75";"25.92";"178.69";"0";"34.6085";"389.73";"524.59";"0";"0"
"C";"2015-07-05";"2015-07-06";"19.2587";"55.65";"0.52";"75";"25.68";"181.04";"0";"34.6085";"389.73";"524.59";"0";"0"
"C";"2015-07-04";"2015-07-05";"19.0777";"55.12";"0.58";"75";"25.44";"199.06";"0";"34.6085";"389.73";"524.59";"0";"0"
"C";"2015-07-03";"2015-07-04";"18.8786";"54.55";"0.56";"75";"25.17";"195.44";"0";"34.6085";"389.73";"524.59";"0";"0"
"C";"2015-07-02";"2015-07-03";"18.6832";"53.98";"0.53";"75";"24.91";"183.63";"0";"34.6085";"389.73";"524.59";"0";"0"
"C";"2015-07-01";"2015-07-02";"18.4996";"53.45";"0.53";"75";"24.67";"183.52";"0";"34.6085";"389.73";"524.59";"0";"0"
"C";"2015-06-30";"2015-07-01";"18.316";"52.92";"0.51";"75";"24.42";"190.23";"12.1";"34.6085";"389.73";"524.59";"0";"0"
"C";"2015-06-29";"2015-06-30";"18.1379";"52.41";"0.51";"75";"24.18";"187.04";"12";"34.6085";"389.73";"524.59";"0";"0"
"C";"2015-06-28";"2015-06-29";"17.9629";"51.9";"0.52";"75";"23.95";"192.15";"10.9";"34.6085";"389.73";"524.59";"0";"0"
"C";"2015-06-27";"2015-06-28";"17.7816";"51.38";"0.54";"75";"23.71";"197.57";"11.4";"34.6085";"389.73";"524.59";"0";"0"
"C";"2015-06-26";"2015-06-27";"17.5955";"50.84";"0.55";"75";"23.46";"189.97";"0";"34.6085";"389.73";"524.59";"0";"0"
"C";"2015-06-25";"2015-06-26";"17.4055";"50.29";"0.56";"75";"23.21";"194.23";"0";"34.6085";"389.73";"524.59";"0";"0"
"C";"2015-06-24";"2015-06-25";"17.2113";"49.73";"0.51";"75";"22.95";"175.87";"0";"34.6085";"389.73";"524.59";"0";"0"
"C";"2015-06-23";"2015-06-24";"17.0354";"49.22";"0.54";"75";"22.71";"187.64";"0";"34.6085";"389.73";"524.59";"0";"0"
"C";"2015-06-22";"2015-06-23";"16.8478";"48.68";"0.54";"75";"22.46";"186.78";"0";"34.6085";"389.73";"524.59";"0";"0"
"C";"2015-06-21";"2015-06-22";"16.661";"48.14";"0.61";"75";"22.21";"212.34";"0";"34.6085";"389.73";"524.59";"0";"0"
"C";"2015-06-20";"2015-06-21";"16.4487";"47.53";"0.57";"75";"21.93";"195.8";"0";"34.6085";"389.73";"524.59";"0";"0"
"C";"2015-06-19";"2015-06-20";"16.2529";"46.96";"0.55";"75";"21.67";"189.77";"0";"34.6085";"389.73";"524.59";"0";"0"
"C";"2015-06-18";"2015-06-19";"16.0631";"46.41";"0.58";"75";"21.42";"202.4";"0";"34.6085";"389.73";"524.59";"0";"0"
"C";"2015-06-17";"2015-06-18";"15.8607";"45.83";"0.6";"75";"21.15";"207.35";"0";"34.6085";"389.73";"524.59";"0";"0"
"C";"2015-06-16";"2015-06-17";"15.6534";"45.23";"0.57";"75";"20.87";"197.75";"0";"34.6085";"389.73";"524.59";"0";"0"
"C";"2015-06-15";"2015-06-16";"15.4556";"44.66";"0.57";"75";"20.61";"198.59";"0";"34.6085";"389.73";"524.59";"0";"0"
"C";"2015-06-14";"2015-06-15";"15.257";"44.08";"0.61";"75";"20.34";"212.57";"0";"34.6085";"389.73";"524.59";"0";"0"
"C";"2015-06-13";"2015-06-14";"15.0445";"43.47";"0.66";"75";"20.06";"226.87";"0";"34.6085";"389.73";"524.59";"0";"0"
"C";"2015-06-12";"2015-06-13";"14.8176";"42.81";"0.59";"75";"19.76";"205.41";"0";"34.6085";"389.73";"524.59";"0";"0"
"C";"2015-06-11";"2015-06-12";"14.6122";"42.22";"0.55";"75";"19.48";"188.89";"0";"34.6085";"389.73";"524.59";"0";"0"
"C";"2015-06-10";"2015-06-11";"14.4233";"41.68";"0.58";"75";"19.23";"199.34";"0";"34.6085";"389.73";"524.59";"0";"0"
"C";"2015-06-09";"2015-06-10";"14.2239";"41.1";"0.61";"75";"18.97";"210.21";"0";"34.6085";"389.73";"524.59";"0";"0"
"C";"2015-06-08";"2015-06-09";"14.0137";"40.49";"0.58";"75";"18.68";"201.53";"0";"34.6085";"389.73";"524.59";"0";"0"
"C";"2015-06-07";"2015-06-08";"13.8122";"39.91";"0.52";"75";"18.42";"179.69";"0";"34.6085";"389.73";"524.59";"0";"0"
"C";"2015-06-06";"2015-06-07";"13.6325";"39.39";"0.63";"75";"18.18";"217.36";"0";"34.6085";"389.73";"524.59";"0";"0"
"C";"2015-06-05";"2015-06-06";"13.4151";"38.76";"0.66";"75";"17.89";"226.84";"0";"34.6085";"389.73";"524.59";"0";"0"
"C";"2015-06-04";"2015-06-05";"13.1883";"38.11";"0.57";"75";"17.58";"197.86";"0";"34.6085";"389.73";"524.59";"0";"0"
"C";"2015-06-03";"2015-06-04";"12.9904";"37.54";"0.54";"75";"17.32";"186.51";"0";"34.6085";"389.73";"524.59";"0";"0"
"C";"2015-06-02";"2015-06-03";"12.8039";"37";"0.65";"75";"17.07";"226.28";"0";"34.6085";"389.73";"524.59";"0";"0"
"C";"2015-06-01";"2015-06-02";"12.5776";"36.34";"0.63";"75";"16.77";"217.59";"0";"34.6085";"389.73";"524.59";"0";"0"
"C";"2015-05-31";"2015-06-01";"12.36";"35.71";"0.44";"75";"16.48";"163.87";"10.6";"34.6085";"389.73";"524.59";"0";"0"
"C";"2015-05-30";"2015-05-31";"12.2068";"35.27";"0.45";"75";"16.28";"166.37";"11.2";"34.6085";"389.73";"524.59";"0";"0"
"C";"2015-05-29";"2015-05-30";"12.0516";"34.82";"0.38";"75";"16.07";"141.9";"10.8";"34.6085";"389.73";"524.59";"0";"0"
"C";"2015-05-28";"2015-05-29";"11.9205";"34.44";"0.32";"75";"15.89";"121.97";"11.4";"34.6085";"389.73";"524.59";"0";"0"
"C";"2015-05-27";"2015-05-28";"11.81";"34.12";"0.31";"75";"15.75";"118.03";"11.2";"34.6085";"389.73";"524.59";"0";"0"
"C";"2015-05-26";"2015-05-27";"11.7032";"33.82";"0.4";"75";"15.6";"138.17";"0";"34.6085";"389.73";"524.59";"0";"0"
"C";"2015-05-25";"2015-05-26";"11.565";"33.42";"0.39";"75";"15.42";"134.21";"0";"34.6085";"389.73";"524.59";"0";"0"
"C";"2015-05-24";"2015-05-25";"11.4308";"33.03";"0.45";"75";"15.24";"155.96";"0";"34.6085";"389.73";"524.59";"0";"0"
"C";"2015-05-23";"2015-05-24";"11.2749";"32.58";"0.42";"75";"15.03";"146.91";"0";"34.6085";"389.73";"524.59";"0";"0"
"C";"2015-05-22";"2015-05-23";"11.1279";"32.15";"0.42";"75";"14.84";"145.9";"0";"34.6085";"389.73";"524.59";"0";"0"
"C";"2015-05-21";"2015-05-22";"10.982";"31.73";"0.41";"75";"14.64";"141.76";"0";"34.6085";"389.73";"524.59";"0";"0"
"C";"2015-05-20";"2015-05-21";"10.8403";"31.32";"0.41";"75";"14.45";"141.52";"0";"34.6085";"389.73";"524.59";"0";"0"
"C";"2015-05-19";"2015-05-20";"10.6988";"30.91";"0.45";"75";"14.27";"157.07";"0";"34.6085";"389.73";"524.59";"0";"0"
"C";"2015-05-18";"2015-05-19";"10.5417";"30.46";"0.44";"75";"14.06";"153.16";"0";"34.6085";"389.73";"524.59";"0";"0"
"C";"2015-05-17";"2015-05-18";"10.3885";"30.02";"0.44";"75";"13.85";"154.06";"0";"34.6085";"389.73";"524.59";"0";"0"
"C";"2015-05-16";"2015-05-17";"10.2345";"29.57";"0.44";"75";"13.65";"152.32";"0";"34.6085";"389.73";"524.59";"0";"0"
"C";"2015-05-15";"2015-05-16";"10.0822";"29.13";"0.41";"75";"13.44";"140.36";"0";"34.6085";"389.73";"524.59";"0";"0"
"C";"2015-05-14";"2015-05-15";"9.9418";"28.73";"0.42";"75";"13.26";"144.47";"0";"34.6085";"389.73";"524.59";"0";"0"
"C";"2015-05-13";"2015-05-14";"9.7973";"28.31";"0.44";"75";"13.06";"153.08";"0";"34.6085";"389.73";"524.59";"0";"0"
"C";"2015-05-12";"2015-05-13";"9.6442";"27.87";"0.42";"75";"12.86";"147.02";"0";"34.6085";"389.73";"524.59";"0";"0"
"C";"2015-05-11";"2015-05-12";"9.4972";"27.44";"0.43";"75";"12.66";"147.22";"0";"34.6085";"389.73";"524.59";"0";"0"
"C";"2015-05-10";"2015-05-11";"9.35";"27.02";"0.47";"75";"12.47";"163.89";"0";"34.6085";"389.73";"524.59";"0";"0"
"C";"2015-05-09";"2015-05-10";"9.1861";"26.54";"0.45";"75";"12.25";"154.73";"0";"34.6085";"389.73";"524.59";"0";"0"
"C";"2015-05-08";"2015-05-09";"9.0314";"26.1";"0.42";"75";"12.04";"146.28";"0";"34.6085";"389.73";"524.59";"0";"0"
"C";"2015-05-07";"2015-05-08";"8.8851";"25.67";"0.42";"75";"11.85";"144.98";"0";"34.6085";"389.73";"524.59";"0";"0"
"C";"2015-05-06";"2015-05-07";"8.7401";"25.25";"0.47";"75";"11.65";"163.36";"0";"34.6085";"389.73";"524.59";"0";"0"
"C";"2015-05-05";"2015-05-06";"8.5768";"24.78";"0.36";"75";"11.44";"124.32";"0";"34.6085";"389.73";"524.59";"0";"0"
"C";"2015-05-04";"2015-05-05";"8.4524";"24.42";"0.4";"75";"11.27";"139.31";"0";"34.6085";"389.73";"524.59";"0";"0"
"C";"2015-05-03";"2015-05-04";"8.3131";"24.02";"0.38";"75";"11.08";"131.53";"0";"34.6085";"389.73";"524.59";"0";"0"
"C";"2015-05-02";"2015-05-03";"8.1816";"23.64";"0.41";"75";"10.91";"140.58";"0";"34.6085";"389.73";"524.59";"0";"0"
"C";"2015-05-01";"2015-05-02";"8.041";"23.23";"0.46";"75";"10.72";"160.87";"0";"34.6085";"389.73";"524.59";"0";"0"
"C";"2015-04-30";"2015-05-01";"7.8802";"22.77";"0.06";"75";"10.51";"21.17";"0";"34.6085";"389.73";"524.59";"0";"0"
"C";"2015-04-29";"2015-04-30";"7.859";"22.71";"0.04";"75";"10.48";"12.61";"0";"34.6085";"389.73";"524.59";"0";"0"
"C";"2015-04-28";"2015-04-29";"7.8464";"22.67";"0.06";"75";"10.46";"19.43";"0";"34.6085";"389.73";"524.59";"0";"0"
"C";"2015-04-27";"2015-04-28";"7.827";"22.62";"0.14";"75";"10.44";"46.74";"0";"34.6085";"389.73";"524.59";"0";"0"
"C";"2015-04-26";"2015-04-27";"7.7802";"22.48";"0.25";"75";"10.37";"86.29";"0";"34.6085";"389.73";"524.59";"0";"0"
"C";"2015-04-25";"2015-04-26";"7.6939";"22.23";"0.25";"75";"10.26";"86.41";"0";"34.6085";"389.73";"524.59";"0";"0"
"C";"2015-04-24";"2015-04-25";"7.6075";"21.98";"0.11";"75";"10.14";"36.48";"0";"34.6085";"389.73";"524.59";"0";"0"
"C";"2015-04-23";"2015-04-24";"7.571";"21.88";"0.09";"75";"10.09";"32.06";"0";"34.6085";"389.73";"524.59";"0";"0"
"C";"2015-04-22";"2015-04-23";"7.539";"21.78";"0.08";"75";"10.05";"26.66";"0";"34.6085";"389.73";"524.59";"0";"0"
"C";"2015-04-21";"2015-04-22";"7.5123";"21.71";"0.04";"75";"10.02";"14.13";"0";"34.6085";"389.73";"524.59";"0";"0"
"C";"2015-04-20";"2015-04-21";"7.4982";"21.67";"0.05";"75";"10";"15.9";"0";"34.6085";"389.73";"524.59";"0";"0"
"C";"2015-04-19";"2015-04-20";"7.4823";"21.62";"0.1";"75";"9.98";"34.48";"0";"34.6085";"389.73";"524.59";"0";"0"
"C";"2015-04-18";"2015-04-19";"7.4478";"21.52";"0.12";"75";"9.93";"41.02";"0";"34.6085";"389.73";"524.59";"0";"0"
"C";"2015-04-17";"2015-04-18";"7.4068";"21.4";"0.1";"75";"9.88";"36.01";"0";"34.6085";"389.73";"524.59";"0";"0"
"C";"2015-04-16";"2015-04-17";"7.3708";"21.3";"0.12";"75";"9.83";"42.49";"0";"34.6085";"389.73";"524.59";"0";"0"
"C";"2015-04-15";"2015-04-16";"7.3283";"21.17";"0.11";"75";"9.77";"38.17";"0";"34.6085";"389.73";"524.59";"0";"0"
"C";"2015-04-14";"2015-04-15";"7.2901";"21.06";"0.09";"75";"9.72";"29.79";"0";"34.6085";"389.73";"524.59";"0";"0"
"C";"2015-04-13";"2015-04-14";"7.2603";"20.98";"0.09";"75";"9.68";"32.25";"0";"34.6085";"389.73";"524.59";"0";"0"
"C";"2015-04-12";"2015-04-13";"7.2281";"20.89";"0.08";"75";"9.64";"26.53";"0";"34.6085";"389.73";"524.59";"0";"0"
"C";"2015-04-11";"2015-04-12";"7.2015";"20.81";"0.06";"75";"9.6";"20.33";"0";"34.6085";"389.73";"524.59";"0";"0"
"C";"2015-04-10";"2015-04-11";"7.1812";"20.75";"-0.01";"75";"9.57";"3.94";"6.1";"34.6085";"389.73";"524.59";"0";"0"
"C";"2015-04-09";"2015-04-10";"7.1833";"20.76";"-0.05";"75";"9.58";"0.7";"17.4";"34.6085";"389.73";"524.59";"0";"0"
"C";"2015-04-08";"2015-04-09";"7.2";"20.8";"-0.08";"75";"9.6";"7.92";"34.9";"34.6085";"389.73";"524.59";"0";"0"
"C";"2015-04-07";"2015-04-08";"7.227";"20.88";"-0.09";"75";"9.64";"0";"30.8";"34.6085";"389.73";"524.59";"0";"0"
"C";"2015-04-06";"2015-04-07";"7.2578";"20.97";"-0.07";"75";"9.68";"6.27";"31.1";"34.6085";"389.73";"524.59";"0";"0"
"C";"2015-04-05";"2015-04-06";"7.2826";"21.04";"-0.02";"75";"9.71";"25.51";"30.9";"34.6085";"389.73";"524.59";"0";"0"
"C";"2015-04-04";"2015-04-05";"7.2879";"21.06";"-0.07";"75";"9.72";"6.31";"31.6";"34.6085";"389.73";"524.59";"0";"0"
"C";"2015-04-03";"2015-04-04";"7.3133";"21.13";"-0.09";"75";"9.75";"0";"31.5";"34.6085";"389.73";"524.59";"0";"0"
"C";"2015-04-02";"2015-04-03";"7.3448";"21.22";"-0.09";"75";"9.79";"0";"32.7";"34.6085";"389.73";"524.59";"0";"0"
"C";"2015-04-01";"2015-04-02";"7.3775";"21.32";"-0.16";"75";"9.84";"0";"54.8";"34.6085";"389.73";"524.59";"0";"0"
"C";"2015-03-31";"2015-04-01";"7.4323";"21.48";"-0.46";"75";"9.91";"0.25";"159.3";"34.6085";"385.21";"519.78";"0";"0"
"C";"2015-03-30";"2015-03-31";"7.5913";"21.93";"-0.46";"75";"10.12";"0";"160.7";"34.6085";"385.21";"519.78";"0";"0"
"C";"2015-03-29";"2015-03-30";"7.752";"22.4";"-0.44";"75";"10.34";"0";"152.5";"34.6085";"385.21";"519.78";"0";"0"
"C";"2015-03-28";"2015-03-29";"7.9045";"22.84";"-0.44";"75";"10.54";"0";"153.8";"34.6085";"385.21";"519.78";"0";"0"
"C";"2015-03-27";"2015-03-28";"8.0583";"23.28";"-0.47";"75";"10.74";"0";"161.3";"34.6085";"385.21";"519.78";"0";"0"
"C";"2015-03-26";"2015-03-27";"8.2196";"23.75";"-0.52";"75";"10.96";"0";"180.5";"34.6085";"385.21";"519.78";"0";"0"
"C";"2015-03-25";"2015-03-26";"8.4001";"24.27";"-0.45";"75";"11.2";"0";"156.3";"34.6085";"385.21";"519.78";"0";"0"
"C";"2015-03-24";"2015-03-25";"8.5564";"24.72";"-0.53";"75";"11.41";"0";"182.6";"34.6085";"385.21";"519.78";"0";"0"
"C";"2015-03-23";"2015-03-24";"8.739";"25.25";"-0.53";"75";"11.65";"0";"183.5";"34.6085";"385.21";"519.78";"0";"0"
"C";"2015-03-22";"2015-03-23";"8.9225";"25.78";"-0.51";"75";"11.9";"0";"178.1";"34.6085";"385.21";"519.78";"0";"0"
"C";"2015-03-21";"2015-03-22";"9.1006";"26.3";"-0.42";"75";"12.13";"0";"146.9";"34.6085";"385.21";"519.78";"0";"0"
"C";"2015-03-20";"2015-03-21";"9.2475";"26.72";"-0.49";"75";"12.33";"5.03";"176.3";"34.6085";"385.21";"519.78";"0";"0"
"C";"2015-03-19";"2015-03-20";"9.4187";"27.22";"-0.52";"75";"12.56";"0";"180.1";"34.6085";"385.21";"519.78";"0";"0"
"C";"2015-03-18";"2015-03-19";"9.5988";"27.74";"-0.54";"75";"12.8";"0";"187.4";"34.6085";"385.21";"519.78";"0";"0"
"C";"2015-03-17";"2015-03-18";"9.7862";"28.28";"-0.56";"75";"13.05";"0";"194.1";"34.6085";"385.21";"519.78";"0";"0"
"C";"2015-03-16";"2015-03-17";"9.9802";"28.84";"-0.57";"75";"13.31";"0";"196.6";"34.6085";"385.21";"519.78";"0";"0"
"C";"2015-03-15";"2015-03-16";"10.1768";"29.41";"-0.55";"75";"13.57";"0";"189.4";"34.6085";"385.21";"519.78";"0";"0"
"C";"2015-03-14";"2015-03-15";"10.3662";"29.95";"-0.54";"75";"13.82";"0";"185.6";"34.6085";"385.21";"519.78";"0";"0"
"C";"2015-03-13";"2015-03-14";"10.5519";"30.49";"-0.56";"75";"14.07";"0";"195.4";"34.6085";"385.21";"519.78";"0";"0"
"C";"2015-03-12";"2015-03-13";"10.7472";"31.05";"-0.58";"75";"14.33";"0";"200.4";"34.6085";"385.21";"519.78";"0";"0"
"C";"2015-03-11";"2015-03-12";"10.9476";"31.63";"-0.59";"75";"14.6";"0";"203.4";"34.6085";"385.21";"519.78";"0";"0"
"C";"2015-03-10";"2015-03-11";"11.1511";"32.22";"-0.5";"75";"14.87";"0";"174.5";"34.6085";"385.21";"519.78";"0";"0"
"C";"2015-03-09";"2015-03-10";"11.3256";"32.72";"-0.5";"75";"15.1";"0";"173.7";"34.6085";"385.21";"519.78";"0";"0"
"C";"2015-03-08";"2015-03-09";"11.4993";"33.23";"-0.42";"75";"15.33";"38.61";"183.6";"34.6085";"385.21";"519.78";"0";"0"
"C";"2015-03-07";"2015-03-08";"11.6443";"33.65";"-0.45";"75";"15.53";"33.96";"190.2";"34.6085";"385.21";"519.78";"0";"0"
"C";"2015-03-06";"2015-03-07";"11.8005";"34.1";"-0.56";"75";"15.73";"0";"195.4";"34.6085";"385.21";"519.78";"0";"0"
"C";"2015-03-05";"2015-03-06";"11.996";"34.66";"-0.62";"75";"15.99";"0";"215.2";"34.6085";"385.21";"519.78";"0";"0"
"C";"2015-03-04";"2015-03-05";"12.2112";"35.28";"-0.66";"75";"16.28";"0";"229.3";"34.6085";"385.21";"519.78";"0";"0"
"C";"2015-03-03";"2015-03-04";"12.4405";"35.95";"-0.62";"75";"16.59";"0";"214.2";"34.6085";"385.21";"519.78";"0";"0"
"C";"2015-03-02";"2015-03-03";"12.6548";"36.57";"-0.56";"75";"16.87";"0";"195.1";"34.6085";"385.21";"519.78";"0";"0"
"C";"2015-03-01";"2015-03-02";"12.8498";"37.13";"-0.67";"75";"17.13";"0";"233.4";"34.6085";"385.21";"519.78";"0";"0"
"C";"2015-02-28";"2015-03-01";"13.0833";"37.8";"-0.69";"75";"17.44";"0";"240.5";"34.6085";"385.21";"519.78";"0";"0"
"C";"2015-02-27";"2015-02-28";"13.3238";"38.5";"-0.66";"75";"17.77";"15.11";"245.2";"34.6085";"385.21";"519.78";"0";"0"
"C";"2015-02-26";"2015-02-27";"13.5538";"39.16";"-0.63";"75";"18.07";"30.34";"248.2";"34.6085";"385.21";"519.78";"0";"0"
"C";"2015-02-25";"2015-02-26";"13.7717";"39.79";"-0.65";"75";"18.36";"30.3";"254.6";"34.6085";"385.21";"519.78";"0";"0"
"C";"2015-02-24";"2015-02-25";"13.996";"40.44";"-0.66";"75";"18.66";"25.58";"253.9";"34.6085";"385.21";"519.78";"0";"0"
"C";"2015-02-23";"2015-02-24";"14.2243";"41.1";"-0.61";"75";"18.97";"0";"211.7";"34.6085";"385.21";"519.78";"0";"0"
"C";"2015-02-22";"2015-02-23";"14.436";"41.71";"-0.65";"75";"19.25";"0";"224.7";"34.6085";"385.21";"519.78";"0";"0"
"C";"2015-02-21";"2015-02-22";"14.6608";"42.36";"-0.66";"75";"19.55";"0";"227.1";"34.6085";"385.21";"519.78";"0";"0"
"C";"2015-02-20";"2015-02-21";"14.8879";"43.02";"-0.7";"75";"19.85";"0";"242.5";"34.6085";"385.21";"519.78";"0";"0"
"C";"2015-02-19";"2015-02-20";"15.1304";"43.72";"-0.79";"75";"20.17";"0";"272.5";"34.6085";"385.21";"519.78";"0";"0"
"C";"2015-02-18";"2015-02-19";"15.4029";"44.51";"-0.79";"75";"20.54";"0";"274";"34.6085";"385.21";"519.78";"0";"0"
"C";"2015-02-17";"2015-02-18";"15.6769";"45.3";"-0.73";"75";"20.9";"0";"251.4";"34.6085";"385.21";"519.78";"0";"0"
"C";"2015-02-16";"2015-02-17";"15.9283";"46.02";"-0.71";"75";"21.24";"0";"246.5";"34.6085";"385.21";"519.78";"0";"0"
"C";"2015-02-15";"2015-02-16";"16.1748";"46.74";"-0.71";"75";"21.57";"0";"245.9";"34.6085";"385.21";"519.78";"0";"0"
"C";"2015-02-14";"2015-02-15";"16.4207";"47.45";"-0.72";"75";"21.89";"0";"248.3";"34.6085";"385.21";"519.78";"0";"0"
"C";"2015-02-13";"2015-02-14";"16.669";"48.16";"-0.77";"75";"22.23";"0";"267";"34.6085";"385.21";"519.78";"0";"0"
"C";"2015-02-12";"2015-02-13";"16.9361";"48.94";"-0.75";"75";"22.58";"0";"260.8";"34.6085";"385.21";"519.78";"0";"0"
"C";"2015-02-11";"2015-02-12";"17.1969";"49.69";"-0.77";"75";"22.93";"0";"265.9";"34.6085";"385.21";"519.78";"0";"0"
"C";"2015-02-10";"2015-02-11";"17.4628";"50.46";"-0.7";"75";"23.28";"0";"242.9";"34.6085";"385.21";"519.78";"0";"0"
"C";"2015-02-09";"2015-02-10";"17.7057";"51.16";"-0.98";"75";"23.61";"0";"339.3";"34.6085";"385.21";"519.78";"0";"0"
"C";"2015-02-08";"2015-02-09";"18.045";"52.14";"-0.91";"75";"24.06";"0";"315.9";"34.6085";"385.21";"519.78";"0";"0"
"C";"2015-02-07";"2015-02-08";"18.361";"53.05";"-0.81";"75";"24.48";"0";"281.4";"34.6085";"385.21";"519.78";"0";"0"
"C";"2015-02-06";"2015-02-07";"18.6423";"53.87";"-0.82";"75";"24.86";"0";"283.5";"34.6085";"385.21";"519.78";"0";"0"
"C";"2015-02-05";"2015-02-06";"18.9258";"54.69";"-0.82";"75";"25.23";"0";"284.3";"34.6085";"385.21";"519.78";"0";"0"
"C";"2015-02-04";"2015-02-05";"19.2101";"55.51";"-0.74";"75";"25.61";"0";"256.7";"34.6085";"385.21";"519.78";"0";"0"
"C";"2015-02-03";"2015-02-04";"19.4668";"56.25";"-0.89";"75";"25.96";"0";"306.8";"34.6085";"385.21";"519.78";"0";"0"
"C";"2015-02-02";"2015-02-03";"19.7736";"57.14";"-0.8";"75";"26.36";"0";"276.5";"34.6085";"385.21";"519.78";"0";"0"
"C";"2015-02-01";"2015-02-02";"20.0502";"57.93";"-0.76";"75";"26.73";"0";"262.4";"34.6085";"385.21";"519.78";"0";"0"
"C";"2015-01-31";"2015-02-01";"20.3126";"58.69";"-0.63";"75";"27.08";"0";"218.5";"34.6085";"385.21";"519.78";"0";"0"
"C";"2015-01-30";"2015-01-31";"20.5311";"59.32";"-0.61";"75";"27.37";"0";"212.7";"34.6085";"385.21";"519.78";"0";"0"
"C";"2015-01-29";"2015-01-30";"20.7438";"59.94";"-0.65";"75";"27.66";"0";"225.4";"34.6085";"385.21";"519.78";"0";"0"
"C";"2015-01-28";"2015-01-29";"20.9692";"60.59";"-0.72";"75";"27.96";"0";"248.8";"34.6085";"385.21";"519.78";"0";"0"
"C";"2015-01-27";"2015-01-28";"21.2181";"61.31";"-0.67";"75";"28.29";"0";"230.8";"34.6085";"385.21";"519.78";"0";"0"
"C";"2015-01-26";"2015-01-27";"21.4488";"61.98";"-0.66";"75";"28.6";"0";"229.3";"34.6085";"385.21";"519.78";"0";"0"
"C";"2015-01-25";"2015-01-26";"21.6781";"62.64";"-0.6";"75";"28.9";"0";"209.1";"34.6085";"385.21";"519.78";"0";"0"
"C";"2015-01-24";"2015-01-25";"21.8872";"63.24";"-0.59";"75";"29.18";"0";"205.5";"34.6085";"385.21";"519.78";"0";"0"
"C";"2015-01-23";"2015-01-24";"22.0927";"63.84";"-0.64";"75";"29.46";"0";"219.9";"34.6085";"385.21";"519.78";"0";"0"
"C";"2015-01-22";"2015-01-23";"22.3126";"64.47";"-0.61";"75";"29.75";"0";"211.2";"34.6085";"385.21";"519.78";"0";"0"
"C";"2015-01-21";"2015-01-22";"22.5239";"65.08";"-0.64";"75";"30.03";"0";"222.9";"34.6085";"385.21";"519.78";"0";"0"
"C";"2015-01-20";"2015-01-21";"22.7467";"65.73";"-0.61";"75";"30.33";"0";"210.6";"34.6085";"385.21";"519.78";"0";"0"
"C";"2015-01-19";"2015-01-20";"22.9573";"66.33";"-0.63";"75";"30.61";"0";"219.6";"34.6085";"385.21";"519.78";"0";"0"
"C";"2015-01-18";"2015-01-19";"23.1769";"66.97";"-0.49";"75";"30.9";"0";"170";"34.6085";"385.21";"519.78";"0";"0"
"C";"2015-01-17";"2015-01-18";"23.3469";"67.46";"-0.43";"75";"31.13";"0";"149.3";"34.6085";"385.21";"519.78";"0";"0"
"C";"2015-01-16";"2015-01-17";"23.4962";"67.89";"-0.53";"75";"31.33";"0";"182.1";"34.6085";"385.21";"519.78";"0";"0"
"C";"2015-01-15";"2015-01-16";"23.6783";"68.42";"-0.58";"75";"31.57";"0";"199.9";"34.6085";"385.21";"519.78";"0";"0"
"C";"2015-01-14";"2015-01-15";"23.8782";"69";"-0.56";"75";"31.84";"0";"192.3";"34.6085";"385.21";"519.78";"0";"0"
"C";"2015-01-13";"2015-01-14";"24.0705";"69.55";"-0.56";"75";"32.09";"0";"193.8";"34.6085";"385.21";"519.78";"0";"0"
"C";"2015-01-12";"2015-01-13";"24.2643";"70.11";"-0.58";"75";"32.35";"0";"199.7";"34.6085";"385.21";"519.78";"0";"0"
"C";"2015-01-11";"2015-01-12";"24.4639";"70.69";"-0.55";"75";"32.62";"28.01";"217.5";"34.6085";"385.21";"519.78";"0";"0"
"C";"2015-01-10";"2015-01-11";"24.6534";"71.24";"-0.43";"75";"32.87";"29.43";"177.8";"34.6085";"385.21";"519.78";"0";"0"
"C";"2015-01-09";"2015-01-10";"24.8018";"71.66";"-0.56";"75";"33.07";"30.66";"223.4";"34.6085";"385.21";"519.78";"0";"0"
"C";"2015-01-08";"2015-01-09";"24.9945";"72.22";"-0.73";"75";"33.33";"30.43";"283";"34.6085";"385.21";"519.78";"0";"0"
"C";"2015-01-07";"2015-01-08";"25.2471";"72.95";"-0.71";"75";"33.66";"30.4";"276.1";"34.6085";"385.21";"519.78";"0";"0"
"C";"2015-01-06";"2015-01-07";"25.4928";"73.66";"-0.65";"75";"33.99";"28.46";"254.6";"34.6085";"385.21";"519.78";"0";"0"
"C";"2015-01-05";"2015-01-06";"25.7189";"74.31";"-0.64";"75";"34.29";"0";"220";"34.6085";"385.21";"519.78";"0";"0"
"C";"2015-01-04";"2015-01-05";"25.939";"74.95";"-0.55";"75";"34.59";"5.41";"195";"34.6085";"385.21";"519.78";"0";"0"
"C";"2015-01-03";"2015-01-04";"26.1285";"75.5";"-0.5";"75";"34.84";"5.87";"179.4";"34.6085";"385.21";"519.78";"0";"0"
"C";"2015-01-02";"2015-01-03";"26.302";"76";"-0.46";"75";"35.07";"3.77";"162.7";"34.6085";"385.21";"519.78";"0";"0"
"C";"2015-01-01";"2015-01-02";"26.461";"76.46";"0";"75";"35.28";"5.94";"176.5";"34.6085";"385.21";"519.78";"0";"0"
"C";"2014-12-31";"2015-01-01";"26.6315";"76.95";"-0.68";"72";"36.99";"0";"234.9";"34.6085";"385.21";"519.78";"0";"0"
"C";"2014-12-30";"2014-12-31";"26.8665";"77.63";"-0.65";"72";"37.31";"0";"223.5";"34.6085";"385.21";"519.78";"0";"0"
"C";"2014-12-29";"2014-12-30";"27.0899";"78.28";"-0.67";"72";"37.62";"0";"232.8";"34.6085";"385.21";"519.78";"0";"0"
"C";"2014-12-28";"2014-12-29";"27.3228";"78.95";"-0.71";"72";"37.95";"0";"245.4";"34.6085";"385.21";"519.78";"0";"0"
"C";"2014-12-27";"2014-12-28";"27.5682";"79.66";"-0.59";"72";"38.29";"0";"205.2";"34.6085";"385.21";"519.78";"0";"0"
"C";"2014-12-26";"2014-12-27";"27.7734";"80.25";"-0.41";"72";"38.57";"5.56";"147";"34.6085";"385.21";"519.78";"0";"0"
"C";"2014-12-25";"2014-12-26";"27.9148";"80.66";"-0.3";"72";"38.77";"6.12";"108.5";"34.6085";"385.21";"519.78";"0";"0"
"C";"2014-12-24";"2014-12-25";"28.0172";"80.95";"-0.31";"72";"38.91";"8.56";"114.7";"34.6085";"385.21";"519.78";"0";"0"
"C";"2014-12-23";"2014-12-24";"28.1233";"81.26";"-0.34";"72";"39.06";"0";"116.8";"34.6085";"385.21";"519.78";"0";"0"
"C";"2014-12-22";"2014-12-23";"28.2402";"81.6";"-0.39";"72";"39.22";"0";"134.4";"34.6085";"385.21";"519.78";"0";"0"
"C";"2014-12-21";"2014-12-22";"28.3746";"81.99";"-0.49";"72";"39.41";"5.27";"173.4";"34.6085";"385.21";"519.78";"0";"0"
"C";"2014-12-20";"2014-12-21";"28.5427";"82.47";"-0.37";"72";"39.64";"12.66";"141.5";"34.6085";"385.21";"519.78";"0";"0"
"C";"2014-12-19";"2014-12-20";"28.6716";"82.85";"-0.37";"72";"39.82";"10.96";"138.6";"34.6085";"385.21";"519.78";"0";"0"
"C";"2014-12-18";"2014-12-19";"28.7992";"83.21";"-0.45";"72";"40";"0";"154.4";"34.6085";"385.21";"519.78";"0";"0"
"C";"2014-12-17";"2014-12-18";"28.9536";"83.66";"-0.52";"72";"40.21";"0";"179.4";"34.6085";"385.21";"519.78";"0";"0"
"C";"2014-12-16";"2014-12-17";"29.1329";"84.18";"-0.44";"72";"40.46";"0";"150.8";"34.6085";"385.21";"519.78";"0";"0"
"C";"2014-12-15";"2014-12-16";"29.2837";"84.61";"-0.51";"72";"40.67";"0";"178";"34.6085";"385.21";"519.78";"0";"0"
"C";"2014-12-14";"2014-12-15";"29.4617";"85.13";"-0.46";"72";"40.92";"0";"157.8";"34.6085";"385.21";"519.78";"0";"0"
"C";"2014-12-13";"2014-12-14";"29.6195";"85.58";"-0.41";"72";"41.14";"0";"141.2";"34.6085";"385.21";"519.78";"0";"0"
"C";"2014-12-12";"2014-12-13";"29.7607";"85.99";"-0.5";"72";"41.33";"0";"171.4";"34.6085";"385.21";"519.78";"0";"0"
"C";"2014-12-11";"2014-12-12";"29.9321";"86.49";"-0.58";"72";"41.57";"0";"202";"34.6085";"385.21";"519.78";"0";"0"
"C";"2014-12-10";"2014-12-11";"30.1341";"87.07";"-0.59";"72";"41.85";"0";"204.4";"34.6085";"385.21";"519.78";"0";"0"
"C";"2014-12-09";"2014-12-10";"30.3385";"87.66";"-0.52";"72";"42.14";"0";"180.7";"34.6085";"385.21";"519.78";"0";"0"
"C";"2014-12-08";"2014-12-09";"30.5192";"88.18";"-0.43";"72";"42.39";"0";"147.1";"34.6085";"385.21";"519.78";"0";"0"
"C";"2014-12-07";"2014-12-08";"30.6663";"88.61";"-0.41";"72";"42.59";"0";"141.5";"34.6085";"385.21";"519.78";"0";"0"
"C";"2014-12-06";"2014-12-07";"30.8078";"89.02";"-0.44";"72";"42.79";"0";"153";"34.6085";"385.21";"519.78";"0";"0"
"C";"2014-12-05";"2014-12-06";"30.9608";"89.46";"-0.45";"72";"43";"0";"155.1";"34.6085";"385.21";"519.78";"0";"0"
"C";"2014-12-04";"2014-12-05";"31.1159";"89.91";"-0.51";"72";"43.22";"0";"178";"34.6085";"385.21";"519.78";"0";"0"
"C";"2014-12-03";"2014-12-04";"31.2939";"90.42";"-0.67";"72";"43.46";"0";"232.7";"34.6085";"385.21";"519.78";"0";"0"
"C";"2014-12-02";"2014-12-03";"31.5266";"91.09";"-0.7";"72";"43.79";"0";"242.8";"34.6085";"385.21";"519.78";"0";"0"
"C";"2014-12-01";"2014-12-02";"31.7693";"91.8";"-0.61";"72";"44.12";"0";"210.7";"34.6085";"385.21";"519.78";"0";"0"
"C";"2014-11-30";"2014-12-01";"31.9801";"92.41";"-0.54";"72";"44.42";"0";"187.6";"34.6085";"385.21";"519.78";"0";"0"
"C";"2014-11-29";"2014-11-30";"32.1677";"92.95";"-0.49";"72";"44.68";"0";"168.6";"34.6085";"385.21";"519.78";"0";"0"
"C";"2014-11-28";"2014-11-29";"32.3362";"93.43";"-0.51";"72";"44.91";"0";"177.5";"34.6085";"385.21";"519.78";"0";"0"
"C";"2014-11-27";"2014-11-28";"32.5138";"93.95";"-0.57";"72";"45.16";"0";"198.8";"34.6085";"385.21";"519.78";"0";"0"
"C";"2014-11-26";"2014-11-27";"32.7126";"94.52";"-0.52";"72";"45.43";"0";"178.5";"34.6085";"385.21";"519.78";"0";"0"
"C";"2014-11-25";"2014-11-26";"32.8911";"95.04";"-0.5";"72";"45.68";"0";"171.9";"34.6085";"385.21";"519.78";"0";"0"
"C";"2014-11-24";"2014-11-25";"33.0631";"95.53";"-0.47";"72";"45.92";"0";"162.1";"34.6085";"385.21";"519.78";"0";"0"
"C";"2014-11-23";"2014-11-24";"33.2252";"96";"-0.33";"72";"46.15";"0";"115.9";"34.6085";"385.21";"519.78";"0";"0"
"C";"2014-11-22";"2014-11-23";"33.341";"96.34";"-0.33";"72";"46.31";"0";"113.9";"34.6085";"385.21";"519.78";"0";"0"
"C";"2014-11-21";"2014-11-22";"33.4549";"96.67";"-0.39";"72";"46.47";"0";"136.5";"34.6085";"385.21";"519.78";"0";"0"
"C";"2014-11-20";"2014-11-21";"33.5914";"97.06";"-0.28";"72";"46.65";"0";"97.5";"34.6085";"385.21";"519.78";"0";"0"
"C";"2014-11-19";"2014-11-20";"33.6888";"97.34";"-0.28";"72";"46.79";"0";"96.8";"34.6085";"385.21";"519.78";"0";"0"
"C";"2014-11-18";"2014-11-19";"33.7857";"97.62";"-0.33";"72";"46.92";"0";"115";"34.6085";"385.21";"519.78";"0";"0"
"C";"2014-11-17";"2014-11-18";"33.9007";"97.95";"-0.2";"72";"47.08";"0";"68";"34.6085";"385.21";"519.78";"0";"0"
"C";"2014-11-16";"2014-11-17";"33.9687";"98.15";"-0.14";"72";"47.18";"0";"49.1";"34.6085";"385.21";"519.78";"0";"0"
"C";"2014-11-15";"2014-11-16";"34.0177";"98.29";"-0.12";"72";"47.25";"0";"40.2";"34.6085";"385.21";"519.78";"0";"0"
"C";"2014-11-14";"2014-11-15";"34.0579";"98.41";"-0.14";"72";"47.3";"0";"48";"34.6085";"385.21";"519.78";"0";"0"
"C";"2014-11-13";"2014-11-14";"34.1059";"98.55";"-0.17";"72";"47.37";"0";"57.3";"34.6085";"385.21";"519.78";"0";"0"
"C";"2014-11-12";"2014-11-13";"34.1632";"98.71";"-0.19";"72";"47.45";"0";"64.3";"34.6085";"385.21";"519.78";"0";"0"
"C";"2014-11-11";"2014-11-12";"34.2275";"98.9";"-0.21";"72";"47.54";"0";"71.5";"34.6085";"385.21";"519.78";"0";"0"
"C";"2014-11-10";"2014-11-11";"34.299";"99.11";"-0.21";"72";"47.64";"10.57";"83.4";"34.6085";"385.21";"519.78";"0";"0"
"C";"2014-11-09";"2014-11-10";"34.3719";"99.32";"-0.08";"72";"47.74";"21.11";"48.7";"34.6085";"385.21";"519.78";"0";"0"
"C";"2014-11-08";"2014-11-09";"34.3995";"99.4";"-0.06";"72";"47.78";"21.12";"40.4";"34.6085";"385.21";"519.78";"0";"0"
"C";"2014-11-07";"2014-11-08";"34.4188";"99.45";"-0.12";"72";"47.8";"10.55";"52.4";"34.6085";"385.21";"519.78";"0";"0"
"C";"2014-11-06";"2014-11-07";"34.4606";"99.57";"-0.1";"72";"47.86";"5.33";"41";"34.6085";"385.21";"519.78";"0";"0"
"C";"2014-11-05";"2014-11-06";"34.4963";"99.68";"-0.16";"72";"47.91";"6.32";"62.3";"34.6085";"385.21";"519.78";"0";"0"
"C";"2014-11-04";"2014-11-05";"34.5523";"99.84";"-0.08";"72";"47.99";"7.45";"35.5";"34.6085";"385.21";"519.78";"0";"0"
"C";"2014-11-03";"2014-11-04";"34.5803";"99.92";"-0.04";"72";"48.03";"2.14";"14.6";"34.6085";"385.21";"519.78";"0";"0"
"C";"2014-11-02";"2014-11-03";"34.5928";"99.95";"-0.04";"72";"48.05";"4";"19.1";"34.6085";"385.21";"519.78";"0";"0"
"C";"2014-11-01";"2014-11-02";"34.608";"100";"-0.12";"72";"48.07";"6.25";"46.8";"34.6085";"385.21";"519.78";"0";"0"
"C";"2014-10-31";"2014-11-01";"34.6485";"100.12";"-0.08";"72";"48.12";"27.17";"54.5";"34.6085";"385.21";"519.78";"0";"0"
"C";"2014-10-30";"2014-10-31";"34.6759";"100.19";"-0.22";"72";"48.16";"0";"77";"34.6085";"385.21";"519.78";"0";"0"
"C";"2014-10-29";"2014-10-30";"34.7528";"100.42";"-0.32";"72";"48.27";"0";"111.4";"34.6085";"385.21";"519.78";"0";"0"
"C";"2014-10-28";"2014-10-29";"34.8642";"100.74";"-0.13";"72";"48.42";"0";"46.4";"34.6085";"385.21";"519.78";"0";"0"
"C";"2014-10-27";"2014-10-28";"34.9106";"100.87";"-0.14";"72";"48.49";"0";"46.8";"34.6085";"385.21";"519.78";"0";"0"
"C";"2014-10-26";"2014-10-27";"34.9574";"101.01";"0.01";"72";"48.55";"4.95";"0.5";"34.6085";"385.21";"519.78";"0";"0"
"C";"2014-10-25";"2014-10-26";"34.9529";"101";"-0.02";"72";"48.55";"0";"6.5";"34.6085";"385.21";"519.78";"0";"0"
"C";"2014-10-24";"2014-10-25";"34.9595";"101.01";"-0.13";"72";"48.55";"3.28";"49.7";"34.6085";"385.21";"519.78";"0";"0"
"C";"2014-10-23";"2014-10-24";"35.0059";"101.15";"-0.15";"72";"48.62";"0.44";"52.5";"34.6085";"385.21";"519.78";"0";"0"
"C";"2014-10-22";"2014-10-23";"35.058";"101.3";"-0.06";"72";"48.69";"4.56";"26.5";"34.6085";"385.21";"519.78";"0";"0"
"C";"2014-10-21";"2014-10-22";"35.0799";"101.36";"-0.04";"72";"48.72";"5.44";"19.8";"34.6085";"385.21";"519.78";"0";"0"
"C";"2014-10-20";"2014-10-21";"35.0942";"101.4";"-0.02";"72";"48.74";"4.22";"11.6";"34.6085";"385.21";"519.78";"0";"0"
"C";"2014-10-19";"2014-10-20";"35.1016";"101.42";"-0.01";"72";"48.75";"0.66";"5.3";"34.6085";"385.21";"519.78";"0";"0"
"C";"2014-10-18";"2014-10-19";"35.1063";"101.44";"-0.04";"72";"48.76";"6.89";"21.2";"34.6085";"385.21";"519.78";"0";"0"
"C";"2014-10-17";"2014-10-18";"35.1206";"101.48";"0.02";"72";"48.78";"8.3";"0";"34.6085";"385.21";"519.78";"0";"0"
"C";"2014-10-16";"2014-10-17";"35.1123";"101.46";"0.05";"72";"48.77";"17.47";"0";"34.6085";"385.21";"519.78";"0";"0"
"C";"2014-10-15";"2014-10-16";"35.0949";"101.41";"0";"72";"48.74";"0.28";"0";"34.6085";"385.21";"519.78";"0";"0"
"C";"2014-10-14";"2014-10-15";"35.0946";"101.4";"0.02";"72";"48.74";"7.89";"0";"34.6085";"385.21";"519.78";"0";"0"
"C";"2014-10-13";"2014-10-14";"35.0867";"101.38";"0.05";"72";"48.73";"16.65";"0";"34.6085";"385.21";"519.78";"0";"0"
"C";"2014-10-12";"2014-10-13";"35.07";"101.33";"0.07";"72";"48.71";"24.53";"0";"34.6085";"385.21";"519.78";"0";"0"
"C";"2014-10-11";"2014-10-12";"35.0455";"101.26";"0.07";"72";"48.67";"24.62";"0";"34.6085";"385.21";"519.78";"0";"0"
"C";"2014-10-10";"2014-10-11";"35.0209";"101.19";"0.07";"72";"48.64";"24.25";"0";"34.6085";"385.21";"519.78";"0";"0"
"C";"2014-10-09";"2014-10-10";"34.9966";"101.12";"0.08";"72";"48.61";"26.28";"0";"34.6085";"385.21";"519.78";"0";"0"
"C";"2014-10-08";"2014-10-09";"34.9703";"101.05";"0.07";"72";"48.57";"24.11";"0";"34.6085";"385.21";"519.78";"0";"0"
"C";"2014-10-07";"2014-10-08";"34.9462";"100.98";"0.04";"72";"48.54";"15.54";"0";"34.6085";"385.21";"519.78";"0";"0"
"C";"2014-10-06";"2014-10-07";"34.9307";"100.93";"0.05";"72";"48.51";"18.46";"0";"34.6085";"385.21";"519.78";"0";"0"
"C";"2014-10-05";"2014-10-06";"34.9122";"100.88";"0.09";"72";"48.49";"29.6";"0";"34.6085";"385.21";"519.78";"0";"0"
"C";"2014-10-04";"2014-10-05";"34.8826";"100.79";"0.11";"72";"48.45";"39.52";"0";"34.6085";"385.21";"519.78";"0";"0"
"C";"2014-10-03";"2014-10-04";"34.8431";"100.68";"0.18";"72";"48.39";"62.68";"0";"34.6085";"385.21";"519.78";"0";"0"
"C";"2014-10-02";"2014-10-03";"34.7804";"100.5";"0.17";"72";"48.31";"59.6";"0";"34.6085";"385.21";"519.78";"0";"0"
"C";"2014-10-01";"2014-10-02";"34.7208";"100.32";"0.07";"72";"48.22";"25.77";"0";"34.6085";"385.21";"519.78";"0";"0"
"C";"2014-09-30";"2014-10-01";"34.695";"100.25";"0.03";"72";"48.19";"12.03";"0";"34.6085";"385.21";"519.78";"0";"0"
"C";"2014-09-29";"2014-09-30";"34.683";"100.22";"0.01";"72";"48.17";"14.54";"11.1";"34.6085";"385.21";"519.78";"0";"0"
"C";"2014-09-28";"2014-09-29";"34.6795";"100.21";"0.05";"72";"48.17";"16.89";"0";"34.6085";"385.21";"519.78";"0";"0"
"C";"2014-09-27";"2014-09-28";"34.6627";"100.16";"0.04";"72";"48.14";"13.73";"0";"34.6085";"385.21";"519.78";"0";"0"
"C";"2014-09-26";"2014-09-27";"34.6489";"100.12";"0.06";"72";"48.12";"33.68";"12";"34.6085";"385.21";"519.78";"0";"0"
"C";"2014-09-25";"2014-09-26";"34.6272";"100.05";"0.01";"72";"48.09";"34.17";"30.2";"34.6085";"385.21";"519.78";"0";"0"
"C";"2014-09-24";"2014-09-25";"34.6232";"100.04";"0.04";"72";"48.09";"45.16";"31";"34.6085";"385.21";"519.78";"0";"0"
"C";"2014-09-23";"2014-09-24";"34.609";"100";"0.01";"72";"48.07";"54.27";"50.8";"34.6085";"385.21";"519.78";"0";"0"
"C";"2014-09-22";"2014-09-23";"34.6056";"99.99";"0.08";"72";"48.06";"51.67";"25.7";"34.6085";"385.21";"519.78";"0";"0"
"C";"2014-09-21";"2014-09-22";"34.5796";"99.92";"0.1";"72";"48.03";"56.35";"20.4";"34.6085";"385.21";"519.78";"0";"0"
"C";"2014-09-20";"2014-09-21";"34.5437";"99.81";"0.08";"72";"47.98";"49.63";"23.4";"34.6085";"385.21";"519.78";"0";"0"
"C";"2014-09-19";"2014-09-20";"34.5174";"99.74";"0.05";"72";"47.94";"51.3";"33.8";"34.6085";"385.21";"519.78";"0";"0"
"C";"2014-09-18";"2014-09-19";"34.4999";"99.69";"0.01";"72";"47.92";"51.35";"48.1";"34.6085";"385.21";"519.78";"0";"0"
"C";"2014-09-17";"2014-09-18";"34.4966";"99.68";"-0.01";"72";"47.91";"29.56";"34.5";"34.6085";"385.21";"519.78";"0";"0"
"C";"2014-09-16";"2014-09-17";"34.5016";"99.69";"-0.01";"72";"47.92";"29.95";"33.8";"34.6085";"385.21";"519.78";"0";"0"
"C";"2014-09-15";"2014-09-16";"34.5054";"99.7";"0.04";"72";"47.92";"33.02";"20";"34.6085";"385.21";"519.78";"0";"0"
"C";"2014-09-14";"2014-09-15";"34.4924";"99.66";"0.1";"72";"47.91";"33.22";"0";"34.6085";"385.21";"519.78";"0";"0"
"C";"2014-09-13";"2014-09-14";"34.4592";"99.57";"0.1";"72";"47.86";"33.74";"0";"34.6085";"385.21";"519.78";"0";"0"
"C";"2014-09-12";"2014-09-13";"34.4255";"99.47";"0";"72";"47.81";"6.21";"7.3";"34.6085";"385.21";"519.78";"0";"0"
"C";"2014-09-11";"2014-09-12";"34.4265";"99.47";"0.09";"72";"47.81";"34.24";"4.6";"34.6085";"385.21";"519.78";"0";"0"
"C";"2014-09-10";"2014-09-11";"34.3969";"99.39";"0.12";"72";"47.77";"40.8";"0.6";"34.6085";"385.21";"519.78";"0";"0"
"C";"2014-09-09";"2014-09-10";"34.3567";"99.27";"0.12";"72";"47.72";"43.17";"0";"34.6085";"385.21";"519.78";"0";"0"
"C";"2014-09-08";"2014-09-09";"34.3135";"99.15";"0.19";"72";"47.66";"66.67";"0";"34.6085";"385.21";"519.78";"0";"0"
"C";"2014-09-07";"2014-09-08";"34.2469";"98.96";"0.14";"72";"47.57";"49.81";"0";"34.6085";"385.21";"519.78";"0";"0"
"C";"2014-09-06";"2014-09-07";"34.1971";"98.81";"0.15";"72";"47.5";"50.42";"0";"34.6085";"385.21";"519.78";"0";"0"
"C";"2014-09-05";"2014-09-06";"34.1466";"98.67";"0.12";"72";"47.43";"40.74";"0";"34.6085";"385.21";"519.78";"0";"0"
"C";"2014-09-04";"2014-09-05";"34.1059";"98.55";"0.08";"72";"47.37";"29.03";"0";"34.6085";"385.21";"519.78";"0";"0"
"C";"2014-09-03";"2014-09-04";"34.0769";"98.46";"0.11";"72";"47.33";"36.68";"0";"34.6085";"385.21";"519.78";"0";"0"
"C";"2014-09-02";"2014-09-03";"34.0402";"98.36";"0.05";"72";"47.28";"17.44";"0";"34.6085";"385.21";"519.78";"0";"0"
"C";"2014-09-01";"2014-09-02";"34.0228";"98.31";"0.05";"72";"47.25";"22.71";"5.7";"34.6085";"385.21";"519.78";"0";"0"
"C";"2014-08-31";"2014-09-01";"34.0058";"98.26";"0.24";"72";"47.23";"82.75";"0";"34.6085";"385.21";"519.78";"0";"0"
"C";"2014-08-30";"2014-08-31";"33.923";"98.02";"0.2";"72";"47.12";"68.18";"0";"34.6085";"385.21";"519.78";"0";"0"
"C";"2014-08-29";"2014-08-30";"33.8548";"97.82";"0.08";"72";"47.02";"27.31";"0";"34.6085";"385.21";"519.78";"0";"0"
"C";"2014-08-28";"2014-08-29";"33.8275";"97.74";"0.05";"72";"46.98";"15.88";"0";"34.6085";"385.21";"519.78";"0";"0"
"C";"2014-08-27";"2014-08-28";"33.8117";"97.7";"0.06";"72";"46.96";"19.78";"0";"34.6085";"385.21";"519.78";"0";"0"
"C";"2014-08-26";"2014-08-27";"33.7919";"97.64";"0.15";"72";"46.93";"51.63";"0";"34.6085";"385.21";"519.78";"0";"0"
"C";"2014-08-25";"2014-08-26";"33.7402";"97.49";"0.14";"72";"46.86";"48.94";"0";"34.6085";"385.21";"519.78";"0";"0"
"C";"2014-08-24";"2014-08-25";"33.6913";"97.35";"0.29";"72";"46.79";"101";"0";"34.6085";"385.21";"519.78";"0";"0"
"C";"2014-08-23";"2014-08-24";"33.5903";"97.06";"0.22";"72";"46.65";"76.44";"0";"34.6085";"385.21";"519.78";"0";"0"
"C";"2014-08-22";"2014-08-23";"33.5139";"96.84";"0.24";"72";"46.55";"81.39";"0";"34.6085";"385.21";"519.78";"0";"0"
"C";"2014-08-21";"2014-08-22";"33.4325";"96.6";"0.17";"72";"46.43";"70.81";"12.1";"34.6085";"385.21";"519.78";"0";"0"
"C";"2014-08-20";"2014-08-21";"33.3737";"96.43";"0.18";"72";"46.35";"74.25";"12.2";"34.6085";"385.21";"519.78";"0";"0"
"C";"2014-08-19";"2014-08-20";"33.3116";"96.25";"0.27";"72";"46.27";"106.59";"12.1";"34.6085";"385.21";"519.78";"0";"0"
"C";"2014-08-18";"2014-08-19";"33.2171";"95.98";"0.23";"72";"46.13";"92.58";"12.2";"34.6085";"385.21";"519.78";"0";"0"
"C";"2014-08-17";"2014-08-18";"33.1367";"95.75";"0.31";"72";"46.02";"107.61";"0";"34.6085";"385.21";"519.78";"0";"0"
"C";"2014-08-16";"2014-08-17";"33.0291";"95.44";"0.31";"72";"45.87";"108.38";"0";"34.6085";"385.21";"519.78";"0";"0"
"C";"2014-08-15";"2014-08-16";"32.9207";"95.12";"0.33";"72";"45.72";"113.03";"0";"34.6085";"385.21";"519.78";"0";"0"
"C";"2014-08-14";"2014-08-15";"32.8077";"94.8";"0.3";"72";"45.57";"104.46";"0";"34.6085";"385.21";"519.78";"0";"0"
"C";"2014-08-13";"2014-08-14";"32.7032";"94.49";"0.38";"72";"45.42";"130.16";"0";"34.6085";"385.21";"519.78";"0";"0"
"C";"2014-08-12";"2014-08-13";"32.573";"94.12";"0.38";"72";"45.24";"131.53";"0";"34.6085";"385.21";"519.78";"0";"0"
"C";"2014-08-11";"2014-08-12";"32.4415";"93.74";"0.37";"72";"45.06";"126.5";"0";"34.6085";"385.21";"519.78";"0";"0"
"C";"2014-08-10";"2014-08-11";"32.315";"93.37";"0.35";"72";"44.88";"122.17";"0";"34.6085";"385.21";"519.78";"0";"0"
"C";"2014-08-09";"2014-08-10";"32.1929";"93.02";"0.37";"72";"44.71";"129.4";"0";"34.6085";"385.21";"519.78";"0";"0"
"C";"2014-08-08";"2014-08-09";"32.0635";"92.65";"0.35";"72";"44.53";"120.94";"0";"34.6085";"385.21";"519.78";"0";"0"
"C";"2014-08-07";"2014-08-08";"31.9425";"92.3";"0.31";"72";"44.36";"106.88";"0";"34.6085";"385.21";"519.78";"0";"0"
"C";"2014-08-06";"2014-08-07";"31.8356";"91.99";"0.39";"72";"44.22";"133.63";"0";"34.6085";"385.21";"519.78";"0";"0"
"C";"2014-08-05";"2014-08-06";"31.702";"91.6";"0.33";"72";"44.03";"115.4";"2.1";"34.6085";"385.21";"519.78";"0";"0"
"C";"2014-08-04";"2014-08-05";"31.5887";"91.27";"0.29";"72";"43.87";"122.26";"20.5";"34.6085";"385.21";"519.78";"0";"0"
"C";"2014-08-03";"2014-08-04";"31.4869";"90.98";"0.37";"72";"43.73";"148.66";"20.5";"34.6085";"385.21";"519.78";"0";"0"
"C";"2014-08-02";"2014-08-03";"31.3588";"90.61";"0.37";"72";"43.55";"149.41";"20.5";"34.6085";"385.21";"519.78";"0";"0"
"C";"2014-08-01";"2014-08-02";"31.23";"90.24";"0.36";"72";"43.38";"145.16";"20.6";"34.6085";"385.21";"519.78";"0";"0"
"C";"2014-07-31";"2014-08-01";"31.1054";"89.88";"0.36";"72";"43.2";"144.44";"20.6";"34.6085";"385.21";"519.78";"0";"0"
"C";"2014-07-30";"2014-07-31";"30.9815";"89.52";"0.37";"72";"43.03";"147.52";"18.2";"34.6085";"385.21";"519.78";"0";"0"
"C";"2014-07-29";"2014-07-30";"30.8522";"89.15";"0.41";"72";"42.85";"142.87";"0";"34.6085";"385.21";"519.78";"0";"0"
"C";"2014-07-28";"2014-07-29";"30.7093";"88.73";"0.43";"72";"42.65";"150.19";"0";"34.6085";"385.21";"519.78";"0";"0"
"C";"2014-07-27";"2014-07-28";"30.5591";"88.3";"0.44";"72";"42.44";"150.72";"0";"34.6085";"385.21";"519.78";"0";"0"
"C";"2014-07-26";"2014-07-27";"30.4084";"87.86";"0.41";"72";"42.23";"140.89";"0";"34.6085";"385.21";"519.78";"0";"0"
"C";"2014-07-25";"2014-07-26";"30.2675";"87.46";"0.38";"72";"42.04";"132.73";"0";"34.6085";"385.21";"519.78";"0";"0"
"C";"2014-07-24";"2014-07-25";"30.1348";"87.07";"0.34";"72";"41.85";"117.43";"0";"34.6085";"385.21";"519.78";"0";"0"
"C";"2014-07-23";"2014-07-24";"30.0173";"86.73";"0.4";"72";"41.69";"138.21";"0";"34.6085";"385.21";"519.78";"0";"0"
"C";"2014-07-22";"2014-07-23";"29.8791";"86.33";"0.37";"72";"41.5";"128.23";"0";"34.6085";"385.21";"519.78";"0";"0"
"C";"2014-07-21";"2014-07-22";"29.7509";"85.96";"0.47";"72";"41.32";"162.68";"0";"34.6085";"385.21";"519.78";"0";"0"
"C";"2014-07-20";"2014-07-21";"29.5882";"85.49";"0.46";"72";"41.09";"160.16";"0";"34.6085";"385.21";"519.78";"0";"0"
"C";"2014-07-19";"2014-07-20";"29.4281";"85.03";"0.44";"72";"40.87";"153.44";"0";"34.6085";"385.21";"519.78";"0";"0"
"C";"2014-07-18";"2014-07-19";"29.2746";"84.59";"0.38";"72";"40.66";"130.94";"0";"34.6085";"385.21";"519.78";"0";"0"
"C";"2014-07-17";"2014-07-18";"29.1437";"84.21";"0.45";"72";"40.48";"155.52";"0";"34.6085";"385.21";"519.78";"0";"0"
"C";"2014-07-16";"2014-07-17";"28.9882";"83.76";"0.48";"72";"40.26";"165.96";"0";"34.6085";"385.21";"519.78";"0";"0"
"C";"2014-07-15";"2014-07-16";"28.8222";"83.28";"0.49";"72";"40.03";"168.29";"0.4";"34.6085";"385.21";"519.78";"0";"0"
"C";"2014-07-14";"2014-07-15";"28.6543";"82.8";"0.35";"72";"39.8";"148.85";"26.8";"34.6085";"385.21";"519.78";"0";"0"
"C";"2014-07-13";"2014-07-14";"28.5323";"82.44";"0.37";"72";"39.63";"142.62";"12.9";"34.6085";"385.21";"519.78";"0";"0"
"C";"2014-07-12";"2014-07-13";"28.4026";"82.07";"0.38";"72";"39.45";"145.17";"14.8";"34.6085";"385.21";"519.78";"0";"0"
"C";"2014-07-11";"2014-07-12";"28.2721";"81.69";"0.37";"72";"39.27";"142.97";"16.5";"34.6085";"385.21";"519.78";"0";"0"
"C";"2014-07-10";"2014-07-11";"28.1456";"81.33";"0.35";"72";"39.09";"129.78";"7.7";"34.6085";"385.21";"519.78";"0";"0"
"C";"2014-07-09";"2014-07-10";"28.0236";"80.97";"0.45";"72";"38.92";"155.83";"0";"34.6085";"385.21";"519.78";"0";"0"
"C";"2014-07-08";"2014-07-09";"27.8677";"80.52";"0.42";"72";"38.71";"143.72";"0";"34.6085";"385.21";"519.78";"0";"0"
"C";"2014-07-07";"2014-07-08";"27.724";"80.11";"0.37";"72";"38.51";"128.3";"0";"34.6085";"385.21";"519.78";"0";"0"
"C";"2014-07-06";"2014-07-07";"27.5957";"79.74";"0.46";"72";"38.33";"157.94";"0";"34.6085";"385.21";"519.78";"0";"0"
"C";"2014-07-05";"2014-07-06";"27.4378";"79.28";"0.36";"72";"38.11";"137.35";"13";"34.6085";"385.21";"519.78";"0";"0"
"C";"2014-07-04";"2014-07-05";"27.3134";"78.92";"0.39";"72";"37.94";"148.31";"13.1";"34.6085";"385.21";"519.78";"0";"0"
"C";"2014-07-03";"2014-07-04";"27.1782";"78.53";"0.41";"72";"37.75";"158.23";"16.3";"34.6085";"385.21";"519.78";"0";"0"
"C";"2014-07-02";"2014-07-03";"27.0363";"78.12";"0.4";"72";"37.55";"138.24";"0";"34.6085";"385.21";"519.78";"0";"0"
"C";"2014-07-01";"2014-07-02";"26.898";"77.72";"0.38";"72";"37.36";"133.23";"0";"34.6085";"385.21";"519.78";"0";"0"
"C";"2014-06-30";"2014-07-01";"26.7648";"77.34";"0.26";"72";"37.17";"88.5";"0";"34.6085";"385.21";"519.78";"0";"0"
"C";"2014-06-29";"2014-06-30";"26.6763";"77.08";"0.3";"72";"37.05";"105.36";"0";"34.6085";"385.21";"519.78";"0";"0"
"C";"2014-06-28";"2014-06-29";"26.5709";"76.78";"0.31";"72";"36.9";"105.59";"0";"34.6085";"385.21";"519.78";"0";"0"
"C";"2014-06-27";"2014-06-28";"26.4653";"76.47";"0.26";"72";"36.76";"89.19";"0";"34.6085";"385.21";"519.78";"0";"0"
"C";"2014-06-26";"2014-06-27";"26.3762";"76.21";"0.23";"72";"36.63";"78.84";"0";"34.6085";"385.21";"519.78";"0";"0"
"C";"2014-06-25";"2014-06-26";"26.2973";"75.99";"0.22";"72";"36.52";"74.67";"0";"34.6085";"385.21";"519.78";"0";"0"
"C";"2014-06-24";"2014-06-25";"26.2226";"75.77";"0.17";"72";"36.42";"75.07";"16.2";"34.6085";"385.21";"519.78";"0";"0"
"C";"2014-06-23";"2014-06-24";"26.1637";"75.6";"0.34";"72";"36.34";"118.17";"0";"34.6085";"385.21";"519.78";"0";"0"
"C";"2014-06-22";"2014-06-23";"26.0456";"75.26";"0.46";"72";"36.17";"160.42";"0";"34.6085";"385.21";"519.78";"0";"0"
"C";"2014-06-21";"2014-06-22";"25.8851";"74.79";"0.41";"72";"35.95";"143.61";"0";"34.6085";"385.21";"519.78";"0";"0"
"C";"2014-06-20";"2014-06-21";"25.7415";"74.38";"0.27";"72";"35.75";"107.45";"15";"34.6085";"385.21";"519.78";"0";"0"
"C";"2014-06-19";"2014-06-20";"25.6491";"74.11";"0.37";"72";"35.62";"126.55";"0";"34.6085";"385.21";"519.78";"0";"0"
"C";"2014-06-18";"2014-06-19";"25.5225";"73.75";"0.39";"72";"35.45";"135.49";"0";"34.6085";"385.21";"519.78";"0";"0"
"C";"2014-06-17";"2014-06-18";"25.387";"73.35";"0.4";"72";"35.26";"139.24";"0";"34.6085";"385.21";"519.78";"0";"0"
"C";"2014-06-16";"2014-06-17";"25.2478";"72.95";"0.56";"72";"35.07";"192.14";"0";"34.6085";"385.21";"519.78";"0";"0"
"C";"2014-06-15";"2014-06-16";"25.0556";"72.4";"0.58";"72";"34.8";"201.92";"0";"34.6085";"385.21";"519.78";"0";"0"
"C";"2014-06-14";"2014-06-15";"24.8537";"71.81";"0.55";"72";"34.52";"190.83";"0";"34.6085";"385.21";"519.78";"0";"0"
"C";"2014-06-13";"2014-06-14";"24.6629";"71.26";"0.44";"72";"34.25";"153.13";"0";"34.6085";"385.21";"519.78";"0";"0"
"C";"2014-06-12";"2014-06-13";"24.5098";"70.82";"0.51";"72";"34.04";"178.1";"0";"34.6085";"385.21";"519.78";"0";"0"
"C";"2014-06-11";"2014-06-12";"24.3317";"70.31";"0.34";"72";"33.79";"137.04";"18.1";"34.6085";"385.21";"519.78";"0";"0"
"C";"2014-06-10";"2014-06-11";"24.2127";"69.96";"0.44";"72";"33.63";"153.79";"0";"34.6085";"385.21";"519.78";"0";"0"
"C";"2014-06-09";"2014-06-10";"24.0589";"69.52";"0.55";"72";"33.42";"191.76";"0";"34.6085";"385.21";"519.78";"0";"0"
"C";"2014-06-08";"2014-06-09";"23.8672";"68.96";"0.5";"72";"33.15";"174.27";"0";"34.6085";"385.21";"519.78";"0";"0"
"C";"2014-06-07";"2014-06-08";"23.6929";"68.46";"0.52";"72";"32.91";"179.98";"0";"34.6085";"385.21";"519.78";"0";"0"
"C";"2014-06-06";"2014-06-07";"23.5129";"67.94";"0.38";"72";"32.66";"130.57";"0";"34.6085";"385.21";"519.78";"0";"0"
"C";"2014-06-05";"2014-06-06";"23.3824";"67.56";"0.32";"72";"32.48";"110.54";"0";"34.6085";"385.21";"519.78";"0";"0"
"C";"2014-06-04";"2014-06-05";"23.2718";"67.24";"0.34";"72";"32.32";"117.69";"0.1";"34.6085";"385.21";"519.78";"0";"0"
"C";"2014-06-03";"2014-06-04";"23.1542";"66.9";"0.31";"72";"32.16";"124.88";"16.2";"34.6085";"385.21";"519.78";"0";"0"
"C";"2014-06-02";"2014-06-03";"23.0456";"66.59";"0.46";"72";"32.01";"157.41";"0";"34.6085";"385.21";"519.78";"0";"0"
"C";"2014-06-01";"2014-06-02";"22.8881";"66.13";"0.54";"72";"31.79";"185.63";"0";"34.6085";"385.21";"519.78";"0";"0"
"C";"2014-05-31";"2014-06-01";"22.7025";"65.6";"0.67";"72";"31.53";"230.91";"0";"34.6085";"385.21";"519.78";"0";"0"
"C";"2014-05-30";"2014-05-31";"22.4716";"64.93";"0.64";"72";"31.21";"223.02";"0";"34.6085";"385.21";"519.78";"0";"0"
"C";"2014-05-29";"2014-05-30";"22.2486";"64.29";"0.65";"72";"30.9";"225.45";"0";"34.6085";"385.21";"519.78";"0";"0"
"C";"2014-05-28";"2014-05-29";"22.0231";"63.63";"0.61";"72";"30.59";"210.71";"0";"34.6085";"385.21";"519.78";"0";"0"
"C";"2014-05-27";"2014-05-28";"21.8124";"63.03";"0.52";"72";"30.3";"180.13";"0";"34.6085";"385.21";"519.78";"0";"0"
"C";"2014-05-26";"2014-05-27";"21.6323";"62.51";"0.62";"72";"30.04";"212.88";"0";"34.6085";"385.21";"519.78";"0";"0"
"C";"2014-05-25";"2014-05-26";"21.4194";"61.89";"0.68";"72";"29.75";"236.49";"0";"34.6085";"385.21";"519.78";"0";"0"
"C";"2014-05-24";"2014-05-25";"21.1829";"61.21";"0.68";"72";"29.42";"237.03";"0";"34.6085";"385.21";"519.78";"0";"0"
"C";"2014-05-23";"2014-05-24";"20.9459";"60.52";"0.62";"72";"29.09";"215.05";"0";"34.6085";"385.21";"519.78";"0";"0"
"C";"2014-05-22";"2014-05-23";"20.7308";"59.9";"0.56";"72";"28.79";"195.49";"0";"34.6085";"385.21";"519.78";"0";"0"
"C";"2014-05-21";"2014-05-22";"20.5353";"59.34";"0.52";"72";"28.52";"179.73";"0";"34.6085";"385.21";"519.78";"0";"0"
"C";"2014-05-20";"2014-05-21";"20.3556";"58.82";"0.68";"72";"28.27";"235.46";"0";"34.6085";"385.21";"519.78";"0";"0"
"C";"2014-05-19";"2014-05-20";"20.1201";"58.14";"0.63";"72";"27.94";"216.94";"0";"34.6085";"385.21";"519.78";"0";"0"
"C";"2014-05-18";"2014-05-19";"19.9032";"57.51";"0.65";"72";"27.64";"225.13";"0";"34.6085";"385.21";"519.78";"0";"0"
"C";"2014-05-17";"2014-05-18";"19.6781";"56.86";"0.6";"72";"27.33";"206.38";"0";"34.6085";"385.21";"519.78";"0";"0"
"C";"2014-05-16";"2014-05-17";"19.4717";"56.26";"0.46";"72";"27.04";"157.51";"0";"34.6085";"385.21";"519.78";"0";"0"
"C";"2014-05-15";"2014-05-16";"19.3142";"55.81";"0.27";"72";"26.83";"109.44";"15.9";"34.6085";"385.21";"519.78";"0";"0"
"C";"2014-05-14";"2014-05-15";"19.2207";"55.54";"0.26";"72";"26.7";"115.54";"24.6";"34.6085";"385.21";"519.78";"0";"0"
"C";"2014-05-13";"2014-05-14";"19.1297";"55.27";"0.34";"72";"26.57";"130.81";"11.8";"34.6085";"385.21";"519.78";"0";"0"
"C";"2014-05-12";"2014-05-13";"19.0107";"54.93";"0.48";"72";"26.4";"166.86";"0";"34.6085";"385.21";"519.78";"0";"0"
"C";"2014-05-11";"2014-05-12";"18.8438";"54.45";"0.5";"72";"26.17";"173";"0";"34.6085";"385.21";"519.78";"0";"0"
"C";"2014-05-10";"2014-05-11";"18.6708";"53.95";"0.56";"72";"25.93";"194.4";"0";"34.6085";"385.21";"519.78";"0";"0"
"C";"2014-05-09";"2014-05-10";"18.4764";"53.39";"0.57";"72";"25.66";"196.51";"0";"34.6085";"385.21";"519.78";"0";"0"
"C";"2014-05-08";"2014-05-09";"18.2799";"52.82";"0.58";"72";"25.39";"202.13";"0";"34.6085";"385.21";"519.78";"0";"0"
"C";"2014-05-07";"2014-05-08";"18.0778";"52.24";"0.48";"72";"25.11";"167.52";"0";"34.6085";"385.21";"519.78";"0";"0"
"C";"2014-05-06";"2014-05-07";"17.9103";"51.75";"0.29";"72";"24.88";"99.42";"0";"34.6085";"385.21";"519.78";"0";"0"
"C";"2014-05-05";"2014-05-06";"17.8108";"51.46";"0.2";"72";"24.74";"78.6";"8.8";"34.6085";"385.21";"519.78";"0";"0"
"C";"2014-05-04";"2014-05-05";"17.741";"51.26";"0.39";"72";"24.64";"134.98";"0";"34.6085";"385.21";"519.78";"0";"0"
"C";"2014-05-03";"2014-05-04";"17.606";"50.87";"0.42";"72";"24.45";"144.02";"0";"34.6085";"385.21";"519.78";"0";"0"
"C";"2014-05-02";"2014-05-03";"17.462";"50.46";"0.56";"72";"24.25";"195.38";"0";"34.6085";"385.21";"519.78";"0";"0"
"C";"2014-05-01";"2014-05-02";"17.2666";"49.89";"0.6";"72";"23.98";"206.6";"0";"34.6085";"385.21";"519.78";"0";"0"
"C";"2014-04-30";"2014-05-01";"17.06";"49.29";"0.42";"72";"23.69";"144.93";"0";"34.6085";"385.21";"519.78";"0";"0"
"C";"2014-04-29";"2014-04-30";"16.9151";"48.88";"0.4";"72";"23.49";"140.11";"0";"34.6085";"385.21";"519.78";"0";"0"
"C";"2014-04-28";"2014-04-29";"16.775";"48.47";"0.47";"72";"23.3";"160.99";"0";"34.6085";"385.21";"519.78";"0";"0"
"C";"2014-04-27";"2014-04-28";"16.614";"48.01";"0.61";"72";"23.08";"210.2";"0";"34.6085";"385.21";"519.78";"0";"0"
"C";"2014-04-26";"2014-04-27";"16.4038";"47.4";"0.58";"72";"22.78";"199.77";"0";"34.6085";"385.21";"519.78";"0";"0"
"C";"2014-04-25";"2014-04-26";"16.204";"46.82";"0.42";"72";"22.51";"144.85";"0";"34.6085";"385.21";"519.78";"0";"0"
"C";"2014-04-24";"2014-04-25";"16.0592";"46.4";"0.4";"72";"22.3";"136.82";"0";"34.6085";"385.21";"519.78";"0";"0"
"C";"2014-04-23";"2014-04-24";"15.9224";"46.01";"0.37";"72";"22.11";"128.38";"0";"34.6085";"385.21";"519.78";"0";"0"
"C";"2014-04-22";"2014-04-23";"15.794";"45.64";"0.26";"72";"21.94";"91.43";"0";"34.6085";"385.21";"519.78";"0";"0"
"C";"2014-04-21";"2014-04-22";"15.7026";"45.37";"0.4";"72";"21.81";"136.75";"0";"34.6085";"385.21";"519.78";"0";"0"
"C";"2014-04-20";"2014-04-21";"15.5658";"44.98";"0.39";"72";"21.62";"136.7";"0";"34.6085";"385.21";"519.78";"0";"0"
"C";"2014-04-19";"2014-04-20";"15.4291";"44.58";"0.37";"72";"21.43";"126.75";"0";"34.6085";"385.21";"519.78";"0";"0"
"C";"2014-04-18";"2014-04-19";"15.3024";"44.22";"0.3";"72";"21.25";"103.45";"0";"34.6085";"385.21";"519.78";"0";"0"
"C";"2014-04-17";"2014-04-18";"15.1989";"43.92";"0.14";"72";"21.11";"49.97";"0";"34.6085";"385.21";"519.78";"0";"0"
"C";"2014-04-16";"2014-04-17";"15.1489";"43.77";"0.04";"72";"21.04";"14.32";"0";"34.6085";"385.21";"519.78";"0";"0"
"C";"2014-04-15";"2014-04-16";"15.1346";"43.73";"0";"72";"21.02";"7.41";"8.6";"34.6085";"385.21";"519.78";"0";"0"
"C";"2014-04-14";"2014-04-15";"15.1358";"43.73";"0.15";"72";"21.02";"68.84";"18.3";"34.6085";"385.21";"519.78";"0";"0"
"C";"2014-04-13";"2014-04-14";"15.0852";"43.59";"0.21";"72";"20.95";"82.01";"8.7";"34.6085";"385.21";"519.78";"0";"0"
"C";"2014-04-12";"2014-04-13";"15.0118";"43.38";"0.19";"72";"20.85";"76.01";"8.6";"34.6085";"385.21";"519.78";"0";"0"
"C";"2014-04-11";"2014-04-12";"14.9445";"43.18";"0.11";"72";"20.76";"62.16";"23.9";"34.6085";"385.21";"519.78";"0";"0"
"C";"2014-04-10";"2014-04-11";"14.9062";"43.07";"0.11";"72";"20.7";"64.05";"25.9";"34.6085";"385.21";"519.78";"0";"0"
"C";"2014-04-09";"2014-04-10";"14.868";"42.96";"0.22";"72";"20.65";"104.97";"27.3";"34.6085";"385.21";"519.78";"0";"0"
"C";"2014-04-08";"2014-04-09";"14.7904";"42.74";"0.25";"72";"20.54";"104.35";"17.9";"34.6085";"385.21";"519.78";"0";"0"
"C";"2014-04-07";"2014-04-08";"14.7039";"42.49";"0.3";"72";"20.42";"119.64";"15.5";"34.6085";"385.21";"519.78";"0";"0"
"C";"2014-04-06";"2014-04-07";"14.5998";"42.19";"0.35";"72";"20.28";"119.41";"0";"34.6085";"385.21";"519.78";"0";"0"
"C";"2014-04-05";"2014-04-06";"14.4804";"41.84";"0.34";"72";"20.11";"117.56";"0";"34.6085";"385.21";"519.78";"0";"0"
"C";"2014-04-04";"2014-04-05";"14.3628";"41.5";"0.3";"72";"19.95";"102.59";"0";"34.6085";"385.21";"519.78";"0";"0"
"C";"2014-04-03";"2014-04-04";"14.2602";"41.2";"0.27";"72";"19.81";"93.66";"0";"34.6085";"385.21";"519.78";"0";"0"
"C";"2014-04-02";"2014-04-03";"14.1666";"40.93";"0.18";"72";"19.68";"61.72";"0";"34.6085";"385.21";"519.78";"0";"0"
"C";"2014-04-01";"2014-04-02";"14.1048";"40.76";"0.14";"72";"19.59";"50.56";"0.9";"34.6085";"385.21";"519.78";"0";"0"
"C";"2014-03-31";"2014-04-01";"14.0551";"40.61";"-0.08";"72";"19.52";"0";"27.1";"34.6085";"385.21";"519.78";"0";"0"
"C";"2014-03-30";"2014-03-31";"14.0822";"40.69";"-0.08";"72";"19.56";"0";"27.8";"34.6085";"385.21";"519.78";"0";"0"
"C";"2014-03-29";"2014-03-30";"14.11";"40.77";"-0.01";"72";"19.6";"0";"4.6";"34.6085";"385.21";"519.78";"0";"0"
"C";"2014-03-28";"2014-03-29";"14.1146";"40.78";"-0.08";"72";"19.6";"0";"28.1";"34.6085";"385.21";"519.78";"0";"0"
"C";"2014-03-27";"2014-03-28";"14.1427";"40.86";"-0.09";"72";"19.64";"0";"32.4";"34.6085";"385.21";"519.78";"0";"0"
"C";"2014-03-26";"2014-03-27";"14.1751";"40.96";"-0.12";"72";"19.69";"0";"42.5";"34.6085";"385.21";"519.78";"0";"0"
"C";"2014-03-25";"2014-03-26";"14.2176";"41.08";"-0.19";"72";"19.75";"0";"66.4";"34.6085";"385.21";"519.78";"0";"0"
"C";"2014-03-24";"2014-03-25";"14.284";"41.27";"-0.21";"72";"19.84";"0";"72.1";"34.6085";"385.21";"519.78";"0";"0"
"C";"2014-03-23";"2014-03-24";"14.3562";"41.48";"-0.05";"72";"19.94";"0";"15.7";"34.6085";"385.21";"519.78";"0";"0"
"C";"2014-03-22";"2014-03-23";"14.3719";"41.53";"-0.03";"72";"19.96";"0";"12.1";"34.6085";"385.21";"519.78";"0";"0"
"C";"2014-03-21";"2014-03-22";"14.384";"41.56";"-0.04";"72";"19.98";"0";"12.8";"34.6085";"385.21";"519.78";"0";"0"
"C";"2014-03-20";"2014-03-21";"14.3967";"41.6";"-0.05";"72";"20";"0";"18.7";"34.6085";"385.21";"519.78";"0";"0"
"C";"2014-03-19";"2014-03-20";"14.4154";"41.65";"-0.12";"72";"20.02";"0";"41.3";"34.6085";"385.21";"519.78";"0";"0"
"C";"2014-03-18";"2014-03-19";"14.4567";"41.77";"-0.13";"72";"20.08";"0";"43.3";"34.6085";"385.21";"519.78";"0";"0"
"C";"2014-03-17";"2014-03-18";"14.5";"41.9";"-0.15";"72";"20.14";"0";"50.8";"34.6085";"385.21";"519.78";"0";"0"
"C";"2014-03-16";"2014-03-17";"14.5509";"42.04";"-0.27";"72";"20.21";"0";"92.9";"34.6085";"385.21";"519.78";"0";"0"
"C";"2014-03-15";"2014-03-16";"14.6437";"42.31";"-0.17";"72";"20.34";"0";"59.3";"34.6085";"385.21";"519.78";"0";"0"
"C";"2014-03-14";"2014-03-15";"14.7031";"42.48";"-0.14";"72";"20.42";"0";"49.7";"34.6085";"385.21";"519.78";"0";"0"
"C";"2014-03-13";"2014-03-14";"14.7527";"42.63";"-0.18";"72";"20.49";"0";"61.8";"34.6085";"385.21";"519.78";"0";"0"
"C";"2014-03-12";"2014-03-13";"14.8146";"42.81";"-0.27";"72";"20.58";"0";"92.4";"34.6085";"385.21";"519.78";"0";"0"
"C";"2014-03-11";"2014-03-12";"14.9069";"43.07";"-0.19";"72";"20.7";"0";"65.4";"34.6085";"385.21";"519.78";"0";"0"
"C";"2014-03-10";"2014-03-11";"14.9724";"43.26";"-0.19";"72";"20.8";"0";"64.6";"34.6085";"385.21";"519.78";"0";"0"
"C";"2014-03-09";"2014-03-10";"15.037";"43.45";"-0.15";"72";"20.88";"0";"52.5";"34.6085";"385.21";"519.78";"0";"0"
"C";"2014-03-08";"2014-03-09";"15.0895";"43.6";"-0.16";"72";"20.96";"0";"56.8";"34.6085";"385.21";"519.78";"0";"0"
"C";"2014-03-07";"2014-03-08";"15.1463";"43.76";"-0.25";"72";"21.04";"0";"87.5";"34.6085";"385.21";"519.78";"0";"0"
"C";"2014-03-06";"2014-03-07";"15.2337";"44.02";"-0.29";"72";"21.16";"0";"100";"34.6085";"385.21";"519.78";"0";"0"
"C";"2014-03-05";"2014-03-06";"15.3337";"44.31";"-0.29";"72";"21.3";"0";"101.6";"34.6085";"385.21";"519.78";"0";"0"
"C";"2014-03-04";"2014-03-05";"15.4353";"44.6";"-0.23";"72";"21.44";"0";"79.9";"34.6085";"385.21";"519.78";"0";"0"
"C";"2014-03-03";"2014-03-04";"15.5152";"44.83";"-0.23";"72";"21.55";"0";"78.2";"34.6085";"385.21";"519.78";"0";"0"
"C";"2014-03-02";"2014-03-03";"15.5934";"45.06";"-0.2";"72";"21.66";"0";"67.9";"34.6085";"385.21";"519.78";"0";"0"
"C";"2014-03-01";"2014-03-02";"15.6612";"45.25";"13.22";"72";"21.75";"0";"72.4";"34.6085";"385.21";"519.78";"0";"0"
"C";"2014-02-28";"2014-03-01";"11.0858";"38.77";"-0.51";"72";"15.4";"0";"145.5";"28.5965";"312.14";"425.84";"0";"0"
"C";"2014-02-27";"2014-02-28";"11.2313";"39.28";"-0.42";"72";"15.6";"0";"120.1";"28.5965";"312.14";"425.84";"0";"0"
"C";"2014-02-26";"2014-02-27";"11.3514";"39.7";"-0.47";"72";"15.77";"0";"135.8";"28.5965";"312.14";"425.84";"0";"0"
"C";"2014-02-25";"2014-02-26";"11.4872";"40.17";"-0.52";"72";"15.95";"0";"149.6";"28.5965";"312.14";"425.84";"0";"0"
"C";"2014-02-24";"2014-02-25";"11.6368";"40.69";"-0.53";"72";"16.16";"0";"151.6";"28.5965";"312.14";"425.84";"0";"0"
"C";"2014-02-23";"2014-02-24";"11.7884";"41.22";"-0.47";"72";"16.37";"0";"134.4";"28.5965";"312.14";"425.84";"0";"0"
"C";"2014-02-22";"2014-02-23";"11.9228";"41.69";"-0.44";"72";"16.56";"0";"127";"28.5965";"312.14";"425.84";"0";"0"
"C";"2014-02-21";"2014-02-22";"12.0498";"42.14";"-0.55";"72";"16.74";"0";"156.4";"28.5965";"312.14";"425.84";"0";"0"
"C";"2014-02-20";"2014-02-21";"12.2062";"42.68";"-0.61";"72";"16.95";"0";"175.6";"28.5965";"312.14";"425.84";"0";"0"
"C";"2014-02-19";"2014-02-20";"12.3818";"43.3";"-0.52";"72";"17.2";"0";"148.3";"28.5965";"312.14";"425.84";"0";"0"
"C";"2014-02-18";"2014-02-19";"12.5301";"43.82";"-0.63";"72";"17.4";"0";"180";"28.5965";"312.14";"425.84";"0";"0"
"C";"2014-02-17";"2014-02-18";"12.71";"44.45";"-0.67";"72";"17.65";"0";"192.3";"28.5965";"312.14";"425.84";"0";"0"
"C";"2014-02-16";"2014-02-17";"12.9023";"45.12";"-0.61";"72";"17.92";"0";"174.1";"28.5965";"312.14";"425.84";"0";"0"
"C";"2014-02-15";"2014-02-16";"13.0763";"45.73";"-0.54";"72";"18.16";"0";"153.9";"28.5965";"312.14";"425.84";"0";"0"
"C";"2014-02-14";"2014-02-15";"13.2303";"46.27";"-0.61";"72";"18.38";"0";"175.3";"28.5965";"312.14";"425.84";"0";"0"
"C";"2014-02-13";"2014-02-14";"13.4056";"46.88";"-0.59";"72";"18.62";"0";"169.2";"28.5965";"312.14";"425.84";"0";"0"
"C";"2014-02-12";"2014-02-13";"13.5748";"47.47";"-0.62";"72";"18.85";"0";"177.1";"28.5965";"312.14";"425.84";"0";"0"
"C";"2014-02-11";"2014-02-12";"13.752";"48.09";"-0.67";"72";"19.1";"0";"190.7";"28.5965";"312.14";"425.84";"0";"0"
"C";"2014-02-10";"2014-02-11";"13.9426";"48.76";"-0.64";"72";"19.36";"0";"182.7";"28.5965";"312.14";"425.84";"0";"0"
"C";"2014-02-09";"2014-02-10";"14.1253";"49.4";"-0.56";"72";"19.62";"0";"159.2";"28.5965";"312.14";"425.84";"0";"0"
"C";"2014-02-08";"2014-02-09";"14.2845";"49.95";"-0.54";"72";"19.84";"0";"155";"28.5965";"312.14";"425.84";"0";"0"
"C";"2014-02-07";"2014-02-08";"14.4395";"50.49";"-0.57";"72";"20.05";"0";"163";"28.5965";"312.14";"425.84";"0";"0"
"C";"2014-02-06";"2014-02-07";"14.6025";"51.06";"-0.55";"72";"20.28";"0";"158.6";"28.5965";"312.14";"425.84";"0";"0"
"C";"2014-02-05";"2014-02-06";"14.7611";"51.62";"-0.78";"72";"20.5";"0";"222.7";"28.5965";"312.14";"425.84";"0";"0"
"C";"2014-02-04";"2014-02-05";"14.9838";"52.4";"-0.81";"72";"20.81";"0";"230.7";"28.5965";"312.14";"425.84";"0";"0"
"C";"2014-02-03";"2014-02-04";"15.2145";"53.2";"-0.68";"72";"21.13";"0";"193.2";"28.5965";"312.14";"425.84";"0";"0"
"C";"2014-02-02";"2014-02-03";"15.4077";"53.88";"-0.65";"72";"21.4";"0";"185.5";"28.5965";"312.14";"425.84";"0";"0"
"C";"2014-02-01";"2014-02-02";"15.5931";"54.53";"-0.74";"72";"21.66";"0";"212";"28.5965";"312.14";"425.84";"0";"0"
"C";"2014-01-31";"2014-02-01";"15.8052";"55.27";"-1.03";"72";"21.95";"0";"293.7";"28.5965";"312.14";"425.84";"0";"0"
"C";"2014-01-30";"2014-01-31";"16.0988";"56.3";"-1.08";"72";"22.36";"0";"309.8";"28.5965";"312.14";"425.84";"0";"0"
"C";"2014-01-29";"2014-01-30";"16.4087";"57.38";"-1.02";"72";"22.79";"0";"293.1";"28.5965";"312.14";"425.84";"0";"0"
"C";"2014-01-28";"2014-01-29";"16.7018";"58.41";"-1.01";"72";"23.2";"0";"287.5";"28.5965";"312.14";"425.84";"0";"0"
"C";"2014-01-27";"2014-01-28";"16.9892";"59.41";"-0.81";"72";"23.6";"0";"231.6";"28.5965";"312.14";"425.84";"0";"0"
"C";"2014-01-26";"2014-01-27";"17.2208";"60.22";"-0.67";"72";"23.92";"0";"190.3";"28.5965";"312.14";"425.84";"0";"0"
"C";"2014-01-25";"2014-01-26";"17.4111";"60.89";"-0.78";"72";"24.18";"0";"224";"28.5965";"312.14";"425.84";"0";"0"
"C";"2014-01-24";"2014-01-25";"17.6351";"61.67";"-0.75";"72";"24.49";"0";"213.1";"28.5965";"312.14";"425.84";"0";"0"
"C";"2014-01-23";"2014-01-24";"17.8482";"62.41";"-0.71";"72";"24.79";"0";"203.4";"28.5965";"312.14";"425.84";"0";"0"
"C";"2014-01-22";"2014-01-23";"18.0516";"63.13";"-0.71";"72";"25.07";"0";"202.7";"28.5965";"312.14";"425.84";"0";"0"
"C";"2014-01-21";"2014-01-22";"18.2543";"63.83";"-0.69";"72";"25.35";"29.45";"226.1";"28.5965";"312.14";"425.84";"0";"0"
"C";"2014-01-20";"2014-01-21";"18.4509";"64.52";"-0.66";"72";"25.63";"11.71";"199.4";"28.5965";"312.14";"425.84";"0";"0"
"C";"2014-01-19";"2014-01-20";"18.6387";"65.18";"-0.51";"72";"25.89";"0";"146.6";"28.5965";"312.14";"425.84";"0";"0"
"C";"2014-01-18";"2014-01-19";"18.7852";"65.69";"-0.57";"72";"26.09";"0";"164.1";"28.5965";"312.14";"425.84";"0";"0"
"C";"2014-01-17";"2014-01-18";"18.9493";"66.26";"-0.61";"72";"26.32";"0";"174";"28.5965";"312.14";"425.84";"0";"0"
"C";"2014-01-16";"2014-01-17";"19.1233";"66.87";"-0.63";"72";"26.56";"0";"179";"28.5965";"312.14";"425.84";"0";"0"
"C";"2014-01-15";"2014-01-16";"19.3023";"67.5";"-0.56";"72";"26.81";"5.51";"166.2";"28.5965";"312.14";"425.84";"0";"0"
"C";"2014-01-14";"2014-01-15";"19.4631";"68.06";"-0.58";"72";"27.03";"28.41";"194.7";"28.5965";"312.14";"425.84";"0";"0"
"C";"2014-01-13";"2014-01-14";"19.6293";"68.64";"-0.61";"72";"27.26";"33.24";"207.9";"28.5965";"312.14";"425.84";"0";"0"
"C";"2014-01-12";"2014-01-13";"19.804";"69.25";"-0.49";"72";"27.51";"47.3";"188.7";"28.5965";"312.14";"425.84";"0";"0"
"C";"2014-01-11";"2014-01-12";"19.9454";"69.75";"-0.57";"72";"27.7";"39.81";"202.9";"28.5965";"312.14";"425.84";"0";"0"
"C";"2014-01-10";"2014-01-11";"20.1086";"70.32";"-0.55";"72";"27.93";"29.78";"188.3";"28.5965";"312.14";"425.84";"0";"0"
"C";"2014-01-09";"2014-01-10";"20.2671";"70.87";"-0.43";"72";"28.15";"14.29";"136.1";"28.5965";"312.14";"425.84";"0";"0"
"C";"2014-01-08";"2014-01-09";"20.3889";"71.3";"-0.43";"72";"28.32";"0";"122.8";"28.5965";"312.14";"425.84";"0";"0"
"C";"2014-01-07";"2014-01-08";"20.5117";"71.73";"-0.53";"72";"28.49";"6.57";"158.6";"28.5965";"312.14";"425.84";"0";"0"
"C";"2014-01-06";"2014-01-07";"20.6637";"72.26";"-0.57";"72";"28.7";"31.75";"196.2";"28.5965";"312.14";"425.84";"0";"0"
"C";"2014-01-05";"2014-01-06";"20.8281";"72.83";"-0.54";"72";"28.93";"31.88";"186.2";"28.5965";"312.14";"425.84";"0";"0"
"C";"2014-01-04";"2014-01-05";"20.9825";"73.37";"-0.45";"72";"29.14";"31.91";"160.2";"28.5965";"312.14";"425.84";"0";"0"
"C";"2014-01-03";"2014-01-04";"21.1107";"73.82";"-0.35";"72";"29.32";"32.3";"133.2";"28.5965";"312.14";"425.84";"0";"0"
"C";"2014-01-02";"2014-01-03";"21.2116";"74.18";"-0.35";"72";"29.46";"18.72";"118.4";"28.5965";"312.14";"425.84";"0";"0"
"C";"2014-01-01";"2014-01-02";"21.3113";"74.52";"0";"72";"29.6";"0";"84.9";"28.5965";"312.14";"425.84";"0";"0"
"C";"2013-12-31";"2014-01-01";"21.3962";"74.82";"-0.54";"81";"26.42";"0";"153.7";"28.5965";"312.14";"425.84";"0";"0"
"C";"2013-12-30";"2013-12-31";"21.5499";"75.36";"-0.44";"81";"26.6";"0";"126.7";"28.5965";"312.14";"425.84";"0";"0"
"C";"2013-12-29";"2013-12-30";"21.6766";"75.8";"-0.4";"81";"26.76";"0";"114.9";"28.5965";"312.14";"425.84";"0";"0"
"C";"2013-12-28";"2013-12-29";"21.7915";"76.2";"-0.38";"81";"26.9";"0";"108.2";"28.5965";"312.14";"425.84";"0";"0"
"C";"2013-12-27";"2013-12-28";"21.8997";"76.58";"-0.36";"81";"27.04";"0";"102";"28.5965";"312.14";"425.84";"0";"0"
"C";"2013-12-26";"2013-12-27";"22.0017";"76.94";"-0.3";"81";"27.16";"0";"86.4";"28.5965";"312.14";"425.84";"0";"0"
"C";"2013-12-25";"2013-12-26";"22.0882";"77.24";"-0.29";"81";"27.27";"0";"83.7";"28.5965";"312.14";"425.84";"0";"0"
"C";"2013-12-24";"2013-12-25";"22.1719";"77.53";"-0.31";"81";"27.37";"0";"89.8";"28.5965";"312.14";"425.84";"0";"0"
"C";"2013-12-23";"2013-12-24";"22.2617";"77.85";"-0.44";"81";"27.48";"0";"127";"28.5965";"312.14";"425.84";"0";"0"
"C";"2013-12-22";"2013-12-23";"22.3886";"78.29";"-0.51";"81";"27.64";"0";"145.2";"28.5965";"312.14";"425.84";"0";"0"
"C";"2013-12-21";"2013-12-22";"22.5338";"78.8";"-0.51";"81";"27.82";"0";"145.6";"28.5965";"312.14";"425.84";"0";"0"
"C";"2013-12-20";"2013-12-21";"22.6794";"79.31";"-0.65";"81";"28";"0";"186";"28.5965";"312.14";"425.84";"0";"0"
"C";"2013-12-19";"2013-12-20";"22.8654";"79.96";"-0.63";"81";"28.23";"0";"178.9";"28.5965";"312.14";"425.84";"0";"0"
"C";"2013-12-18";"2013-12-19";"23.0443";"80.58";"-0.7";"81";"28.45";"0";"199.8";"28.5965";"312.14";"425.84";"0";"0"
"C";"2013-12-17";"2013-12-18";"23.244";"81.28";"-0.56";"81";"28.7";"0";"159.1";"28.5965";"312.14";"425.84";"0";"0"
"C";"2013-12-16";"2013-12-17";"23.4031";"81.84";"-0.52";"81";"28.89";"0";"149.9";"28.5965";"312.14";"425.84";"0";"0"
"C";"2013-12-15";"2013-12-16";"23.5531";"82.36";"-0.52";"81";"29.08";"0";"149.8";"28.5965";"312.14";"425.84";"0";"0"
"C";"2013-12-14";"2013-12-15";"23.7028";"82.89";"-0.46";"81";"29.26";"0";"130.6";"28.5965";"312.14";"425.84";"0";"0"
"C";"2013-12-13";"2013-12-14";"23.8334";"83.34";"-0.45";"81";"29.42";"0";"129.9";"28.5965";"312.14";"425.84";"0";"0"
"C";"2013-12-12";"2013-12-13";"23.9634";"83.8";"-0.44";"81";"29.58";"0";"127.2";"28.5965";"312.14";"425.84";"0";"0"
"C";"2013-12-11";"2013-12-12";"24.0905";"84.24";"-0.42";"81";"29.74";"0";"119.4";"28.5965";"312.14";"425.84";"0";"0"
"C";"2013-12-10";"2013-12-11";"24.21";"84.66";"-0.45";"81";"29.89";"0";"129";"28.5965";"312.14";"425.84";"0";"0"
"C";"2013-12-09";"2013-12-10";"24.339";"85.11";"-0.64";"81";"30.05";"0";"184.1";"28.5965";"312.14";"425.84";"0";"0"
"C";"2013-12-08";"2013-12-09";"24.5231";"85.76";"-0.69";"81";"30.28";"0";"196.5";"28.5965";"312.14";"425.84";"0";"0"
"C";"2013-12-07";"2013-12-08";"24.7196";"86.44";"-0.59";"81";"30.52";"0";"170";"28.5965";"312.14";"425.84";"0";"0"
"C";"2013-12-06";"2013-12-07";"24.8897";"87.04";"-0.63";"81";"30.73";"0";"180.7";"28.5965";"312.14";"425.84";"0";"0"
"C";"2013-12-05";"2013-12-06";"25.0704";"87.67";"-0.75";"81";"30.95";"0";"213.5";"28.5965";"312.14";"425.84";"0";"0"
"C";"2013-12-04";"2013-12-05";"25.2839";"88.42";"-0.74";"81";"31.21";"0";"212.5";"28.5965";"312.14";"425.84";"0";"0"
"C";"2013-12-03";"2013-12-04";"25.4964";"89.16";"-0.61";"81";"31.48";"0";"174.6";"28.5965";"312.14";"425.84";"0";"0"
"C";"2013-12-02";"2013-12-03";"25.671";"89.77";"-0.57";"81";"31.69";"0";"163.6";"28.5965";"312.14";"425.84";"0";"0"
"C";"2013-12-01";"2013-12-02";"25.8347";"90.34";"-0.54";"81";"31.89";"0";"153.9";"28.5965";"312.14";"425.84";"0";"0"
"C";"2013-11-30";"2013-12-01";"25.9886";"90.88";"-0.4";"81";"32.08";"0";"113.5";"28.5965";"312.14";"425.84";"0";"0"
"C";"2013-11-29";"2013-11-30";"26.1021";"91.28";"-0.43";"81";"32.22";"0";"123.4";"28.5965";"312.14";"425.84";"0";"0"
"C";"2013-11-28";"2013-11-29";"26.2255";"91.71";"-0.55";"81";"32.38";"0";"157.7";"28.5965";"312.14";"425.84";"0";"0"
"C";"2013-11-27";"2013-11-28";"26.3832";"92.26";"-0.56";"81";"32.57";"0";"161.3";"28.5965";"312.14";"425.84";"0";"0"
"C";"2013-11-26";"2013-11-27";"26.5446";"92.82";"-0.37";"81";"32.77";"0";"105.4";"28.5965";"312.14";"425.84";"0";"0"
"C";"2013-11-25";"2013-11-26";"26.6499";"93.19";"-0.19";"81";"32.9";"0";"54.6";"28.5965";"312.14";"425.84";"0";"0"
"C";"2013-11-24";"2013-11-25";"26.7045";"93.38";"-0.1";"81";"32.97";"0";"29.2";"28.5965";"312.14";"425.84";"0";"0"
"C";"2013-11-23";"2013-11-24";"26.7337";"93.49";"-0.09";"81";"33";"0";"24.9";"28.5965";"312.14";"425.84";"0";"0"
"C";"2013-11-22";"2013-11-23";"26.7586";"93.57";"-0.11";"81";"33.04";"0";"30.8";"28.5965";"312.14";"425.84";"0";"0"
"C";"2013-11-21";"2013-11-22";"26.7894";"93.68";"-0.18";"81";"33.07";"0";"50.4";"28.5965";"312.14";"425.84";"0";"0"
"C";"2013-11-20";"2013-11-21";"26.8398";"93.86";"-0.21";"81";"33.14";"0";"58.6";"28.5965";"312.14";"425.84";"0";"0"
"C";"2013-11-19";"2013-11-20";"26.8985";"94.06";"-0.22";"81";"33.21";"0";"61.5";"28.5965";"312.14";"425.84";"0";"0"
"C";"2013-11-18";"2013-11-19";"26.96";"94.28";"-0.13";"81";"33.28";"0";"37.4";"28.5965";"312.14";"425.84";"0";"0"
"C";"2013-11-17";"2013-11-18";"26.9974";"94.41";"-0.13";"81";"33.33";"0";"36.8";"28.5965";"312.14";"425.84";"0";"0"
"C";"2013-11-16";"2013-11-17";"27.0343";"94.54";"-0.12";"81";"33.38";"0";"33.8";"28.5965";"312.14";"425.84";"0";"0"
"C";"2013-11-15";"2013-11-16";"27.068";"94.66";"-0.23";"81";"33.42";"0";"64.6";"28.5965";"312.14";"425.84";"0";"0"
"C";"2013-11-14";"2013-11-15";"27.1326";"94.88";"-0.2";"81";"33.5";"0";"56.9";"28.5965";"312.14";"425.84";"0";"0"
"C";"2013-11-13";"2013-11-14";"27.1895";"95.08";"-0.13";"81";"33.57";"0";"36.4";"28.5965";"312.14";"425.84";"0";"0"
"C";"2013-11-12";"2013-11-13";"27.2259";"95.21";"-0.12";"81";"33.61";"0";"35.5";"28.5965";"312.14";"425.84";"0";"0"
"C";"2013-11-11";"2013-11-12";"27.2614";"95.33";"-0.11";"81";"33.66";"0";"30.2";"28.5965";"312.14";"425.84";"0";"0"
"C";"2013-11-10";"2013-11-11";"27.2916";"95.44";"-0.05";"81";"33.69";"0";"13.5";"28.5965";"312.14";"425.84";"0";"0"
"C";"2013-11-09";"2013-11-10";"27.3051";"95.48";"-0.04";"81";"33.71";"0";"11.9";"28.5965";"312.14";"425.84";"0";"0"
"C";"2013-11-08";"2013-11-09";"27.317";"95.53";"-0.03";"81";"33.72";"0.05";"8";"28.5965";"312.14";"425.84";"0";"0"
"C";"2013-11-07";"2013-11-08";"27.3249";"95.55";"-0.04";"81";"33.73";"0";"12.1";"28.5965";"312.14";"425.84";"0";"0"
"C";"2013-11-06";"2013-11-07";"27.337";"95.6";"-0.08";"81";"33.75";"0";"22.1";"28.5965";"312.14";"425.84";"0";"0"
"C";"2013-11-05";"2013-11-06";"27.3592";"95.67";"-0.03";"81";"33.78";"0";"9.8";"28.5965";"312.14";"425.84";"0";"0"
"C";"2013-11-04";"2013-11-05";"27.3689";"95.71";"-0.03";"81";"33.79";"0";"8.2";"28.5965";"312.14";"425.84";"0";"0"
"C";"2013-11-03";"2013-11-04";"27.3771";"95.74";"0.04";"81";"33.8";"14.64";"4.2";"28.5965";"312.14";"425.84";"0";"0"
"C";"2013-11-02";"2013-11-03";"27.3667";"95.7";"0";"81";"33.79";"3.16";"4.6";"28.5965";"312.14";"425.84";"0";"0"
"C";"2013-11-01";"2013-11-02";"27.3681";"95.7";"0.05";"81";"33.79";"20.89";"5.2";"28.5965";"312.14";"425.84";"0";"0"
"C";"2013-10-31";"2013-11-01";"27.3524";"95.65";"0.02";"81";"33.77";"5.3";"0";"28.5965";"312.14";"425.84";"0";"0"
"C";"2013-10-30";"2013-10-31";"27.3471";"95.63";"0.08";"81";"33.76";"22.73";"0";"28.5965";"312.14";"425.84";"0";"0"
"C";"2013-10-29";"2013-10-30";"27.3244";"95.55";"0.14";"81";"33.73";"41.33";"0";"28.5965";"312.14";"425.84";"0";"0"
"C";"2013-10-28";"2013-10-29";"27.2831";"95.41";"0.17";"81";"33.68";"48.22";"0";"28.5965";"312.14";"425.84";"0";"0"
"C";"2013-10-27";"2013-10-28";"27.2348";"95.24";"0.14";"81";"33.62";"39.62";"0";"28.5965";"312.14";"425.84";"0";"0"
"C";"2013-10-26";"2013-10-27";"27.1952";"95.1";"0.11";"81";"33.57";"30.38";"0";"28.5965";"312.14";"425.84";"0";"0"
"C";"2013-10-25";"2013-10-26";"27.1648";"94.99";"0.18";"81";"33.54";"50.95";"0";"28.5965";"312.14";"425.84";"0";"0"
"C";"2013-10-24";"2013-10-25";"27.1139";"94.82";"0.15";"81";"33.47";"42.29";"0";"28.5965";"312.14";"425.84";"0";"0"
"C";"2013-10-23";"2013-10-24";"27.0716";"94.67";"0.15";"81";"33.42";"43.69";"0";"28.5965";"312.14";"425.84";"0";"0"
"C";"2013-10-22";"2013-10-23";"27.0279";"94.51";"0.19";"81";"33.37";"54.9";"0";"28.5965";"312.14";"425.84";"0";"0"
"C";"2013-10-21";"2013-10-22";"26.973";"94.32";"0.18";"81";"33.3";"52.38";"0";"28.5965";"312.14";"425.84";"0";"0"
"C";"2013-10-20";"2013-10-21";"26.9206";"94.14";"0.2";"81";"33.24";"58.63";"0";"28.5965";"312.14";"425.84";"0";"0"
"C";"2013-10-19";"2013-10-20";"26.862";"93.93";"0.18";"81";"33.16";"52.28";"0";"28.5965";"312.14";"425.84";"0";"0"
"C";"2013-10-18";"2013-10-19";"26.8097";"93.75";"0.18";"81";"33.1";"51.81";"0";"28.5965";"312.14";"425.84";"0";"0"
"C";"2013-10-17";"2013-10-18";"26.7579";"93.57";"0.17";"81";"33.03";"56.59";"7.1";"28.5965";"312.14";"425.84";"0";"0"
"C";"2013-10-16";"2013-10-17";"26.7084";"93.4";"0.07";"81";"32.97";"50.41";"29.6";"28.5965";"312.14";"425.84";"0";"0"
"C";"2013-10-15";"2013-10-16";"26.6876";"93.32";"0.19";"81";"32.95";"87.96";"33";"28.5965";"312.14";"425.84";"0";"0"
"C";"2013-10-14";"2013-10-15";"26.6327";"93.13";"0.2";"81";"32.88";"75.44";"17.8";"28.5965";"312.14";"425.84";"0";"0"
"C";"2013-10-13";"2013-10-14";"26.575";"92.93";"0.32";"81";"32.81";"91.93";"0";"28.5965";"312.14";"425.84";"0";"0"
"C";"2013-10-12";"2013-10-13";"26.4831";"92.61";"0.31";"81";"32.7";"87.65";"0";"28.5965";"312.14";"425.84";"0";"0"
"C";"2013-10-11";"2013-10-12";"26.3954";"92.3";"0.24";"81";"32.59";"68.08";"0";"28.5965";"312.14";"425.84";"0";"0"
"C";"2013-10-10";"2013-10-11";"26.3274";"92.07";"0.23";"81";"32.5";"66.89";"0";"28.5965";"312.14";"425.84";"0";"0"
"C";"2013-10-09";"2013-10-10";"26.2605";"91.83";"0.21";"81";"32.42";"61.25";"0";"28.5965";"312.14";"425.84";"0";"0"
"C";"2013-10-08";"2013-10-09";"26.1992";"91.62";"0.3";"81";"32.34";"84.61";"0";"28.5965";"312.14";"425.84";"0";"0"
"C";"2013-10-07";"2013-10-08";"26.1146";"91.32";"0.31";"81";"32.24";"88.77";"0";"28.5965";"312.14";"425.84";"0";"0"
"C";"2013-10-06";"2013-10-07";"26.0258";"91.01";"0.3";"81";"32.13";"84.7";"0";"28.5965";"312.14";"425.84";"0";"0"
"C";"2013-10-05";"2013-10-06";"25.9411";"90.71";"0.32";"81";"32.03";"91.53";"0";"28.5965";"312.14";"425.84";"0";"0"
"C";"2013-10-04";"2013-10-05";"25.8496";"90.39";"0.29";"81";"31.91";"83.28";"0";"28.5965";"312.14";"425.84";"0";"0"
"C";"2013-10-03";"2013-10-04";"25.7663";"90.1";"0.25";"81";"31.81";"72.37";"0";"28.5965";"312.14";"425.84";"0";"0"
"C";"2013-10-02";"2013-10-03";"25.694";"89.85";"0.21";"81";"31.72";"60.86";"0";"28.5965";"312.14";"425.84";"0";"0"
"C";"2013-10-01";"2013-10-02";"25.6331";"89.64";"0.24";"81";"31.65";"67.36";"0";"28.5965";"312.14";"425.84";"0";"0"
"C";"2013-09-30";"2013-10-01";"25.5657";"89.4";"0.39";"81";"31.56";"110.31";"0";"28.5965";"312.14";"425.84";"0";"0"
"C";"2013-09-29";"2013-09-30";"25.4554";"89.02";"0.39";"81";"31.43";"112.03";"0";"28.5965";"312.14";"425.84";"0";"0"
"C";"2013-09-28";"2013-09-29";"25.3434";"88.62";"0.42";"81";"31.29";"119.25";"0";"28.5965";"312.14";"425.84";"0";"0"
"C";"2013-09-27";"2013-09-28";"25.2242";"88.21";"0.46";"81";"31.14";"131.81";"0";"28.5965";"312.14";"425.84";"0";"0"
"C";"2013-09-26";"2013-09-27";"25.0923";"87.75";"0.45";"81";"30.98";"128.05";"0";"28.5965";"312.14";"425.84";"0";"0"
"C";"2013-09-25";"2013-09-26";"24.9643";"87.3";"0.48";"81";"30.82";"138.36";"0.5";"28.5965";"312.14";"425.84";"0";"0"
"C";"2013-09-24";"2013-09-25";"24.8265";"86.82";"0.37";"81";"30.65";"104.56";"0";"28.5965";"312.14";"425.84";"0";"0"
"C";"2013-09-23";"2013-09-24";"24.7219";"86.45";"0.37";"81";"30.52";"106.38";"0";"28.5965";"312.14";"425.84";"0";"0"
"C";"2013-09-22";"2013-09-23";"24.6155";"86.08";"0.46";"81";"30.39";"132.64";"0";"28.5965";"312.14";"425.84";"0";"0"
"C";"2013-09-21";"2013-09-22";"24.4829";"85.62";"0.44";"81";"30.23";"126.35";"0";"28.5965";"312.14";"425.84";"0";"0"
"C";"2013-09-20";"2013-09-21";"24.3565";"85.17";"0.37";"81";"30.07";"106.02";"0";"28.5965";"312.14";"425.84";"0";"0"
"C";"2013-09-19";"2013-09-20";"24.2505";"84.8";"0.39";"81";"29.94";"112.88";"0";"28.5965";"312.14";"425.84";"0";"0"
"C";"2013-09-18";"2013-09-19";"24.1376";"84.41";"0.44";"81";"29.8";"126.53";"0";"28.5965";"312.14";"425.84";"0";"0"
"C";"2013-09-17";"2013-09-18";"24.0111";"83.97";"0.51";"81";"29.64";"144.57";"0";"28.5965";"312.14";"425.84";"0";"0"
"C";"2013-09-16";"2013-09-17";"23.8665";"83.46";"0.5";"81";"29.46";"143.57";"0";"28.5965";"312.14";"425.84";"0";"0"
"C";"2013-09-15";"2013-09-16";"23.723";"82.96";"0.6";"81";"29.29";"170.87";"0";"28.5965";"312.14";"425.84";"0";"0"
"C";"2013-09-14";"2013-09-15";"23.5521";"82.36";"0.62";"81";"29.08";"176.44";"0";"28.5965";"312.14";"425.84";"0";"0"
"C";"2013-09-13";"2013-09-14";"23.3757";"81.74";"0.56";"81";"28.86";"158.85";"0";"28.5965";"312.14";"425.84";"0";"0"
"C";"2013-09-12";"2013-09-13";"23.2168";"81.19";"0.49";"81";"28.66";"139.19";"0";"28.5965";"312.14";"425.84";"0";"0"
"C";"2013-09-11";"2013-09-12";"23.0776";"80.7";"0.52";"81";"28.49";"148.18";"0";"28.5965";"312.14";"425.84";"0";"0"
"C";"2013-09-10";"2013-09-11";"22.9295";"80.18";"0.58";"81";"28.31";"164.69";"0";"28.5965";"312.14";"425.84";"0";"0"
"C";"2013-09-09";"2013-09-10";"22.7648";"79.61";"0.61";"81";"28.1";"174.64";"0";"28.5965";"312.14";"425.84";"0";"0"
"C";"2013-09-08";"2013-09-09";"22.5901";"79";"0.65";"81";"27.89";"186.11";"0";"28.5965";"312.14";"425.84";"0";"0"
"C";"2013-09-07";"2013-09-08";"22.404";"78.35";"0.64";"81";"27.66";"181.81";"0";"28.5965";"312.14";"425.84";"0";"0"
"C";"2013-09-06";"2013-09-07";"22.2222";"77.71";"0.62";"81";"27.43";"177.96";"0";"28.5965";"312.14";"425.84";"0";"0"
"C";"2013-09-05";"2013-09-06";"22.0443";"77.09";"0.61";"81";"27.22";"175.68";"0";"28.5965";"312.14";"425.84";"0";"0"
"C";"2013-09-04";"2013-09-05";"21.8686";"76.47";"0.54";"81";"27";"155.36";"0";"28.5965";"312.14";"425.84";"0";"0"
"C";"2013-09-03";"2013-09-04";"21.7132";"75.93";"0.56";"81";"26.81";"159.74";"0";"28.5965";"312.14";"425.84";"0";"0"
"C";"2013-09-02";"2013-09-03";"21.5535";"75.37";"0.56";"81";"26.61";"161.03";"0";"28.5965";"312.14";"425.84";"0";"0"
"C";"2013-09-01";"2013-09-02";"21.3924";"74.81";"0.65";"81";"26.41";"187.01";"0";"28.5965";"312.14";"425.84";"0";"0"
"C";"2013-08-31";"2013-09-01";"21.2054";"74.15";"0.65";"81";"26.18";"185.2";"0";"28.5965";"312.14";"425.84";"0";"0"
"C";"2013-08-30";"2013-08-31";"21.0202";"73.51";"0.63";"81";"25.95";"180.32";"0";"28.5965";"312.14";"425.84";"0";"0"
"C";"2013-08-29";"2013-08-30";"20.8399";"72.88";"0.62";"81";"25.73";"178.62";"0";"28.5965";"312.14";"425.84";"0";"0"
"C";"2013-08-28";"2013-08-29";"20.6613";"72.25";"0.61";"81";"25.51";"175.05";"0";"28.5965";"312.14";"425.84";"0";"0"
"C";"2013-08-27";"2013-08-28";"20.4862";"71.64";"0.6";"81";"25.29";"170.62";"0";"28.5965";"312.14";"425.84";"0";"0"
"C";"2013-08-26";"2013-08-27";"20.3156";"71.04";"0.63";"81";"25.08";"179.89";"0";"28.5965";"312.14";"425.84";"0";"0"
"C";"2013-08-25";"2013-08-26";"20.1357";"70.41";"0.64";"81";"24.86";"184.04";"0";"28.5965";"312.14";"425.84";"0";"0"
"C";"2013-08-24";"2013-08-25";"19.9517";"69.77";"0.64";"81";"24.63";"183.79";"0";"28.5965";"312.14";"425.84";"0";"0"
"C";"2013-08-23";"2013-08-24";"19.7679";"69.13";"0.61";"81";"24.4";"173.66";"0";"28.5965";"312.14";"425.84";"0";"0"
"C";"2013-08-22";"2013-08-23";"19.5942";"68.52";"0.64";"81";"24.19";"181.61";"0";"28.5965";"312.14";"425.84";"0";"0"
"C";"2013-08-21";"2013-08-22";"19.4126";"67.88";"0.66";"81";"23.97";"187.84";"0";"28.5965";"312.14";"425.84";"0";"0"
"C";"2013-08-20";"2013-08-21";"19.2248";"67.23";"0.7";"81";"23.73";"201";"0";"28.5965";"312.14";"425.84";"0";"0"
"C";"2013-08-19";"2013-08-20";"19.0238";"66.52";"0.64";"81";"23.49";"183.47";"0";"28.5965";"312.14";"425.84";"0";"0"
"C";"2013-08-18";"2013-08-19";"18.8403";"65.88";"0.65";"81";"23.26";"186.88";"0";"28.5965";"312.14";"425.84";"0";"0"
"C";"2013-08-17";"2013-08-18";"18.6534";"65.23";"0.7";"81";"23.03";"199.35";"0";"28.5965";"312.14";"425.84";"0";"0"
"C";"2013-08-16";"2013-08-17";"18.4541";"64.53";"0.68";"81";"22.78";"193.82";"0";"28.5965";"312.14";"425.84";"0";"0"
"C";"2013-08-15";"2013-08-16";"18.2603";"63.85";"0.74";"81";"22.54";"211.15";"0";"28.5965";"312.14";"425.84";"0";"0"
"C";"2013-08-14";"2013-08-15";"18.0491";"63.12";"0.74";"81";"22.28";"212.04";"0";"28.5965";"312.14";"425.84";"0";"0"
"C";"2013-08-13";"2013-08-14";"17.8371";"62.38";"0.64";"81";"22.02";"182.17";"0";"28.5965";"312.14";"425.84";"0";"0"
"C";"2013-08-12";"2013-08-13";"17.6549";"61.74";"0.62";"81";"21.8";"176.89";"0";"28.5965";"312.14";"425.84";"0";"0"
"C";"2013-08-11";"2013-08-12";"17.478";"61.12";"0.67";"81";"21.58";"191.29";"0";"28.5965";"312.14";"425.84";"0";"0"
"C";"2013-08-10";"2013-08-11";"17.2867";"60.45";"0.65";"81";"21.34";"187.32";"0";"28.5965";"312.14";"425.84";"0";"0"
"C";"2013-08-09";"2013-08-10";"17.0994";"59.8";"0.74";"81";"21.11";"211.58";"0";"28.5965";"312.14";"425.84";"0";"0"
"C";"2013-08-08";"2013-08-09";"16.8878";"59.06";"0.65";"81";"20.85";"197.64";"10.3";"28.5965";"312.14";"425.84";"0";"0"
"C";"2013-08-07";"2013-08-08";"16.7005";"58.4";"0.67";"81";"20.62";"206.99";"16.5";"28.5965";"312.14";"425.84";"0";"0"
"C";"2013-08-06";"2013-08-07";"16.51";"57.73";"0.62";"81";"20.38";"192.35";"15.2";"28.5965";"312.14";"425.84";"0";"0"
"C";"2013-08-05";"2013-08-06";"16.3329";"57.11";"0.66";"81";"20.16";"205.35";"17.8";"28.5965";"312.14";"425.84";"0";"0"
"C";"2013-08-04";"2013-08-05";"16.1453";"56.46";"0.71";"81";"19.93";"208.92";"6.4";"28.5965";"312.14";"425.84";"0";"0"
"C";"2013-08-03";"2013-08-04";"15.9428";"55.75";"0.57";"81";"19.68";"175.8";"13.5";"28.5965";"312.14";"425.84";"0";"0"
"C";"2013-08-02";"2013-08-03";"15.7805";"55.18";"0.65";"81";"19.48";"199.04";"13.9";"28.5965";"312.14";"425.84";"0";"0"
"C";"2013-08-01";"2013-08-02";"15.5954";"54.54";"0.8";"81";"19.25";"229.74";"0";"28.5965";"312.14";"425.84";"0";"0"
"C";"2013-07-31";"2013-08-01";"15.3656";"53.73";"0.79";"81";"18.97";"224.5";"0";"28.5965";"312.14";"425.84";"0";"0"
"C";"2013-07-30";"2013-07-31";"15.1411";"52.95";"0.71";"81";"18.69";"203.89";"0";"28.5965";"312.14";"425.84";"0";"0"
"C";"2013-07-29";"2013-07-30";"14.9372";"52.23";"0.67";"81";"18.44";"192.42";"0";"28.5965";"312.14";"425.84";"0";"0"
"C";"2013-07-28";"2013-07-29";"14.7448";"51.56";"0.78";"81";"18.2";"222.3";"0";"28.5965";"312.14";"425.84";"0";"0"
"C";"2013-07-27";"2013-07-28";"14.5225";"50.78";"0.82";"81";"17.93";"234.88";"0";"28.5965";"312.14";"425.84";"0";"0"
"C";"2013-07-26";"2013-07-27";"14.2876";"49.96";"0.66";"81";"17.64";"189.95";"0";"28.5965";"312.14";"425.84";"0";"0"
"C";"2013-07-25";"2013-07-26";"14.0977";"49.3";"0.59";"81";"17.4";"167.34";"0";"28.5965";"312.14";"425.84";"0";"0"
"C";"2013-07-24";"2013-07-25";"13.9303";"48.71";"0.59";"81";"17.2";"168.12";"0";"28.5965";"312.14";"425.84";"0";"0"
"C";"2013-07-23";"2013-07-24";"13.7622";"48.13";"0.71";"81";"16.99";"202.45";"0";"28.5965";"312.14";"425.84";"0";"0"
"C";"2013-07-22";"2013-07-23";"13.5598";"47.42";"0.65";"81";"16.74";"186.98";"0";"28.5965";"312.14";"425.84";"0";"0"
"C";"2013-07-21";"2013-07-22";"13.3728";"46.76";"0.66";"81";"16.51";"189.54";"0";"28.5965";"312.14";"425.84";"0";"0"
"C";"2013-07-20";"2013-07-21";"13.1832";"46.1";"0.59";"81";"16.28";"169.83";"0";"28.5965";"312.14";"425.84";"0";"0"
"C";"2013-07-19";"2013-07-20";"13.0134";"45.51";"0.59";"81";"16.07";"167.64";"0";"28.5965";"312.14";"425.84";"0";"0"
"C";"2013-07-18";"2013-07-19";"12.8458";"44.92";"0.55";"81";"15.86";"158.34";"0";"28.5965";"312.14";"425.84";"0";"0"
"C";"2013-07-17";"2013-07-18";"12.6874";"44.37";"0.57";"81";"15.66";"161.74";"0";"28.5965";"312.14";"425.84";"0";"0"
"C";"2013-07-16";"2013-07-17";"12.5257";"43.8";"0.63";"81";"15.46";"180.75";"1.6";"28.5965";"312.14";"425.84";"0";"0"
"C";"2013-07-15";"2013-07-16";"12.3465";"43.17";"0.65";"81";"15.24";"197.18";"12.1";"28.5965";"312.14";"425.84";"0";"0"
"C";"2013-07-14";"2013-07-15";"12.1614";"42.53";"0.71";"81";"15.01";"204.28";"0";"28.5965";"312.14";"425.84";"0";"0"
"C";"2013-07-13";"2013-07-14";"11.9571";"41.81";"0.66";"81";"14.76";"187.98";"0";"28.5965";"312.14";"425.84";"0";"0"
"C";"2013-07-12";"2013-07-13";"11.7692";"41.16";"0.63";"81";"14.53";"181.01";"0";"28.5965";"312.14";"425.84";"0";"0"
"C";"2013-07-11";"2013-07-12";"11.5881";"40.52";"0.63";"81";"14.31";"180.57";"0";"28.5965";"312.14";"425.84";"0";"0"
"C";"2013-07-10";"2013-07-11";"11.4076";"39.89";"0.61";"81";"14.08";"175.49";"0";"28.5965";"312.14";"425.84";"0";"0"
"C";"2013-07-09";"2013-07-10";"11.2321";"39.28";"0.64";"81";"13.87";"183.46";"0";"28.5965";"312.14";"425.84";"0";"0"
"C";"2013-07-08";"2013-07-09";"11.0486";"38.64";"0.64";"81";"13.64";"184.02";"0";"28.5965";"312.14";"425.84";"0";"0"
"C";"2013-07-07";"2013-07-08";"10.8646";"37.99";"0.67";"81";"13.41";"190.28";"0";"28.5965";"312.14";"425.84";"0";"0"
"C";"2013-07-06";"2013-07-07";"10.6743";"37.33";"0.68";"81";"13.18";"194.04";"0";"28.5965";"312.14";"425.84";"0";"0"
"C";"2013-07-05";"2013-07-06";"10.4803";"36.65";"0.54";"81";"12.94";"155.45";"0";"28.5965";"312.14";"425.84";"0";"0"
"C";"2013-07-04";"2013-07-05";"10.3248";"36.11";"0.54";"81";"12.75";"154.77";"0";"28.5965";"312.14";"425.84";"0";"0"
"C";"2013-07-03";"2013-07-04";"10.1701";"35.56";"0.56";"81";"12.56";"161.39";"0";"28.5965";"312.14";"425.84";"0";"0"
"C";"2013-07-02";"2013-07-03";"10.0087";"35";"0.63";"81";"12.36";"181.11";"0";"28.5965";"312.14";"425.84";"0";"0"
"C";"2013-07-01";"2013-07-02";"9.8275";"34.37";"0.57";"81";"12.13";"163.92";"0";"28.5965";"312.14";"425.84";"0";"0"
"C";"2013-06-30";"2013-07-01";"9.6636";"33.79";"0.53";"81";"11.93";"151.82";"0";"28.5965";"312.14";"425.84";"0";"0"
"C";"2013-06-29";"2013-06-30";"9.5118";"33.26";"0.49";"81";"11.74";"139.48";"0";"28.5965";"312.14";"425.84";"0";"0"
"C";"2013-06-28";"2013-06-29";"9.3723";"32.77";"0.55";"81";"11.57";"158.46";"0";"28.5965";"312.14";"425.84";"0";"0"
"C";"2013-06-27";"2013-06-28";"9.2139";"32.22";"0.74";"81";"11.38";"211.67";"0";"28.5965";"312.14";"425.84";"0";"0"
"C";"2013-06-26";"2013-06-27";"9.0022";"31.48";"0.68";"81";"11.11";"195.62";"0";"28.5965";"312.14";"425.84";"0";"0"
"C";"2013-06-25";"2013-06-26";"8.8066";"30.8";"0.66";"81";"10.87";"188.09";"0";"28.5965";"312.14";"425.84";"0";"0"
"C";"2013-06-24";"2013-06-25";"8.6185";"30.14";"0.55";"81";"10.64";"156.42";"0";"28.5965";"312.14";"425.84";"0";"0"
"C";"2013-06-23";"2013-06-24";"8.4621";"29.59";"0.59";"81";"10.45";"169.42";"0";"28.5965";"312.14";"425.84";"0";"0"
"C";"2013-06-22";"2013-06-23";"8.2926";"29";"0.58";"81";"10.24";"166.74";"0";"28.5965";"312.14";"425.84";"0";"0"
"C";"2013-06-21";"2013-06-22";"8.1259";"28.42";"0.53";"81";"10.03";"152.56";"0";"28.5965";"312.14";"425.84";"0";"0"
"C";"2013-06-20";"2013-06-21";"7.9734";"27.88";"0.53";"81";"9.84";"150.64";"0";"28.5965";"312.14";"425.84";"0";"0"
"C";"2013-06-19";"2013-06-20";"7.8227";"27.36";"0.53";"81";"9.66";"151.19";"0";"28.5965";"312.14";"425.84";"0";"0"
"C";"2013-06-18";"2013-06-19";"7.6715";"26.83";"0.53";"81";"9.47";"151.38";"0";"28.5965";"312.14";"425.84";"0";"0"
"C";"2013-06-17";"2013-06-18";"7.5201";"26.3";"0.53";"81";"9.28";"151.08";"0";"28.5965";"312.14";"425.84";"0";"0"
"C";"2013-06-16";"2013-06-17";"7.3691";"25.77";"0.5";"81";"9.1";"143.62";"0";"28.5965";"312.14";"425.84";"0";"0"
"C";"2013-06-15";"2013-06-16";"7.2254";"25.27";"0.5";"81";"8.92";"143.77";"0";"28.5965";"312.14";"425.84";"0";"0"
"C";"2013-06-14";"2013-06-15";"7.0817";"24.76";"0.53";"81";"8.74";"151.74";"0";"28.5965";"312.14";"425.84";"0";"0"
"C";"2013-06-13";"2013-06-14";"6.9299";"24.23";"0.51";"81";"8.56";"145.04";"0";"28.5965";"312.14";"425.84";"0";"0"
"C";"2013-06-12";"2013-06-13";"6.7849";"23.73";"0.54";"81";"8.38";"154.1";"0";"28.5965";"312.14";"425.84";"0";"0"
"C";"2013-06-11";"2013-06-12";"6.6308";"23.19";"0.57";"81";"8.19";"162.9";"0";"28.5965";"312.14";"425.84";"0";"0"
"C";"2013-06-10";"2013-06-11";"6.4679";"22.62";"0.57";"81";"7.99";"164.33";"0";"28.5965";"312.14";"425.84";"0";"0"
"C";"2013-06-09";"2013-06-10";"6.3036";"22.04";"0.77";"81";"7.78";"221.43";"0";"28.5965";"312.14";"425.84";"0";"0"
"C";"2013-06-08";"2013-06-09";"6.0821";"21.27";"0.7";"81";"7.51";"199.8";"0";"28.5965";"312.14";"425.84";"0";"0"
"C";"2013-06-07";"2013-06-08";"5.8823";"20.57";"0.51";"81";"7.26";"146.46";"0";"28.5965";"312.14";"425.84";"0";"0"
"C";"2013-06-06";"2013-06-07";"5.7359";"20.06";"0.38";"81";"7.08";"108.78";"0";"28.5965";"312.14";"425.84";"0";"0"
"C";"2013-06-05";"2013-06-06";"5.6271";"19.68";"0.32";"81";"6.95";"92.69";"0";"28.5965";"312.14";"425.84";"0";"0"
"C";"2013-06-04";"2013-06-05";"5.5344";"19.35";"0.37";"81";"6.83";"105.12";"0";"28.5965";"312.14";"425.84";"0";"0"
"C";"2013-06-03";"2013-06-04";"5.4293";"18.99";"0.36";"81";"6.7";"103.3";"0";"28.5965";"312.14";"425.84";"0";"0"
"C";"2013-06-02";"2013-06-03";"5.326";"18.62";"0.38";"81";"6.58";"108.96";"0";"28.5965";"312.14";"425.84";"0";"0"
"C";"2013-06-01";"2013-06-02";"5.217";"18.24";"0.35";"81";"6.44";"101.02";"0";"28.5965";"312.14";"425.84";"0";"0"
"C";"2013-05-31";"2013-06-01";"5.116";"17.89";"0.31";"81";"6.32";"87.29";"0";"28.5965";"312.14";"425.84";"0";"0"
"C";"2013-05-30";"2013-05-31";"5.0287";"17.59";"0.29";"81";"6.21";"82.66";"0";"28.5965";"312.14";"425.84";"0";"0"
"C";"2013-05-29";"2013-05-30";"4.946";"17.3";"0.1";"81";"6.11";"28.16";"0";"28.5965";"312.14";"425.84";"0";"0"
"C";"2013-05-28";"2013-05-29";"4.9179";"17.2";"0.1";"81";"6.07";"28.33";"0";"28.5965";"312.14";"425.84";"0";"0"
"C";"2013-05-27";"2013-05-28";"4.8896";"17.1";"0.1";"81";"6.04";"29.8";"0";"28.5965";"312.14";"425.84";"0";"0"
"C";"2013-05-26";"2013-05-27";"4.8598";"16.99";"0.22";"81";"6";"63.7";"0";"28.5965";"312.14";"425.84";"0";"0"
"C";"2013-05-25";"2013-05-26";"4.7961";"16.77";"0.3";"81";"5.92";"86.11";"0";"28.5965";"312.14";"425.84";"0";"0"
"C";"2013-05-24";"2013-05-25";"4.71";"16.47";"0.22";"81";"5.81";"62.19";"0";"28.5965";"312.14";"425.84";"0";"0"
"C";"2013-05-23";"2013-05-24";"4.6478";"16.25";"0.23";"81";"5.74";"66.19";"0";"28.5965";"312.14";"425.84";"0";"0"
"C";"2013-05-22";"2013-05-23";"4.5816";"16.02";"0.36";"81";"5.66";"102.59";"0";"28.5965";"312.14";"425.84";"0";"0"
"C";"2013-05-21";"2013-05-22";"4.479";"15.66";"0.41";"81";"5.53";"116.56";"0";"28.5965";"312.14";"425.84";"0";"0"
"C";"2013-05-20";"2013-05-21";"4.3624";"15.26";"0.38";"81";"5.39";"107.28";"0";"28.5965";"312.14";"425.84";"0";"0"
"C";"2013-05-19";"2013-05-20";"4.2551";"14.88";"0.22";"81";"5.25";"62.59";"0";"28.5965";"312.14";"425.84";"0";"0"
"C";"2013-05-18";"2013-05-19";"4.1925";"14.66";"0.23";"81";"5.18";"64.44";"0";"28.5965";"312.14";"425.84";"0";"0"
"C";"2013-05-17";"2013-05-18";"4.1281";"14.44";"0.2";"81";"5.1";"57.25";"0";"28.5965";"312.14";"425.84";"0";"0"
"C";"2013-05-16";"2013-05-17";"4.0709";"14.24";"0.11";"81";"5.03";"31.91";"0";"28.5965";"312.14";"425.84";"0";"0"
"C";"2013-05-15";"2013-05-16";"4.0389";"14.12";"0.1";"81";"4.99";"28.64";"0";"28.5965";"312.14";"425.84";"0";"0"
"C";"2013-05-14";"2013-05-15";"4.0103";"14.02";"0.04";"81";"4.95";"12.5";"0";"28.5965";"312.14";"425.84";"0";"0"
"C";"2013-05-13";"2013-05-14";"3.9978";"13.98";"0.01";"81";"4.94";"2.34";"0";"28.5965";"312.14";"425.84";"0";"0"
"C";"2013-05-12";"2013-05-13";"3.9955";"13.97";"0.07";"81";"4.93";"20.91";"0";"28.5965";"312.14";"425.84";"0";"0"
"C";"2013-05-11";"2013-05-12";"3.9745";"13.9";"0.07";"81";"4.91";"19.93";"0";"28.5965";"312.14";"425.84";"0";"0"
"C";"2013-05-10";"2013-05-11";"3.9546";"13.83";"0.04";"81";"4.88";"12.09";"0";"28.5965";"312.14";"425.84";"0";"0"
"C";"2013-05-09";"2013-05-10";"3.9425";"13.79";"0.06";"81";"4.87";"21.11";"3";"28.5965";"312.14";"425.84";"0";"0"
"C";"2013-05-08";"2013-05-09";"3.9244";"13.72";"0.01";"81";"4.84";"21.64";"18.3";"28.5965";"312.14";"425.84";"0";"0"
"C";"2013-05-07";"2013-05-08";"3.921";"13.71";"0.02";"81";"4.84";"18.03";"11.2";"28.5965";"312.14";"425.84";"0";"0"
"C";"2013-05-06";"2013-05-07";"3.9142";"13.69";"0.08";"81";"4.83";"21.62";"0";"28.5965";"312.14";"425.84";"0";"0"
"C";"2013-05-05";"2013-05-06";"3.8925";"13.61";"0.07";"81";"4.81";"21.31";"0";"28.5965";"312.14";"425.84";"0";"0"
"C";"2013-05-04";"2013-05-05";"3.8712";"13.54";"0.08";"81";"4.78";"21.53";"0";"28.5965";"312.14";"425.84";"0";"0"
"C";"2013-05-03";"2013-05-04";"3.8497";"13.46";"0.07";"81";"4.75";"18.75";"0";"28.5965";"312.14";"425.84";"0";"0"
"C";"2013-05-02";"2013-05-03";"3.8309";"13.4";"0.08";"81";"4.73";"23.74";"0";"28.5965";"312.14";"425.84";"0";"0"
"C";"2013-05-01";"2013-05-02";"3.8072";"13.31";"0.12";"81";"4.7";"34.5";"0";"28.5965";"312.14";"425.84";"0";"0"
"C";"2013-04-30";"2013-05-01";"3.7727";"13.19";"0.08";"81";"4.66";"23.89";"0";"28.5965";"312.14";"425.84";"0";"0"
"C";"2013-04-29";"2013-04-30";"3.7488";"13.11";"0.01";"81";"4.63";"4.26";"0";"28.5965";"312.14";"425.84";"0";"0"
"C";"2013-04-28";"2013-04-29";"3.7446";"13.09";"0.17";"81";"4.62";"47.21";"0";"28.5965";"312.14";"425.84";"0";"0"
"C";"2013-04-27";"2013-04-28";"3.6973";"12.93";"0.15";"81";"4.56";"43.38";"0";"28.5965";"312.14";"425.84";"0";"0"
"C";"2013-04-26";"2013-04-27";"3.654";"12.78";"0.17";"81";"4.51";"47.92";"0";"28.5965";"312.14";"425.84";"0";"0"
"C";"2013-04-25";"2013-04-26";"3.606";"12.61";"0.11";"81";"4.45";"32.36";"0";"28.5965";"312.14";"425.84";"0";"0"
"C";"2013-04-24";"2013-04-25";"3.5737";"12.5";"0.08";"81";"4.41";"22.65";"0";"28.5965";"312.14";"425.84";"0";"0"
"C";"2013-04-23";"2013-04-24";"3.551";"12.42";"0";"81";"4.38";"0";"0";"28.5965";"312.14";"425.84";"0";"0"
"C";"2013-04-22";"2013-04-23";"3.551";"12.42";"0";"81";"4.38";"0";"0";"28.5965";"312.14";"425.84";"0";"0"
"C";"2013-04-21";"2013-04-22";"3.551";"12.42";"0.04";"81";"4.38";"11.94";"0";"28.5965";"312.14";"425.84";"0";"0"
"C";"2013-04-20";"2013-04-21";"3.5391";"12.38";"0.07";"81";"4.37";"20.58";"0";"28.5965";"312.14";"425.84";"0";"0"
"C";"2013-04-19";"2013-04-20";"3.5185";"12.3";"0.07";"81";"4.34";"20.17";"0";"28.5965";"312.14";"425.84";"0";"0"
"C";"2013-04-18";"2013-04-19";"3.4983";"12.23";"0";"81";"4.32";"0";"0";"28.5965";"312.14";"425.84";"0";"0"
"C";"2013-04-17";"2013-04-18";"3.4983";"12.23";"-0.02";"81";"4.32";"0";"6.8";"28.5965";"312.14";"425.84";"0";"0"
"C";"2013-04-16";"2013-04-17";"3.5051";"12.26";"-0.09";"81";"4.33";"0";"26.2";"28.5965";"312.14";"425.84";"0";"0"
"C";"2013-04-15";"2013-04-16";"3.5314";"12.35";"-0.17";"81";"4.36";"0";"47.8";"28.5965";"312.14";"425.84";"0";"0"
"C";"2013-04-14";"2013-04-15";"3.5792";"12.52";"-0.25";"81";"4.42";"0";"72.2";"28.5965";"312.14";"425.84";"0";"0"
"C";"2013-04-13";"2013-04-14";"3.6514";"12.77";"-0.23";"81";"4.51";"0";"66.9";"28.5965";"312.14";"425.84";"0";"0"
"C";"2013-04-12";"2013-04-13";"3.7183";"13";"-0.34";"81";"4.59";"0";"98.4";"28.5965";"312.14";"425.84";"0";"0"
"C";"2013-04-11";"2013-04-12";"3.8166";"13.35";"-0.33";"81";"4.71";"0";"92.9";"28.5965";"312.14";"425.84";"0";"0"
"C";"2013-04-10";"2013-04-11";"3.9096";"13.67";"-0.31";"81";"4.83";"0";"87.9";"28.5965";"312.14";"425.84";"0";"0"
"C";"2013-04-09";"2013-04-10";"3.9975";"13.98";"-0.46";"81";"4.94";"1.06";"131.3";"28.5965";"312.14";"425.84";"0";"0"
"C";"2013-04-08";"2013-04-09";"4.1277";"14.43";"-0.57";"81";"5.1";"0";"163.4";"28.5965";"312.14";"425.84";"0";"0"
"C";"2013-04-07";"2013-04-08";"4.2911";"15.01";"-0.48";"81";"5.3";"0";"137.3";"28.5965";"312.14";"425.84";"0";"0"
"C";"2013-04-06";"2013-04-07";"4.4284";"15.49";"-0.42";"81";"5.47";"0";"121.2";"28.5965";"312.14";"425.84";"0";"0"
"C";"2013-04-05";"2013-04-06";"4.5496";"15.91";"-0.56";"81";"5.62";"0.21";"160.8";"28.5965";"312.14";"425.84";"0";"0"
"C";"2013-04-04";"2013-04-05";"4.7101";"16.47";"-0.6";"81";"5.81";"0.04";"171.3";"28.5965";"312.14";"425.84";"0";"0"
"C";"2013-04-03";"2013-04-04";"4.8814";"17.07";"-0.56";"81";"6.03";"0.03";"161.3";"28.5965";"312.14";"425.84";"0";"0"
"C";"2013-04-02";"2013-04-03";"5.0427";"17.63";"-0.58";"81";"6.23";"0";"166";"28.5965";"312.14";"425.84";"0";"0"
"C";"2013-04-01";"2013-04-02";"5.2086";"18.21";"-0.5";"81";"6.43";"0";"142.6";"28.5965";"312.14";"425.84";"0";"0"
"C";"2013-03-31";"2013-04-01";"5.3512";"18.85";"-0.43";"81";"6.61";"21.77";"143.5";"28.3843";"312.58";"427.68";"0";"0"
"C";"2013-03-30";"2013-03-31";"5.4729";"19.28";"-0.41";"81";"6.76";"25.41";"141.4";"28.3843";"312.58";"427.68";"0";"0"
"C";"2013-03-29";"2013-03-30";"5.5889";"19.69";"-0.45";"81";"6.9";"14.82";"142.8";"28.3843";"312.58";"427.68";"0";"0"
"C";"2013-03-28";"2013-03-29";"5.7169";"20.14";"-0.51";"81";"7.06";"0";"145";"28.3843";"312.58";"427.68";"0";"0"
"C";"2013-03-27";"2013-03-28";"5.8619";"20.65";"-0.6";"81";"7.24";"0";"170.4";"28.3843";"312.58";"427.68";"0";"0"
"C";"2013-03-26";"2013-03-27";"6.0322";"21.25";"-0.72";"81";"7.45";"0";"203.2";"28.3843";"312.58";"427.68";"0";"0"
"C";"2013-03-25";"2013-03-26";"6.2355";"21.97";"-0.84";"81";"7.7";"0";"238.3";"28.3843";"312.58";"427.68";"0";"0"
"C";"2013-03-24";"2013-03-25";"6.4737";"22.81";"-0.83";"81";"7.99";"0";"236.8";"28.3843";"312.58";"427.68";"0";"0"
"C";"2013-03-23";"2013-03-24";"6.7105";"23.64";"-0.67";"81";"8.28";"0";"190.2";"28.3843";"312.58";"427.68";"0";"0"
"C";"2013-03-22";"2013-03-23";"6.9007";"24.31";"-0.62";"81";"8.52";"0";"176.8";"28.3843";"312.58";"427.68";"0";"0"
"C";"2013-03-21";"2013-03-22";"7.0775";"24.93";"-0.83";"81";"8.74";"0";"237";"28.3843";"312.58";"427.68";"0";"0"
"C";"2013-03-20";"2013-03-21";"7.3145";"25.77";"-0.91";"81";"9.03";"0";"259.6";"28.3843";"312.58";"427.68";"0";"0"
"C";"2013-03-19";"2013-03-20";"7.5741";"26.68";"-0.46";"81";"9.35";"8.68";"140.3";"28.3843";"312.58";"427.68";"0";"0"
"C";"2013-03-18";"2013-03-19";"7.7057";"27.15";"-0.3";"81";"9.51";"15.78";"100.8";"28.3843";"312.58";"427.68";"0";"0"
"C";"2013-03-17";"2013-03-18";"7.7907";"27.45";"-0.29";"81";"9.62";"9.62";"91.1";"28.3843";"312.58";"427.68";"0";"0"
"C";"2013-03-16";"2013-03-17";"7.8722";"27.73";"-0.35";"81";"9.72";"0";"99.1";"28.3843";"312.58";"427.68";"0";"0"
"C";"2013-03-15";"2013-03-16";"7.9714";"28.08";"-0.81";"81";"9.84";"0";"229.7";"28.3843";"312.58";"427.68";"0";"0"
"C";"2013-03-14";"2013-03-15";"8.2011";"28.89";"-0.81";"81";"10.12";"0";"228.9";"28.3843";"312.58";"427.68";"0";"0"
"C";"2013-03-13";"2013-03-14";"8.4299";"29.7";"-0.8";"81";"10.41";"0";"228.1";"28.3843";"312.58";"427.68";"0";"0"
"C";"2013-03-12";"2013-03-13";"8.658";"30.5";"-0.46";"81";"10.69";"0";"129.5";"28.3843";"312.58";"427.68";"0";"0"
"C";"2013-03-11";"2013-03-12";"8.7875";"30.96";"-0.35";"81";"10.85";"6.43";"105.2";"28.3843";"312.58";"427.68";"0";"0"
"C";"2013-03-10";"2013-03-11";"8.8863";"31.31";"-0.05";"81";"10.97";"15.94";"30.1";"28.3843";"312.58";"427.68";"0";"0"
"C";"2013-03-09";"2013-03-10";"8.9005";"31.36";"-0.06";"81";"10.99";"15.13";"33.1";"28.3843";"312.58";"427.68";"0";"0"
"C";"2013-03-08";"2013-03-09";"8.9185";"31.42";"-0.12";"81";"11.01";"8.79";"44";"28.3843";"312.58";"427.68";"0";"0"
"C";"2013-03-07";"2013-03-08";"8.9537";"31.54";"-0.16";"81";"11.05";"6.96";"51.3";"28.3843";"312.58";"427.68";"0";"0"
"C";"2013-03-06";"2013-03-07";"8.998";"31.7";"-0.2";"81";"11.11";"0";"57";"28.3843";"312.58";"427.68";"0";"0"
"C";"2013-03-05";"2013-03-06";"9.0551";"31.9";"-0.15";"81";"11.18";"0";"41.9";"28.3843";"312.58";"427.68";"0";"0"
"C";"2013-03-04";"2013-03-05";"9.097";"32.05";"-0.23";"81";"11.23";"0";"64.3";"28.3843";"312.58";"427.68";"0";"0"
"C";"2013-03-03";"2013-03-04";"9.1613";"32.28";"-0.2";"81";"11.31";"0";"55.4";"28.3843";"312.58";"427.68";"0";"0"
"C";"2013-03-02";"2013-03-03";"9.2167";"32.47";"-0.15";"81";"11.38";"0";"41.3";"28.3843";"312.58";"427.68";"0";"0"
"C";"2013-03-01";"2013-03-02";"9.258";"32.62";"-0.33";"81";"11.43";"0";"94.7";"28.3843";"312.58";"427.68";"0";"0"
"C";"2013-02-28";"2013-03-01";"9.3527";"32.95";"-0.44";"81";"11.55";"0";"125.8";"28.3843";"312.58";"427.68";"0";"0"
"C";"2013-02-27";"2013-02-28";"9.4785";"33.39";"-0.34";"81";"11.7";"0";"96.4";"28.3843";"312.58";"427.68";"0";"0"
"C";"2013-02-26";"2013-02-27";"9.5749";"33.73";"-0.34";"81";"11.82";"0";"97.1";"28.3843";"312.58";"427.68";"0";"0"
"C";"2013-02-25";"2013-02-26";"9.6721";"34.08";"-0.33";"81";"11.94";"0.36";"94.3";"28.3843";"312.58";"427.68";"0";"0"
"C";"2013-02-24";"2013-02-25";"9.766";"34.41";"-0.47";"81";"12.06";"0";"134";"28.3843";"312.58";"427.68";"0";"0"
"C";"2013-02-23";"2013-02-24";"9.9";"34.88";"-0.52";"81";"12.22";"0";"148.4";"28.3843";"312.58";"427.68";"0";"0"
"C";"2013-02-22";"2013-02-23";"10.0483";"35.4";"-0.41";"81";"12.41";"0";"117.6";"28.3843";"312.58";"427.68";"0";"0"
"C";"2013-02-21";"2013-02-22";"10.166";"35.82";"-0.45";"81";"12.55";"0";"127.3";"28.3843";"312.58";"427.68";"0";"0"
"C";"2013-02-20";"2013-02-21";"10.2933";"36.26";"-0.41";"81";"12.71";"0";"115.1";"28.3843";"312.58";"427.68";"0";"0"
"C";"2013-02-19";"2013-02-20";"10.4084";"36.67";"-0.33";"81";"12.85";"0";"93.7";"28.3843";"312.58";"427.68";"0";"0"
"C";"2013-02-18";"2013-02-19";"10.5021";"37";"-0.33";"81";"12.97";"0";"92.6";"28.3843";"312.58";"427.68";"0";"0"
"C";"2013-02-17";"2013-02-18";"10.5947";"37.33";"-0.31";"81";"13.08";"0";"87.4";"28.3843";"312.58";"427.68";"0";"0"
"C";"2013-02-16";"2013-02-17";"10.6821";"37.63";"-0.34";"81";"13.19";"0";"95.1";"28.3843";"312.58";"427.68";"0";"0"
"C";"2013-02-15";"2013-02-16";"10.7773";"37.97";"-0.47";"81";"13.31";"0";"134.1";"28.3843";"312.58";"427.68";"0";"0"
"C";"2013-02-14";"2013-02-15";"10.9114";"38.44";"-0.43";"81";"13.47";"0";"122.3";"28.3843";"312.58";"427.68";"0";"0"
"C";"2013-02-13";"2013-02-14";"11.0337";"38.87";"-0.34";"81";"13.62";"0";"97.4";"28.3843";"312.58";"427.68";"0";"0"
"C";"2013-02-12";"2013-02-13";"11.1311";"39.22";"-0.33";"81";"13.74";"0";"93.7";"28.3843";"312.58";"427.68";"0";"0"
"C";"2013-02-11";"2013-02-12";"11.2248";"39.55";"-0.26";"81";"13.86";"0";"75";"28.3843";"312.58";"427.68";"0";"0"
"C";"2013-02-10";"2013-02-11";"11.2998";"39.81";"-0.29";"81";"13.95";"0";"83.3";"28.3843";"312.58";"427.68";"0";"0"
"C";"2013-02-09";"2013-02-10";"11.3831";"40.1";"-0.2";"81";"14.05";"0";"56.2";"28.3843";"312.58";"427.68";"0";"0"
"C";"2013-02-08";"2013-02-09";"11.4393";"40.3";"-0.28";"81";"14.12";"0";"78";"28.3843";"312.58";"427.68";"0";"0"
"C";"2013-02-07";"2013-02-08";"11.5174";"40.58";"-0.4";"81";"14.22";"0";"113.5";"28.3843";"312.58";"427.68";"0";"0"
"C";"2013-02-06";"2013-02-07";"11.6309";"40.98";"-0.39";"81";"14.36";"0";"111.5";"28.3843";"312.58";"427.68";"0";"0"
"C";"2013-02-05";"2013-02-06";"11.7424";"41.37";"-0.32";"81";"14.5";"0";"90.8";"28.3843";"312.58";"427.68";"0";"0"
"C";"2013-02-04";"2013-02-05";"11.8332";"41.69";"-0.32";"81";"14.61";"0";"90.3";"28.3843";"312.58";"427.68";"0";"0"
"C";"2013-02-03";"2013-02-04";"11.9235";"42.01";"-0.24";"81";"14.72";"0";"67.8";"28.3843";"312.58";"427.68";"0";"0"
"C";"2013-02-02";"2013-02-03";"11.9913";"42.25";"-0.23";"81";"14.8";"0";"64.6";"28.3843";"312.58";"427.68";"0";"0"
"C";"2013-02-01";"2013-02-02";"12.0558";"42.47";"-0.34";"81";"14.88";"0";"95.7";"28.3843";"312.58";"427.68";"0";"0"
"C";"2013-01-31";"2013-02-01";"12.1516";"42.81";"-0.53";"81";"15";"0";"150.4";"28.3843";"312.58";"427.68";"0";"0"
"C";"2013-01-30";"2013-01-31";"12.302";"43.34";"-0.61";"81";"15.19";"0";"173";"28.3843";"312.58";"427.68";"0";"0"
"C";"2013-01-29";"2013-01-30";"12.475";"43.95";"-0.7";"81";"15.4";"0";"199.9";"28.3843";"312.58";"427.68";"0";"0"
"C";"2013-01-28";"2013-01-29";"12.6749";"44.65";"-0.88";"81";"15.65";"0";"249.9";"28.3843";"312.58";"427.68";"0";"0"
"C";"2013-01-27";"2013-01-28";"12.9248";"45.54";"-0.89";"81";"15.96";"0";"252.3";"28.3843";"312.58";"427.68";"0";"0"
"C";"2013-01-26";"2013-01-27";"13.1771";"46.42";"-0.82";"81";"16.27";"0";"233.2";"28.3843";"312.58";"427.68";"0";"0"
"C";"2013-01-25";"2013-01-26";"13.4103";"47.25";"-0.74";"81";"16.56";"0";"211.3";"28.3843";"312.58";"427.68";"0";"0"
"C";"2013-01-24";"2013-01-25";"13.6215";"47.99";"-0.76";"81";"16.82";"0";"214.5";"28.3843";"312.58";"427.68";"0";"0"
"C";"2013-01-23";"2013-01-24";"13.836";"48.75";"-0.37";"81";"17.08";"0";"105.3";"28.3843";"312.58";"427.68";"0";"0"
"C";"2013-01-22";"2013-01-23";"13.9413";"49.12";"-0.35";"81";"17.21";"0";"100.5";"28.3843";"312.58";"427.68";"0";"0"
"C";"2013-01-21";"2013-01-22";"14.0418";"49.47";"-0.8";"81";"17.34";"0";"228.1";"28.3843";"312.58";"427.68";"0";"0"
"C";"2013-01-20";"2013-01-21";"14.2699";"50.27";"-0.9";"81";"17.62";"0";"256.4";"28.3843";"312.58";"427.68";"0";"0"
"C";"2013-01-19";"2013-01-20";"14.5263";"51.18";"-0.94";"81";"17.93";"0";"266.4";"28.3843";"312.58";"427.68";"0";"0"
"C";"2013-01-18";"2013-01-19";"14.7927";"52.12";"-0.97";"81";"18.26";"0";"275.9";"28.3843";"312.58";"427.68";"0";"0"
"C";"2013-01-17";"2013-01-18";"15.0686";"53.09";"-0.95";"81";"18.6";"0";"270.5";"28.3843";"312.58";"427.68";"0";"0"
"C";"2013-01-16";"2013-01-17";"15.3391";"54.04";"-0.86";"81";"18.94";"0";"244.3";"28.3843";"312.58";"427.68";"0";"0"
"C";"2013-01-15";"2013-01-16";"15.5834";"54.9";"-1.02";"81";"19.24";"0";"290.4";"28.3843";"312.58";"427.68";"0";"0"
"C";"2013-01-14";"2013-01-15";"15.8737";"55.92";"-1.03";"81";"19.6";"0";"292";"28.3843";"312.58";"427.68";"0";"0"
"C";"2013-01-13";"2013-01-14";"16.1657";"56.95";"-0.84";"81";"19.96";"0";"239.4";"28.3843";"312.58";"427.68";"0";"0"
"C";"2013-01-12";"2013-01-13";"16.4051";"57.8";"-0.91";"81";"20.25";"0";"257.3";"28.3843";"312.58";"427.68";"0";"0"
"C";"2013-01-11";"2013-01-12";"16.6624";"58.7";"-0.92";"81";"20.57";"0";"261.3";"28.3843";"312.58";"427.68";"0";"0"
"C";"2013-01-10";"2013-01-11";"16.9237";"59.62";"-0.83";"81";"20.89";"0";"236.8";"28.3843";"312.58";"427.68";"0";"0"
"C";"2013-01-09";"2013-01-10";"17.1605";"60.46";"-0.69";"81";"21.19";"0";"197.2";"28.3843";"312.58";"427.68";"0";"0"
"C";"2013-01-08";"2013-01-09";"17.3577";"61.15";"-0.85";"81";"21.43";"0";"242.4";"28.3843";"312.58";"427.68";"0";"0"
"C";"2013-01-07";"2013-01-08";"17.6001";"62.01";"-0.7";"81";"21.73";"0";"197.6";"28.3843";"312.58";"427.68";"0";"0"
"C";"2013-01-06";"2013-01-07";"17.7977";"62.7";"-0.41";"81";"21.97";"0";"116.5";"28.3843";"312.58";"427.68";"0";"0"
"C";"2013-01-05";"2013-01-06";"17.9142";"63.11";"-0.31";"81";"22.12";"0";"86.9";"28.3843";"312.58";"427.68";"0";"0"
"C";"2013-01-04";"2013-01-05";"18.0011";"63.42";"-0.53";"81";"22.22";"0";"149.4";"28.3843";"312.58";"427.68";"0";"0"
"C";"2013-01-03";"2013-01-04";"18.1505";"63.95";"-0.7";"81";"22.41";"0";"199.2";"28.3843";"312.58";"427.68";"0";"0"
"C";"2013-01-02";"2013-01-03";"18.3497";"64.65";"-0.8";"81";"22.65";"0";"227.3";"28.3843";"312.58";"427.68";"0";"0"
"C";"2013-01-01";"2013-01-02";"18.577";"65.45";"0";"81";"22.93";"0";"177.9";"28.3843";"312.58";"427.68";"0";"0"
"C";"2012-12-31";"2013-01-01";"18.7549";"66.07";"-0.19";"80";"23.44";"0";"55.2";"28.3843";"312.58";"427.68";"0";"0"
"C";"2012-12-30";"2012-12-31";"18.81";"66.27";"-0.18";"80";"23.51";"0";"50.7";"28.3843";"312.58";"427.68";"0";"0"
"C";"2012-12-29";"2012-12-30";"18.8607";"66.45";"-0.14";"80";"23.58";"0";"40.1";"28.3843";"312.58";"427.68";"0";"0"
"C";"2012-12-28";"2012-12-29";"18.9008";"66.59";"-0.09";"80";"23.63";"0";"25.9";"28.3843";"312.58";"427.68";"0";"0"
"C";"2012-12-27";"2012-12-28";"18.9267";"66.68";"-0.13";"80";"23.66";"0";"36.2";"28.3843";"312.58";"427.68";"0";"0"
"C";"2012-12-26";"2012-12-27";"18.9629";"66.81";"-0.16";"80";"23.7";"0";"45.6";"28.3843";"312.58";"427.68";"0";"0"
"C";"2012-12-25";"2012-12-26";"19.0085";"66.97";"-0.26";"80";"23.76";"0";"75.1";"28.3843";"312.58";"427.68";"0";"0"
"C";"2012-12-24";"2012-12-25";"19.0835";"67.23";"-0.44";"80";"23.85";"0";"125.1";"28.3843";"312.58";"427.68";"0";"0"
"C";"2012-12-23";"2012-12-24";"19.2086";"67.67";"-0.56";"80";"24.01";"0";"159.4";"28.3843";"312.58";"427.68";"0";"0"
"C";"2012-12-22";"2012-12-23";"19.368";"68.23";"-0.62";"80";"24.21";"0";"174.6";"28.3843";"312.58";"427.68";"0";"0"
"C";"2012-12-21";"2012-12-22";"19.5426";"68.85";"-0.71";"80";"24.43";"0";"202.5";"28.3843";"312.58";"427.68";"0";"0"
"C";"2012-12-20";"2012-12-21";"19.7451";"69.56";"-0.23";"80";"24.68";"0";"65.7";"28.3843";"312.58";"427.68";"0";"0"
"C";"2012-12-19";"2012-12-20";"19.8108";"69.79";"-0.14";"80";"24.76";"0";"40.9";"28.3843";"312.58";"427.68";"0";"0"
"C";"2012-12-18";"2012-12-19";"19.8517";"69.94";"-0.18";"80";"24.81";"0";"51.3";"28.3843";"312.58";"427.68";"0";"0"
"C";"2012-12-17";"2012-12-18";"19.9029";"70.12";"-0.64";"80";"24.88";"0";"182.7";"28.3843";"312.58";"427.68";"0";"0"
"C";"2012-12-16";"2012-12-17";"20.0857";"70.76";"-0.81";"80";"25.11";"0";"230.7";"28.3843";"312.58";"427.68";"0";"0"
"C";"2012-12-15";"2012-12-16";"20.3164";"71.58";"-0.66";"80";"25.4";"0";"187.6";"28.3843";"312.58";"427.68";"0";"0"
"C";"2012-12-14";"2012-12-15";"20.5039";"72.24";"-0.69";"80";"25.63";"0";"194.7";"28.3843";"312.58";"427.68";"0";"0"
"C";"2012-12-13";"2012-12-14";"20.6987";"72.92";"-0.8";"80";"25.87";"0";"226.6";"28.3843";"312.58";"427.68";"0";"0"
"C";"2012-12-12";"2012-12-13";"20.9253";"73.72";"-0.86";"80";"26.16";"0";"243.4";"28.3843";"312.58";"427.68";"0";"0"
"C";"2012-12-11";"2012-12-12";"21.1687";"74.58";"-0.85";"80";"26.46";"0";"240.3";"28.3843";"312.58";"427.68";"0";"0"
"C";"2012-12-10";"2012-12-11";"21.409";"75.43";"-0.75";"80";"26.76";"0";"212.3";"28.3843";"312.58";"427.68";"0";"0"
"C";"2012-12-09";"2012-12-10";"21.6214";"76.17";"-0.83";"80";"27.03";"0";"236.9";"28.3843";"312.58";"427.68";"0";"0"
"C";"2012-12-08";"2012-12-09";"21.8582";"77.01";"-0.84";"80";"27.32";"0";"238.4";"28.3843";"312.58";"427.68";"0";"0"
"C";"2012-12-07";"2012-12-08";"22.0966";"77.85";"-0.84";"80";"27.62";"0";"239.1";"28.3843";"312.58";"427.68";"0";"0"
"C";"2012-12-06";"2012-12-07";"22.3358";"78.69";"-0.65";"80";"27.92";"0";"184.3";"28.3843";"312.58";"427.68";"0";"0"
"C";"2012-12-05";"2012-12-06";"22.52";"79.34";"-0.54";"80";"28.15";"0";"153.1";"28.3843";"312.58";"427.68";"0";"0"
"C";"2012-12-04";"2012-12-05";"22.6731";"79.88";"-0.62";"80";"28.34";"0";"177.1";"28.3843";"312.58";"427.68";"0";"0"
"C";"2012-12-03";"2012-12-04";"22.8502";"80.5";"-0.56";"80";"28.56";"0";"158.6";"28.3843";"312.58";"427.68";"0";"0"
"C";"2012-12-02";"2012-12-03";"23.0088";"81.06";"-0.41";"80";"28.76";"0";"115.1";"28.3843";"312.58";"427.68";"0";"0"
"C";"2012-12-01";"2012-12-02";"23.1239";"81.47";"-0.4";"80";"28.9";"0";"113.9";"28.3843";"312.58";"427.68";"0";"0"
"C";"2012-11-30";"2012-12-01";"23.2377";"81.87";"-0.83";"80";"29.05";"0";"236.8";"28.3843";"312.58";"427.68";"0";"0"
"C";"2012-11-29";"2012-11-30";"23.4745";"82.7";"-0.79";"80";"29.34";"0";"225.1";"28.3843";"312.58";"427.68";"0";"0"
"C";"2012-11-28";"2012-11-29";"23.6996";"83.5";"-0.79";"80";"29.62";"0";"223.9";"28.3843";"312.58";"427.68";"0";"0"
"C";"2012-11-27";"2012-11-28";"23.9235";"84.28";"-0.67";"80";"29.9";"0";"190.5";"28.3843";"312.58";"427.68";"0";"0"
"C";"2012-11-26";"2012-11-27";"24.114";"84.96";"-0.75";"80";"30.14";"0";"211.6";"28.3843";"312.58";"427.68";"0";"0"
"C";"2012-11-25";"2012-11-26";"24.3256";"85.7";"-0.67";"80";"30.41";"0";"189.1";"28.3843";"312.58";"427.68";"0";"0"
"C";"2012-11-24";"2012-11-25";"24.5147";"86.37";"-0.68";"80";"30.64";"21.26";"213.8";"28.3843";"312.58";"427.68";"0";"0"
"C";"2012-11-23";"2012-11-24";"24.7073";"87.05";"-0.66";"80";"30.88";"0";"187.4";"28.3843";"312.58";"427.68";"0";"0"
"C";"2012-11-22";"2012-11-23";"24.8947";"87.71";"-0.73";"80";"31.12";"0";"207.8";"28.3843";"312.58";"427.68";"0";"0"
"C";"2012-11-21";"2012-11-22";"25.1025";"88.44";"-0.67";"80";"31.38";"0";"190.9";"28.3843";"312.58";"427.68";"0";"0"
"C";"2012-11-20";"2012-11-21";"25.2934";"89.11";"-0.65";"80";"31.62";"0";"185.7";"28.3843";"312.58";"427.68";"0";"0"
"C";"2012-11-19";"2012-11-20";"25.479";"89.76";"-0.48";"80";"31.85";"0";"136.6";"28.3843";"312.58";"427.68";"0";"0"
"C";"2012-11-18";"2012-11-19";"25.6156";"90.25";"-0.33";"80";"32.02";"40.5";"134.8";"28.3843";"312.58";"427.68";"0";"0"
"C";"2012-11-17";"2012-11-18";"25.7099";"90.58";"-0.38";"80";"32.14";"44.66";"151.7";"28.3843";"312.58";"427.68";"0";"0"
"C";"2012-11-16";"2012-11-17";"25.817";"90.95";"-0.48";"80";"32.27";"26.11";"162.8";"28.3843";"312.58";"427.68";"0";"0"
"C";"2012-11-15";"2012-11-16";"25.9536";"91.44";"-0.54";"80";"32.44";"0";"152.9";"28.3843";"312.58";"427.68";"0";"0"
"C";"2012-11-14";"2012-11-15";"26.1065";"91.98";"-0.33";"80";"32.63";"0";"93.9";"28.3843";"312.58";"427.68";"0";"0"
"C";"2012-11-13";"2012-11-14";"26.2004";"92.31";"-0.26";"80";"32.75";"0";"72.4";"28.3843";"312.58";"427.68";"0";"0"
"C";"2012-11-12";"2012-11-13";"26.2729";"92.56";"-0.27";"80";"32.84";"0";"76.2";"28.3843";"312.58";"427.68";"0";"0"
"C";"2012-11-11";"2012-11-12";"26.3491";"92.83";"-0.16";"80";"32.94";"0";"46";"28.3843";"312.58";"427.68";"0";"0"
"C";"2012-11-10";"2012-11-11";"26.395";"92.99";"-0.18";"80";"32.99";"0";"51";"28.3843";"312.58";"427.68";"0";"0"
"C";"2012-11-09";"2012-11-10";"26.446";"93.17";"-0.43";"80";"33.06";"0";"121.9";"28.3843";"312.58";"427.68";"0";"0"
"C";"2012-11-08";"2012-11-09";"26.5679";"93.6";"-0.67";"80";"33.21";"0";"189.6";"28.3843";"312.58";"427.68";"0";"0"
"C";"2012-11-07";"2012-11-08";"26.7575";"94.27";"-0.6";"80";"33.45";"0";"171.3";"28.3843";"312.58";"427.68";"0";"0"
"C";"2012-11-06";"2012-11-07";"26.9288";"94.87";"-0.82";"80";"33.66";"0";"231.4";"28.3843";"312.58";"427.68";"0";"0"
"C";"2012-11-05";"2012-11-06";"27.1602";"95.69";"-0.57";"80";"33.95";"0";"161.9";"28.3843";"312.58";"427.68";"0";"0"
"C";"2012-11-04";"2012-11-05";"27.322";"96.26";"-0.21";"80";"34.15";"0";"59.7";"28.3843";"312.58";"427.68";"0";"0"
"C";"2012-11-03";"2012-11-04";"27.3818";"96.47";"-0.23";"80";"34.23";"0";"65.2";"28.3843";"312.58";"427.68";"0";"0"
"C";"2012-11-02";"2012-11-03";"27.447";"96.7";"-0.54";"80";"34.31";"0";"152.8";"28.3843";"312.58";"427.68";"0";"0"
"C";"2012-11-01";"2012-11-02";"27.5998";"97.24";"-0.53";"80";"34.5";"0";"150.1";"28.3843";"312.58";"427.68";"0";"0"
"C";"2012-10-31";"2012-11-01";"27.7499";"97.76";"-0.15";"80";"34.69";"0";"41.2";"28.3843";"312.58";"427.68";"0";"0"
"C";"2012-10-30";"2012-10-31";"27.7911";"97.91";"-0.28";"80";"34.74";"0";"79.6";"28.3843";"312.58";"427.68";"0";"0"
"C";"2012-10-29";"2012-10-30";"27.8707";"98.19";"-0.13";"80";"34.84";"0";"36.2";"28.3843";"312.58";"427.68";"0";"0"
"C";"2012-10-28";"2012-10-29";"27.9069";"98.32";"-0.08";"80";"34.88";"0";"21.4";"28.3843";"312.58";"427.68";"0";"0"
"C";"2012-10-27";"2012-10-28";"27.9283";"98.39";"-0.14";"80";"34.91";"0";"40.3";"28.3843";"312.58";"427.68";"0";"0"
"C";"2012-10-26";"2012-10-27";"27.9686";"98.54";"-0.12";"80";"34.96";"0";"35.2";"28.3843";"312.58";"427.68";"0";"0"
"C";"2012-10-25";"2012-10-26";"28.0038";"98.66";"-0.07";"80";"35";"0";"20.4";"28.3843";"312.58";"427.68";"0";"0"
"C";"2012-10-24";"2012-10-25";"28.0242";"98.73";"-0.06";"80";"35.03";"0";"17.1";"28.3843";"312.58";"427.68";"0";"0"
"C";"2012-10-23";"2012-10-24";"28.0412";"98.79";"-0.06";"80";"35.05";"0";"16.9";"28.3843";"312.58";"427.68";"0";"0"
"C";"2012-10-22";"2012-10-23";"28.0581";"98.85";"-0.03";"80";"35.07";"0.73";"8.9";"28.3843";"312.58";"427.68";"0";"0"
"C";"2012-10-21";"2012-10-22";"28.0663";"98.88";"0.05";"80";"35.08";"14.11";"0";"28.3843";"312.58";"427.68";"0";"0"
"C";"2012-10-20";"2012-10-21";"28.0522";"98.83";"0.07";"80";"35.07";"19.63";"0";"28.3843";"312.58";"427.68";"0";"0"
"C";"2012-10-19";"2012-10-20";"28.0326";"98.76";"-0.01";"80";"35.04";"0";"1.5";"28.3843";"312.58";"427.68";"0";"0"
"C";"2012-10-18";"2012-10-19";"28.0341";"98.77";"0";"80";"35.04";"0";"0.1";"28.3843";"312.58";"427.68";"0";"0"
"C";"2012-10-17";"2012-10-18";"28.0342";"98.77";"0";"80";"35.04";"0";"0";"28.3843";"312.58";"427.68";"0";"0"
"C";"2012-10-16";"2012-10-17";"28.0342";"98.77";"0";"80";"35.04";"0";"0";"28.3843";"312.58";"427.68";"0";"0"
"C";"2012-10-15";"2012-10-16";"28.0342";"98.77";"0.06";"80";"35.04";"30.19";"13.7";"28.3843";"312.58";"427.68";"0";"0"
"C";"2012-10-14";"2012-10-15";"28.0177";"98.71";"0";"80";"35.02";"0";"0";"28.3843";"312.58";"427.68";"0";"0"
"C";"2012-10-13";"2012-10-14";"28.0177";"98.71";"-0.01";"80";"35.02";"0";"4";"28.3843";"312.58";"427.68";"0";"0"
"C";"2012-10-12";"2012-10-13";"28.0216";"98.72";"-0.05";"80";"35.03";"0";"14";"28.3843";"312.58";"427.68";"0";"0"
"C";"2012-10-11";"2012-10-12";"28.0356";"98.77";"0";"80";"35.04";"0.73";"0.5";"28.3843";"312.58";"427.68";"0";"0"
"C";"2012-10-10";"2012-10-11";"28.0354";"98.77";"0.04";"80";"35.04";"11.14";"0";"28.3843";"312.58";"427.68";"0";"0"
"C";"2012-10-09";"2012-10-10";"28.0242";"98.73";"0.02";"80";"35.03";"6.15";"0";"28.3843";"312.58";"427.68";"0";"0"
"C";"2012-10-08";"2012-10-09";"28.0181";"98.71";"0.04";"80";"35.02";"10.52";"0";"28.3843";"312.58";"427.68";"0";"0"
"C";"2012-10-07";"2012-10-08";"28.0076";"98.67";"0.1";"80";"35.01";"30.82";"1.3";"28.3843";"312.58";"427.68";"0";"0"
"C";"2012-10-06";"2012-10-07";"27.978";"98.57";"0.1";"80";"34.97";"32.56";"4";"28.3843";"312.58";"427.68";"0";"0"
"C";"2012-10-05";"2012-10-06";"27.9495";"98.47";"0.04";"80";"34.94";"15.26";"4.2";"28.3843";"312.58";"427.68";"0";"0"
"C";"2012-10-04";"2012-10-05";"27.9385";"98.43";"0.03";"80";"34.92";"12.72";"4.2";"28.3843";"312.58";"427.68";"0";"0"
"C";"2012-10-03";"2012-10-04";"27.9299";"98.4";"0.03";"80";"34.91";"13.81";"4.5";"28.3843";"312.58";"427.68";"0";"0"
"C";"2012-10-02";"2012-10-03";"27.9206";"98.37";"0.05";"80";"34.9";"13.6";"0";"28.3843";"312.58";"427.68";"0";"0"
"C";"2012-10-01";"2012-10-02";"27.907";"98.32";"0.04";"80";"34.88";"11.72";"0";"28.3843";"312.58";"427.68";"0";"0"
"C";"2012-09-30";"2012-10-01";"27.8952";"98.28";"0.09";"80";"34.87";"54.9";"0";"28.3843";"312.58";"427.68";"0";"0"
"C";"2012-09-29";"2012-09-30";"27.8697";"98.19";"0.25";"80";"34.84";"70.3";"0";"28.3843";"312.58";"427.68";"0";"0"
"C";"2012-09-28";"2012-09-29";"27.7994";"97.94";"0.22";"80";"34.75";"63.23";"0";"28.3843";"312.58";"427.68";"0";"0"
"C";"2012-09-27";"2012-09-28";"27.7362";"97.72";"0.19";"80";"34.67";"52.58";"0";"28.3843";"312.58";"427.68";"0";"0"
"C";"2012-09-26";"2012-09-27";"27.6836";"97.53";"0.11";"80";"34.6";"31.38";"0";"28.3843";"312.58";"427.68";"0";"0"
"C";"2012-09-25";"2012-09-26";"27.6522";"97.42";"0.11";"80";"34.57";"31.48";"0";"28.3843";"312.58";"427.68";"0";"0"
"C";"2012-09-24";"2012-09-25";"27.6208";"97.31";"0.09";"80";"34.53";"25.37";"0";"28.3843";"312.58";"427.68";"0";"0"
"C";"2012-09-23";"2012-09-24";"27.5954";"97.22";"0.09";"80";"34.49";"26.92";"0";"28.3843";"312.58";"427.68";"0";"0"
"C";"2012-09-22";"2012-09-23";"27.5685";"97.13";"0.1";"80";"34.46";"27.73";"0";"28.3843";"312.58";"427.68";"0";"0"
"C";"2012-09-21";"2012-09-22";"27.5407";"97.03";"0.1";"80";"34.43";"27.85";"0";"28.3843";"312.58";"427.68";"0";"0"
"C";"2012-09-20";"2012-09-21";"27.5129";"96.93";"0.11";"80";"34.39";"30.38";"0";"28.3843";"312.58";"427.68";"0";"0"
"C";"2012-09-19";"2012-09-20";"27.4825";"96.82";"0.2";"80";"34.35";"56.81";"0";"28.3843";"312.58";"427.68";"0";"0"
"C";"2012-09-18";"2012-09-19";"27.4257";"96.62";"0.16";"80";"34.28";"45.62";"0";"28.3843";"312.58";"427.68";"0";"0"
"C";"2012-09-17";"2012-09-18";"27.3801";"96.46";"0.1";"80";"34.23";"29.31";"0";"28.3843";"312.58";"427.68";"0";"0"
"C";"2012-09-16";"2012-09-17";"27.3508";"96.36";"0.15";"80";"34.19";"42.71";"0";"28.3843";"312.58";"427.68";"0";"0"
"C";"2012-09-15";"2012-09-16";"27.3081";"96.21";"0.2";"80";"34.14";"55.43";"0";"28.3843";"312.58";"427.68";"0";"0"
"C";"2012-09-14";"2012-09-15";"27.2526";"96.01";"0.18";"80";"34.07";"51.86";"0";"28.3843";"312.58";"427.68";"0";"0"
"C";"2012-09-13";"2012-09-14";"27.2008";"95.83";"0.11";"80";"34";"30.58";"0";"28.3843";"312.58";"427.68";"0";"0"
"C";"2012-09-12";"2012-09-13";"27.1702";"95.72";"0.18";"80";"33.96";"50.59";"0";"28.3843";"312.58";"427.68";"0";"0"
"C";"2012-09-11";"2012-09-12";"27.1196";"95.54";"0.17";"80";"33.9";"47.54";"0";"28.3843";"312.58";"427.68";"0";"0"
"C";"2012-09-10";"2012-09-11";"27.0721";"95.38";"0.2";"80";"33.84";"57.32";"0";"28.3843";"312.58";"427.68";"0";"0"
"C";"2012-09-09";"2012-09-10";"27.0147";"95.17";"0.23";"80";"33.77";"64";"0";"28.3843";"312.58";"427.68";"0";"0"
"C";"2012-09-08";"2012-09-09";"26.9507";"94.95";"0.24";"80";"33.69";"67.37";"0";"28.3843";"312.58";"427.68";"0";"0"
"C";"2012-09-07";"2012-09-08";"26.8834";"94.71";"0.2";"80";"33.6";"56.9";"0";"28.3843";"312.58";"427.68";"0";"0"
"C";"2012-09-06";"2012-09-07";"26.8265";"94.51";"0.18";"80";"33.53";"49.81";"0";"28.3843";"312.58";"427.68";"0";"0"
"C";"2012-09-05";"2012-09-06";"26.7766";"94.34";"0.21";"80";"33.47";"59.72";"0";"28.3843";"312.58";"427.68";"0";"0"
"C";"2012-09-04";"2012-09-05";"26.7169";"94.13";"0.26";"80";"33.4";"72.46";"0";"28.3843";"312.58";"427.68";"0";"0"
"C";"2012-09-03";"2012-09-04";"26.6445";"93.87";"0.24";"80";"33.31";"67.46";"0";"28.3843";"312.58";"427.68";"0";"0"
"C";"2012-09-02";"2012-09-03";"26.577";"93.63";"0.17";"80";"33.22";"48.82";"0";"28.3843";"312.58";"427.68";"0";"0"
"C";"2012-09-01";"2012-09-02";"26.5282";"93.46";"0.24";"80";"33.16";"67.2";"0";"28.3843";"312.58";"427.68";"0";"0"
"C";"2012-08-31";"2012-09-01";"26.461";"93.22";"0.25";"80";"33.08";"70.69";"0";"28.3843";"312.58";"427.68";"0";"0"
"C";"2012-08-30";"2012-08-31";"26.3903";"92.97";"0.25";"80";"32.99";"70.68";"0";"28.3843";"312.58";"427.68";"0";"0"
"C";"2012-08-29";"2012-08-30";"26.3196";"92.73";"0.23";"80";"32.9";"66.18";"0";"28.3843";"312.58";"427.68";"0";"0"
"C";"2012-08-28";"2012-08-29";"26.2534";"92.49";"0.25";"80";"32.82";"69.86";"0";"28.3843";"312.58";"427.68";"0";"0"
"C";"2012-08-27";"2012-08-28";"26.1836";"92.25";"0.28";"80";"32.73";"78.7";"0";"28.3843";"312.58";"427.68";"0";"0"
"C";"2012-08-26";"2012-08-27";"26.1049";"91.97";"0.32";"80";"32.63";"90.33";"0";"28.3843";"312.58";"427.68";"0";"0"
"C";"2012-08-25";"2012-08-26";"26.0146";"91.65";"0.31";"80";"32.52";"88.78";"0";"28.3843";"312.58";"427.68";"0";"0"
"C";"2012-08-24";"2012-08-25";"25.9258";"91.34";"0.28";"80";"32.41";"80.16";"0";"28.3843";"312.58";"427.68";"0";"0"
"C";"2012-08-23";"2012-08-24";"25.8456";"91.06";"0.25";"80";"32.31";"70.2";"0";"28.3843";"312.58";"427.68";"0";"0"
"C";"2012-08-22";"2012-08-23";"25.7754";"90.81";"0.25";"80";"32.22";"72.04";"0";"28.3843";"312.58";"427.68";"0";"0"
"C";"2012-08-21";"2012-08-22";"25.7034";"90.55";"0.25";"80";"32.13";"72.04";"0";"28.3843";"312.58";"427.68";"0";"0"
"C";"2012-08-20";"2012-08-21";"25.6313";"90.3";"0.24";"80";"32.04";"85.14";"16.8";"28.3843";"312.58";"427.68";"0";"0"
"C";"2012-08-19";"2012-08-20";"25.563";"90.06";"0.28";"80";"31.95";"101.42";"20.6";"28.3843";"312.58";"427.68";"0";"0"
"C";"2012-08-18";"2012-08-19";"25.4822";"89.78";"0.28";"80";"31.85";"101.69";"22";"28.3843";"312.58";"427.68";"0";"0"
"C";"2012-08-17";"2012-08-18";"25.4026";"89.5";"0.28";"80";"31.75";"103.54";"24";"28.3843";"312.58";"427.68";"0";"0"
"C";"2012-08-16";"2012-08-17";"25.323";"89.21";"0.31";"80";"31.65";"113.94";"25.2";"28.3843";"312.58";"427.68";"0";"0"
"C";"2012-08-15";"2012-08-16";"25.2343";"88.9";"0.28";"80";"31.54";"103.87";"23.1";"28.3843";"312.58";"427.68";"0";"0"
"C";"2012-08-14";"2012-08-15";"25.1535";"88.62";"0.3";"80";"31.44";"108.71";"23.1";"28.3843";"312.58";"427.68";"0";"0"
"C";"2012-08-13";"2012-08-14";"25.0679";"88.32";"0.22";"80";"31.33";"86";"24.8";"28.3843";"312.58";"427.68";"0";"0"
"C";"2012-08-12";"2012-08-13";"25.0067";"88.1";"0.31";"80";"31.26";"91.67";"5";"28.3843";"312.58";"427.68";"0";"0"
"C";"2012-08-11";"2012-08-12";"24.92";"87.79";"0.41";"80";"31.15";"120.43";"4.8";"28.3843";"312.58";"427.68";"0";"0"
"C";"2012-08-10";"2012-08-11";"24.8044";"87.39";"0.32";"80";"31.01";"103.02";"11.9";"28.3843";"312.58";"427.68";"0";"0"
"C";"2012-08-09";"2012-08-10";"24.7133";"87.07";"0.31";"80";"30.89";"93.08";"5.1";"28.3843";"312.58";"427.68";"0";"0"
"C";"2012-08-08";"2012-08-09";"24.6253";"86.76";"0.27";"80";"30.78";"80.82";"5.1";"28.3843";"312.58";"427.68";"0";"0"
"C";"2012-08-07";"2012-08-08";"24.5496";"86.49";"0.32";"80";"30.69";"94.66";"4.9";"28.3843";"312.58";"427.68";"0";"0"
"C";"2012-08-06";"2012-08-07";"24.4598";"86.17";"0.26";"80";"30.57";"79.35";"5";"28.3843";"312.58";"427.68";"0";"0"
"C";"2012-08-05";"2012-08-06";"24.3855";"85.91";"0.35";"80";"30.48";"104.51";"4.8";"28.3843";"312.58";"427.68";"0";"0"
"C";"2012-08-04";"2012-08-05";"24.2858";"85.56";"0.35";"80";"30.36";"102.79";"4.9";"28.3843";"312.58";"427.68";"0";"0"
"C";"2012-08-03";"2012-08-04";"24.1878";"85.22";"0.27";"80";"30.23";"82.39";"4.7";"28.3843";"312.58";"427.68";"0";"0"
"C";"2012-08-02";"2012-08-03";"24.1101";"84.94";"0.39";"80";"30.14";"116.4";"4.7";"28.3843";"312.58";"427.68";"0";"0"
"C";"2012-08-01";"2012-08-02";"23.9985";"84.55";"0.42";"80";"30";"125.7";"6.3";"28.3843";"312.58";"427.68";"0";"0"
"C";"2012-07-31";"2012-08-01";"23.8791";"84.13";"0.46";"80";"29.85";"136.16";"4.3";"28.3843";"312.58";"427.68";"0";"0"
"C";"2012-07-30";"2012-07-31";"23.7472";"83.66";"0.53";"80";"29.68";"149.28";"0";"28.3843";"312.58";"427.68";"0";"0"
"C";"2012-07-29";"2012-07-30";"23.598";"83.14";"0.58";"80";"29.5";"165.5";"0";"28.3843";"312.58";"427.68";"0";"0"
"C";"2012-07-28";"2012-07-29";"23.4325";"82.55";"0.54";"80";"29.29";"152.19";"0";"28.3843";"312.58";"427.68";"0";"0"
"C";"2012-07-27";"2012-07-28";"23.2803";"82.02";"0.39";"80";"29.1";"111.72";"0";"28.3843";"312.58";"427.68";"0";"0"
"C";"2012-07-26";"2012-07-27";"23.1686";"81.62";"0.44";"80";"28.96";"125.91";"0";"28.3843";"312.58";"427.68";"0";"0"
"C";"2012-07-25";"2012-07-26";"23.0426";"81.18";"0.51";"80";"28.8";"144.03";"0";"28.3843";"312.58";"427.68";"0";"0"
"C";"2012-07-24";"2012-07-25";"22.8986";"80.67";"0.49";"80";"28.62";"140.27";"0";"28.3843";"312.58";"427.68";"0";"0"
"C";"2012-07-23";"2012-07-24";"22.7583";"80.18";"0.39";"80";"28.45";"111.84";"0";"28.3843";"312.58";"427.68";"0";"0"
"C";"2012-07-22";"2012-07-23";"22.6465";"79.79";"0.42";"80";"28.31";"119.45";"0";"28.3843";"312.58";"427.68";"0";"0"
"C";"2012-07-21";"2012-07-22";"22.5271";"79.36";"0.45";"80";"28.16";"127.32";"0";"28.3843";"312.58";"427.68";"0";"0"
"C";"2012-07-20";"2012-07-21";"22.3997";"78.92";"0.4";"80";"28";"114.75";"0";"28.3843";"312.58";"427.68";"0";"0"
"C";"2012-07-19";"2012-07-20";"22.285";"78.51";"0.46";"80";"27.86";"129.65";"0";"28.3843";"312.58";"427.68";"0";"0"
"C";"2012-07-18";"2012-07-19";"22.1553";"78.05";"0.36";"80";"27.69";"101.31";"0";"28.3843";"312.58";"427.68";"0";"0"
"C";"2012-07-17";"2012-07-18";"22.054";"77.7";"0.29";"80";"27.57";"81.66";"0";"28.3843";"312.58";"427.68";"0";"0"
"C";"2012-07-16";"2012-07-17";"21.9724";"77.41";"0.27";"80";"27.47";"77.63";"0";"28.3843";"312.58";"427.68";"0";"0"
"C";"2012-07-15";"2012-07-16";"21.8947";"77.14";"0.36";"80";"27.37";"101.68";"0";"28.3843";"312.58";"427.68";"0";"0"
"C";"2012-07-14";"2012-07-15";"21.7931";"76.78";"0.3";"80";"27.24";"85.3";"0";"28.3843";"312.58";"427.68";"0";"0"
"C";"2012-07-13";"2012-07-14";"21.7078";"76.48";"0.26";"80";"27.13";"72.86";"0";"28.3843";"312.58";"427.68";"0";"0"
"C";"2012-07-12";"2012-07-13";"21.6349";"76.22";"0.33";"80";"27.04";"94.85";"0";"28.3843";"312.58";"427.68";"0";"0"
"C";"2012-07-11";"2012-07-12";"21.5401";"75.89";"0.31";"80";"26.93";"87.84";"0";"28.3843";"312.58";"427.68";"0";"0"
"C";"2012-07-10";"2012-07-11";"21.4522";"75.58";"0.21";"80";"26.82";"60.37";"0";"28.3843";"312.58";"427.68";"0";"0"
"C";"2012-07-09";"2012-07-10";"21.3918";"75.36";"0.41";"80";"26.74";"115.15";"0";"28.3843";"312.58";"427.68";"0";"0"
"C";"2012-07-08";"2012-07-09";"21.2767";"74.96";"0.36";"80";"26.6";"102.74";"0";"28.3843";"312.58";"427.68";"0";"0"
"C";"2012-07-07";"2012-07-08";"21.174";"74.6";"0.42";"80";"26.47";"119.02";"0";"28.3843";"312.58";"427.68";"0";"0"
"C";"2012-07-06";"2012-07-07";"21.0549";"74.18";"0.53";"80";"26.32";"150.1";"0";"28.3843";"312.58";"427.68";"0";"0"
"C";"2012-07-05";"2012-07-06";"20.9048";"73.65";"0.55";"80";"26.13";"155.33";"0";"28.3843";"312.58";"427.68";"0";"0"
"C";"2012-07-04";"2012-07-05";"20.7495";"73.1";"0.59";"80";"25.94";"166.68";"0";"28.3843";"312.58";"427.68";"0";"0"
"C";"2012-07-03";"2012-07-04";"20.5828";"72.51";"0.51";"80";"25.73";"145.52";"0";"28.3843";"312.58";"427.68";"0";"0"
"C";"2012-07-02";"2012-07-03";"20.4373";"72";"0.36";"80";"25.55";"100.91";"0";"28.3843";"312.58";"427.68";"0";"0"
"C";"2012-07-01";"2012-07-02";"20.3364";"71.65";"0.4";"80";"25.42";"113.04";"0";"28.3843";"312.58";"427.68";"0";"0"
"C";"2012-06-30";"2012-07-01";"20.2234";"71.25";"0.4";"80";"25.28";"113.9";"0";"28.3843";"312.58";"427.68";"0";"0"
"C";"2012-06-29";"2012-06-30";"20.1095";"70.85";"0.27";"80";"25.14";"77.2";"0";"28.3843";"312.58";"427.68";"0";"0"
"C";"2012-06-28";"2012-06-29";"20.0323";"70.58";"0.21";"80";"25.04";"60.27";"0";"28.3843";"312.58";"427.68";"0";"0"
"C";"2012-06-27";"2012-06-28";"19.972";"70.36";"0.21";"80";"24.97";"58.91";"0";"28.3843";"312.58";"427.68";"0";"0"
"C";"2012-06-26";"2012-06-27";"19.9131";"70.16";"0.13";"80";"24.89";"37.55";"0";"28.3843";"312.58";"427.68";"0";"0"
"C";"2012-06-25";"2012-06-26";"19.8755";"70.02";"0.26";"80";"24.84";"74.05";"0";"28.3843";"312.58";"427.68";"0";"0"
"C";"2012-06-24";"2012-06-25";"19.8015";"69.76";"0.28";"80";"24.75";"79.42";"0";"28.3843";"312.58";"427.68";"0";"0"
"C";"2012-06-23";"2012-06-24";"19.7221";"69.48";"0.27";"80";"24.65";"78.17";"0.7";"28.3843";"312.58";"427.68";"0";"0"
"C";"2012-06-22";"2012-06-23";"19.6446";"69.21";"0.17";"80";"24.56";"48.49";"0.5";"28.3843";"312.58";"427.68";"0";"0"
"C";"2012-06-21";"2012-06-22";"19.5966";"69.04";"0.08";"80";"24.5";"24.87";"1.3";"28.3843";"312.58";"427.68";"0";"0"
"C";"2012-06-20";"2012-06-21";"19.573";"68.96";"0.28";"80";"24.47";"90.16";"10.5";"28.3843";"312.58";"427.68";"0";"0"
"C";"2012-06-19";"2012-06-20";"19.4933";"68.68";"0.16";"80";"24.37";"80.35";"35.6";"28.3843";"312.58";"427.68";"0";"0"
"C";"2012-06-18";"2012-06-19";"19.4486";"68.52";"0.26";"80";"24.31";"105.03";"31.3";"28.3843";"312.58";"427.68";"0";"0"
"C";"2012-06-17";"2012-06-18";"19.3749";"68.26";"0.27";"80";"24.22";"75.71";"0";"28.3843";"312.58";"427.68";"0";"0"
"C";"2012-06-16";"2012-06-17";"19.2992";"67.99";"0.24";"80";"24.12";"67.47";"0";"28.3843";"312.58";"427.68";"0";"0"
"C";"2012-06-15";"2012-06-16";"19.2317";"67.75";"0.17";"80";"24.04";"48.17";"0";"28.3843";"312.58";"427.68";"0";"0"
"C";"2012-06-14";"2012-06-15";"19.1836";"67.59";"0.1";"80";"23.98";"28.43";"0";"28.3843";"312.58";"427.68";"0";"0"
"C";"2012-06-13";"2012-06-14";"19.1551";"67.48";"0.12";"80";"23.94";"34.03";"0";"28.3843";"312.58";"427.68";"0";"0"
"C";"2012-06-12";"2012-06-13";"19.1211";"67.36";"0.16";"80";"23.9";"44.32";"0";"28.3843";"312.58";"427.68";"0";"0"
"C";"2012-06-11";"2012-06-12";"19.0768";"67.21";"0.26";"80";"23.85";"74.77";"0";"28.3843";"312.58";"427.68";"0";"0"
"C";"2012-06-10";"2012-06-11";"19.002";"66.95";"0.24";"80";"23.75";"69.24";"0";"28.3843";"312.58";"427.68";"0";"0"
"C";"2012-06-09";"2012-06-10";"18.9328";"66.7";"0.22";"80";"23.67";"62.22";"0";"28.3843";"312.58";"427.68";"0";"0"
"C";"2012-06-08";"2012-06-09";"18.8706";"66.48";"0.18";"80";"23.59";"50.39";"0";"28.3843";"312.58";"427.68";"0";"0"
"C";"2012-06-07";"2012-06-08";"18.8202";"66.3";"0.16";"80";"23.53";"44.18";"0";"28.3843";"312.58";"427.68";"0";"0"
"C";"2012-06-06";"2012-06-07";"18.776";"66.15";"0.23";"80";"23.47";"65.06";"0";"28.3843";"312.58";"427.68";"0";"0"
"C";"2012-06-05";"2012-06-06";"18.7109";"65.92";"0.29";"80";"23.39";"83.65";"0";"28.3843";"312.58";"427.68";"0";"0"
"C";"2012-06-04";"2012-06-05";"18.6273";"65.63";"0.32";"80";"23.28";"91.34";"0";"28.3843";"312.58";"427.68";"0";"0"
"C";"2012-06-03";"2012-06-04";"18.5359";"65.3";"0.33";"80";"23.17";"92.33";"0";"28.3843";"312.58";"427.68";"0";"0"
"C";"2012-06-02";"2012-06-03";"18.4436";"64.98";"0.33";"80";"23.05";"93.1";"0";"28.3843";"312.58";"427.68";"0";"0"
"C";"2012-06-01";"2012-06-02";"18.3505";"64.65";"1.24";"80";"22.94";"88.35";"0";"28.3843";"312.58";"427.68";"0";"0"
"C";"2012-05-31";"2012-06-01";"17.9972";"63.41";"0.26";"80";"22.5";"74.3";"0";"28.3843";"312.58";"427.68";"0";"0"
"C";"2012-05-30";"2012-05-31";"17.9229";"63.14";"0.36";"80";"22.4";"101.19";"0";"28.3843";"312.58";"427.68";"0";"0"
"C";"2012-05-29";"2012-05-30";"17.8217";"62.79";"0.45";"80";"22.28";"128.48";"0";"28.3843";"312.58";"427.68";"0";"0"
"C";"2012-05-28";"2012-05-29";"17.6932";"62.33";"0.41";"80";"22.12";"116.19";"0";"28.3843";"312.58";"427.68";"0";"0"
"C";"2012-05-27";"2012-05-28";"17.577";"61.93";"0.54";"80";"21.97";"153.37";"0";"28.3843";"312.58";"427.68";"0";"0"
"C";"2012-05-26";"2012-05-27";"17.4236";"61.38";"0.47";"80";"21.78";"132.99";"0";"28.3843";"312.58";"427.68";"0";"0"
"C";"2012-05-25";"2012-05-26";"17.2907";"60.92";"0.33";"80";"21.61";"92.38";"0";"28.3843";"312.58";"427.68";"0";"0"
"C";"2012-05-24";"2012-05-25";"17.1983";"60.59";"0.46";"80";"21.5";"129.52";"0";"28.3843";"312.58";"427.68";"0";"0"
"C";"2012-05-23";"2012-05-24";"17.0688";"60.13";"0.34";"80";"21.34";"98.07";"2";"28.3843";"312.58";"427.68";"0";"0"
"C";"2012-05-22";"2012-05-23";"16.9727";"59.8";"0.24";"80";"21.22";"69.09";"0";"28.3843";"312.58";"427.68";"0";"0"
"C";"2012-05-21";"2012-05-22";"16.9036";"59.55";"0.24";"80";"21.13";"69.43";"0";"28.3843";"312.58";"427.68";"0";"0"
"C";"2012-05-20";"2012-05-21";"16.8342";"59.31";"0.26";"80";"21.04";"74.78";"0";"28.3843";"312.58";"427.68";"0";"0"
"C";"2012-05-19";"2012-05-20";"16.7594";"59.04";"0.15";"80";"20.95";"43.94";"0";"28.3843";"312.58";"427.68";"0";"0"
"C";"2012-05-18";"2012-05-19";"16.7155";"58.89";"0.11";"80";"20.89";"31.17";"0";"28.3843";"312.58";"427.68";"0";"0"
"C";"2012-05-17";"2012-05-18";"16.6843";"58.78";"0.03";"80";"20.86";"7.31";"0";"28.3843";"312.58";"427.68";"0";"0"
"C";"2012-05-16";"2012-05-17";"16.677";"58.75";"0.05";"80";"20.85";"14.68";"0";"28.3843";"312.58";"427.68";"0";"0"
"C";"2012-05-15";"2012-05-16";"16.6623";"58.7";"0.17";"80";"20.83";"47.25";"0";"28.3843";"312.58";"427.68";"0";"0"
"C";"2012-05-14";"2012-05-15";"16.615";"58.54";"0.12";"80";"20.77";"32.81";"0";"28.3843";"312.58";"427.68";"0";"0"
"C";"2012-05-13";"2012-05-14";"16.5822";"58.42";"0.25";"80";"20.73";"70.09";"0";"28.3843";"312.58";"427.68";"0";"0"
"C";"2012-05-12";"2012-05-13";"16.5121";"58.17";"0.25";"80";"20.64";"71.36";"0";"28.3843";"312.58";"427.68";"0";"0"
"C";"2012-05-11";"2012-05-12";"16.4408";"57.92";"0.2";"80";"20.55";"57.38";"0";"28.3843";"312.58";"427.68";"0";"0"
"C";"2012-05-10";"2012-05-11";"16.3834";"57.72";"0.2";"80";"20.48";"57.74";"0";"28.3843";"312.58";"427.68";"0";"0"
"C";"2012-05-09";"2012-05-10";"16.3257";"57.52";"0.2";"80";"20.41";"57.1";"0";"28.3843";"312.58";"427.68";"0";"0"
"C";"2012-05-08";"2012-05-09";"16.2686";"57.32";"0.2";"80";"20.34";"57.23";"0";"28.3843";"312.58";"427.68";"0";"0"
"C";"2012-05-07";"2012-05-08";"16.2113";"57.11";"0.18";"80";"20.26";"52.3";"0";"28.3843";"312.58";"427.68";"0";"0"
"C";"2012-05-06";"2012-05-07";"16.159";"56.93";"0.05";"80";"20.2";"14.58";"0";"28.3843";"312.58";"427.68";"0";"0"
"C";"2012-05-05";"2012-05-06";"16.1445";"56.88";"0.2";"80";"20.18";"56.28";"0";"28.3843";"312.58";"427.68";"0";"0"
"C";"2012-05-04";"2012-05-05";"16.0882";"56.68";"0.21";"80";"20.11";"59.34";"0";"28.3843";"312.58";"427.68";"0";"0"
"C";"2012-05-03";"2012-05-04";"16.0288";"56.47";"0.24";"80";"20.04";"69.54";"2.2";"28.3843";"312.58";"427.68";"0";"0"
"C";"2012-05-02";"2012-05-03";"15.9615";"56.23";"0.36";"80";"19.95";"104.05";"0.9";"28.3843";"312.58";"427.68";"0";"0"
"C";"2012-05-01";"2012-05-02";"15.8583";"55.87";"0.55";"80";"19.82";"155.26";"0";"28.3843";"312.58";"427.68";"0";"0"
"C";"2012-04-30";"2012-05-01";"15.7031";"55.32";"0.6";"80";"19.63";"170.75";"0";"28.3843";"312.58";"427.68";"0";"0"
"C";"2012-04-29";"2012-04-30";"15.5323";"54.72";"0.59";"80";"19.42";"166.75";"0";"28.3843";"312.58";"427.68";"0";"0"
"C";"2012-04-28";"2012-04-29";"15.3656";"54.13";"0.52";"80";"19.21";"148.6";"0";"28.3843";"312.58";"427.68";"0";"0"
"C";"2012-04-27";"2012-04-28";"15.217";"53.61";"0.29";"80";"19.02";"83.69";"0.5";"28.3843";"312.58";"427.68";"0";"0"
"C";"2012-04-26";"2012-04-27";"15.1338";"53.32";"0.19";"80";"18.92";"56.06";"0.8";"28.3843";"312.58";"427.68";"0";"0"
"C";"2012-04-25";"2012-04-26";"15.0785";"53.12";"0.13";"80";"18.85";"39.16";"1.8";"28.3843";"312.58";"427.68";"0";"0"
"C";"2012-04-24";"2012-04-25";"15.0411";"52.99";"0.06";"80";"18.8";"16.32";"0";"28.3843";"312.58";"427.68";"0";"0"
"C";"2012-04-23";"2012-04-24";"15.0248";"52.93";"0.05";"80";"18.78";"14.35";"0";"28.3843";"312.58";"427.68";"0";"0"
"C";"2012-04-22";"2012-04-23";"15.0104";"52.88";"0.05";"80";"18.76";"14.79";"0";"28.3843";"312.58";"427.68";"0";"0"
"C";"2012-04-21";"2012-04-22";"14.9956";"52.83";"0";"80";"18.74";"0";"0";"28.3843";"312.58";"427.68";"0";"0"
"C";"2012-04-20";"2012-04-21";"14.9956";"52.83";"0.03";"80";"18.74";"9.91";"0";"28.3843";"312.58";"427.68";"0";"0"
"C";"2012-04-19";"2012-04-20";"14.9857";"52.8";"0.13";"80";"18.73";"38.86";"1";"28.3843";"312.58";"427.68";"0";"0"
"C";"2012-04-18";"2012-04-19";"14.9478";"52.66";"0.09";"80";"18.68";"31.55";"6.9";"28.3843";"312.58";"427.68";"0";"0"
"C";"2012-04-17";"2012-04-18";"14.9232";"52.58";"-0.01";"80";"18.65";"20.53";"23.9";"28.3843";"312.58";"427.68";"0";"0"
"C";"2012-04-16";"2012-04-17";"14.9266";"52.59";"0";"80";"18.66";"0";"0";"28.3843";"312.58";"427.68";"0";"0"
"C";"2012-04-15";"2012-04-16";"14.9266";"52.59";"0.05";"80";"18.66";"14.84";"0";"28.3843";"312.58";"427.68";"0";"0"
"C";"2012-04-14";"2012-04-15";"14.9118";"52.54";"0.17";"80";"18.64";"47.61";"0";"28.3843";"312.58";"427.68";"0";"0"
"C";"2012-04-13";"2012-04-14";"14.8642";"52.37";"0.02";"80";"18.58";"5.13";"0";"28.3843";"312.58";"427.68";"0";"0"
"C";"2012-04-12";"2012-04-13";"14.859";"52.35";"0.02";"80";"18.57";"5.87";"0.1";"28.3843";"312.58";"427.68";"0";"0"
"C";"2012-04-11";"2012-04-12";"14.8532";"52.33";"0.09";"80";"18.57";"25.43";"0";"28.3843";"312.58";"427.68";"0";"0"
"C";"2012-04-10";"2012-04-11";"14.8278";"52.24";"0.12";"80";"18.53";"33.24";"0";"28.3843";"312.58";"427.68";"0";"0"
"C";"2012-04-09";"2012-04-10";"14.7946";"52.12";"0.13";"80";"18.49";"36.91";"0";"28.3843";"312.58";"427.68";"0";"0"
"C";"2012-04-08";"2012-04-09";"14.7577";"51.99";"0.15";"80";"18.45";"43.59";"0";"28.3843";"312.58";"427.68";"0";"0"
"C";"2012-04-07";"2012-04-08";"14.7141";"51.84";"0.18";"80";"18.39";"50.61";"0";"28.3843";"312.58";"427.68";"0";"0"
"C";"2012-04-06";"2012-04-07";"14.6635";"51.66";"0.09";"80";"18.33";"26.5";"0";"28.3843";"312.58";"427.68";"0";"0"
"C";"2012-04-05";"2012-04-06";"14.637";"51.57";"0.26";"80";"18.3";"84.7";"10.3";"28.3843";"312.58";"427.68";"0";"0"
"C";"2012-04-04";"2012-04-05";"14.5626";"51.31";"0.22";"80";"18.2";"66.6";"4.1";"28.3843";"312.58";"427.68";"0";"0"
"C";"2012-04-03";"2012-04-04";"14.5001";"51.08";"0.09";"80";"18.13";"28.46";"2.7";"28.3843";"312.58";"427.68";"0";"0"
"C";"2012-04-02";"2012-04-03";"14.4744";"50.99";"0.01";"80";"18.09";"21.76";"19.5";"28.3843";"312.58";"427.68";"0";"0"
"C";"2012-04-01";"2012-04-02";"14.4721";"50.99";"0";"80";"18.09";"3.82";"4";"28.3843";"312.58";"427.68";"0";"0"
"C";"2012-03-31";"2012-04-01";"14.4723";"54.12";"-0.01";"80";"18.09";"8.9";"11.4";"26.7402";"312.58";"427.68";"0";"0"
"C";"2012-03-30";"2012-03-31";"14.4748";"54.13";"-0.03";"80";"18.09";"4.55";"13.2";"26.7402";"312.58";"427.68";"0";"0"
"C";"2012-03-29";"2012-03-30";"14.4835";"54.16";"0.04";"80";"18.1";"16.38";"6.8";"26.7402";"312.58";"427.68";"0";"0"
"C";"2012-03-28";"2012-03-29";"14.4739";"54.13";"0.03";"80";"18.09";"9.91";"2.4";"26.7402";"312.58";"427.68";"0";"0"
"C";"2012-03-27";"2012-03-28";"14.4664";"54.1";"-0.01";"80";"18.08";"7.67";"9.6";"26.7402";"312.58";"427.68";"0";"0"
"C";"2012-03-26";"2012-03-27";"14.4683";"54.11";"0";"80";"18.09";"11.97";"10.7";"26.7402";"312.58";"427.68";"0";"0"
"C";"2012-03-25";"2012-03-26";"14.4671";"54.1";"0.11";"80";"18.08";"30.71";"0";"26.7402";"312.58";"427.68";"0";"0"
"C";"2012-03-24";"2012-03-25";"14.4364";"53.99";"0.11";"80";"18.05";"29.5";"0";"26.7402";"312.58";"427.68";"0";"0"
"C";"2012-03-23";"2012-03-24";"14.4069";"53.88";"0.09";"80";"18.01";"28.79";"4.1";"26.7402";"312.58";"427.68";"0";"0"
"C";"2012-03-22";"2012-03-23";"14.3822";"53.78";"-0.06";"80";"17.98";"5.99";"21.5";"26.7402";"312.58";"427.68";"0";"0"
"C";"2012-03-21";"2012-03-22";"14.3977";"53.84";"-0.08";"80";"18";"0";"20.1";"26.7402";"312.58";"427.68";"0";"0"
"C";"2012-03-20";"2012-03-21";"14.4178";"53.92";"-0.09";"80";"18.02";"0";"24.7";"26.7402";"312.58";"427.68";"0";"0"
"C";"2012-03-19";"2012-03-20";"14.4425";"54.01";"-0.05";"80";"18.05";"0";"13";"26.7402";"312.58";"427.68";"0";"0"
"C";"2012-03-18";"2012-03-19";"14.4556";"54.06";"0.03";"80";"18.07";"7.11";"0.1";"26.7402";"312.58";"427.68";"0";"0"
"C";"2012-03-17";"2012-03-18";"14.4486";"54.03";"0.01";"80";"18.06";"6.97";"4.2";"26.7402";"312.58";"427.68";"0";"0"
"C";"2012-03-16";"2012-03-17";"14.4458";"54.02";"-0.08";"80";"18.06";"0";"21.7";"26.7402";"312.58";"427.68";"0";"0"
"C";"2012-03-15";"2012-03-16";"14.4675";"54.1";"-0.1";"80";"18.08";"0";"27.3";"26.7402";"312.58";"427.68";"0";"0"
"C";"2012-03-14";"2012-03-15";"14.4948";"54.21";"-0.36";"80";"18.12";"0";"97";"26.7402";"312.58";"427.68";"0";"0"
"C";"2012-03-13";"2012-03-14";"14.5918";"54.57";"-0.09";"80";"18.24";"0";"24.3";"26.7402";"312.58";"427.68";"0";"0"
"C";"2012-03-12";"2012-03-13";"14.6161";"54.66";"-0.13";"80";"18.27";"0.23";"34.8";"26.7402";"312.58";"427.68";"0";"0"
"C";"2012-03-11";"2012-03-12";"14.6507";"54.79";"-0.1";"80";"18.31";"0";"27.2";"26.7402";"312.58";"427.68";"0";"0"
"C";"2012-03-10";"2012-03-11";"14.6779";"54.89";"-0.11";"80";"18.35";"0";"28.5";"26.7402";"312.58";"427.68";"0";"0"
"C";"2012-03-09";"2012-03-10";"14.7064";"55";"-0.17";"80";"18.38";"0";"44.4";"26.7402";"312.58";"427.68";"0";"0"
"C";"2012-03-08";"2012-03-09";"14.7508";"55.16";"-0.27";"80";"18.44";"0";"72.8";"26.7402";"312.58";"427.68";"0";"0"
"C";"2012-03-07";"2012-03-08";"14.8236";"55.44";"-0.64";"80";"18.53";"0";"171.1";"26.7402";"312.58";"427.68";"0";"0"
"C";"2012-03-06";"2012-03-07";"14.9946";"56.08";"-0.56";"80";"18.74";"0";"150.9";"26.7402";"312.58";"427.68";"0";"0"
"C";"2012-03-05";"2012-03-06";"15.1455";"56.64";"-0.21";"80";"18.93";"0";"56.1";"26.7402";"312.58";"427.68";"0";"0"
"C";"2012-03-04";"2012-03-05";"15.2016";"56.85";"-0.12";"80";"19";"0";"33.1";"26.7402";"312.58";"427.68";"0";"0"
"C";"2012-03-03";"2012-03-04";"15.2347";"56.97";"-0.14";"80";"19.04";"0";"36.8";"26.7402";"312.58";"427.68";"0";"0"
"C";"2012-03-02";"2012-03-03";"15.2715";"57.11";"-0.15";"80";"19.09";"0";"39.3";"26.7402";"312.58";"427.68";"0";"0"
"C";"2012-03-01";"2012-03-02";"15.3107";"57.26";"-0.11";"80";"19.14";"0";"29.4";"26.7402";"312.58";"427.68";"0";"0"
"C";"2012-02-29";"2012-03-01";"15.3402";"57.37";"-0.06";"80";"19.18";"0";"17";"26.7402";"312.58";"427.68";"0";"0"
"C";"2012-02-28";"2012-02-29";"15.3571";"57.43";"-0.15";"80";"19.2";"0";"39.8";"26.7402";"312.58";"427.68";"0";"0"
"C";"2012-02-27";"2012-02-28";"15.3969";"57.58";"-0.18";"80";"19.25";"0";"48.1";"26.7402";"312.58";"427.68";"0";"0"
"C";"2012-02-26";"2012-02-27";"15.4451";"57.76";"-0.17";"80";"19.31";"0";"46.4";"26.7402";"312.58";"427.68";"0";"0"
"C";"2012-02-25";"2012-02-26";"15.4915";"57.93";"-0.1";"80";"19.36";"0";"27.3";"26.7402";"312.58";"427.68";"0";"0"
"C";"2012-02-24";"2012-02-25";"15.5187";"58.04";"-0.12";"80";"19.4";"0";"31.6";"26.7402";"312.58";"427.68";"0";"0"
"C";"2012-02-23";"2012-02-24";"15.5504";"58.15";"-0.14";"80";"19.44";"0";"38.2";"26.7402";"312.58";"427.68";"0";"0"
"C";"2012-02-22";"2012-02-23";"15.5886";"58.3";"-0.18";"80";"19.49";"0.47";"47.5";"26.7402";"312.58";"427.68";"0";"0"
"C";"2012-02-21";"2012-02-22";"15.6357";"58.47";"-0.15";"80";"19.54";"52.83";"94.2";"26.7402";"312.58";"427.68";"0";"0"
"C";"2012-02-20";"2012-02-21";"15.677";"58.63";"-0.33";"80";"19.6";"51.62";"140.1";"26.7402";"312.58";"427.68";"0";"0"
"C";"2012-02-19";"2012-02-20";"15.7655";"58.96";"-0.16";"80";"19.71";"51.79";"95.7";"26.7402";"312.58";"427.68";"0";"0"
"C";"2012-02-18";"2012-02-19";"15.8094";"59.12";"-0.13";"80";"19.76";"54.08";"90.1";"26.7402";"312.58";"427.68";"0";"0"
"C";"2012-02-17";"2012-02-18";"15.8454";"59.26";"-0.23";"80";"19.81";"55.43";"117.2";"26.7402";"312.58";"427.68";"0";"0"
"C";"2012-02-16";"2012-02-17";"15.9071";"59.49";"-0.45";"80";"19.88";"52.96";"172.1";"26.7402";"312.58";"427.68";"0";"0"
"C";"2012-02-15";"2012-02-16";"16.0263";"59.93";"-0.51";"80";"20.03";"38.91";"175.7";"26.7402";"312.58";"427.68";"0";"0"
"C";"2012-02-14";"2012-02-15";"16.1631";"60.44";"-0.88";"80";"20.2";"35.16";"270.7";"26.7402";"312.58";"427.68";"0";"0"
"C";"2012-02-13";"2012-02-14";"16.3986";"61.33";"-1.33";"80";"20.5";"0";"356.5";"26.7402";"312.58";"427.68";"0";"0"
"C";"2012-02-12";"2012-02-13";"16.7551";"62.66";"-1.29";"80";"20.94";"0";"345.8";"26.7402";"312.58";"427.68";"0";"0"
"C";"2012-02-11";"2012-02-12";"17.1009";"63.95";"-1.33";"80";"21.38";"0";"354.6";"26.7402";"312.58";"427.68";"0";"0"
"C";"2012-02-10";"2012-02-11";"17.4555";"65.28";"-1.31";"80";"21.82";"0";"350.6";"26.7402";"312.58";"427.68";"0";"0"
"C";"2012-02-09";"2012-02-10";"17.8061";"66.59";"-1.25";"80";"22.26";"0";"334.9";"26.7402";"312.58";"427.68";"0";"0"
"C";"2012-02-08";"2012-02-09";"18.141";"67.84";"-1.45";"80";"22.68";"0";"387.1";"26.7402";"312.58";"427.68";"0";"0"
"C";"2012-02-07";"2012-02-08";"18.5281";"69.29";"-1.37";"80";"23.16";"0";"367.1";"26.7402";"312.58";"427.68";"0";"0"
"C";"2012-02-06";"2012-02-07";"18.8952";"70.66";"-1.2";"80";"23.62";"0";"320.8";"26.7402";"312.58";"427.68";"0";"0"
"C";"2012-02-05";"2012-02-06";"19.2161";"71.86";"-1.1";"80";"24.02";"0";"295.5";"26.7402";"312.58";"427.68";"0";"0"
"C";"2012-02-04";"2012-02-05";"19.5115";"72.97";"-1.29";"80";"24.39";"0";"344.9";"26.7402";"312.58";"427.68";"0";"0"
"C";"2012-02-03";"2012-02-04";"19.8565";"74.26";"-1.45";"80";"24.82";"0";"388.1";"26.7402";"312.58";"427.68";"0";"0"
"C";"2012-02-02";"2012-02-03";"20.2445";"75.71";"-1.29";"80";"25.31";"0";"344.2";"26.7402";"312.58";"427.68";"0";"0"
"C";"2012-02-01";"2012-02-02";"20.5888";"77";"-0.95";"80";"25.74";"0";"254.8";"26.7402";"312.58";"427.68";"0";"0"
"C";"2012-01-31";"2012-02-01";"20.8435";"77.95";"-0.87";"80";"26.05";"0";"232";"26.7402";"312.58";"427.68";"0";"0"
"C";"2012-01-30";"2012-01-31";"21.0755";"78.82";"-0.8";"80";"26.34";"0";"214.5";"26.7402";"312.58";"427.68";"0";"0"
"C";"2012-01-29";"2012-01-30";"21.29";"79.62";"-0.63";"80";"26.61";"0";"168.6";"26.7402";"312.58";"427.68";"0";"0"
"C";"2012-01-28";"2012-01-29";"21.4586";"80.25";"-0.65";"80";"26.82";"0";"173.2";"26.7402";"312.58";"427.68";"0";"0"
"C";"2012-01-27";"2012-01-28";"21.6318";"80.9";"-0.64";"80";"27.04";"0";"170.6";"26.7402";"312.58";"427.68";"0";"0"
"C";"2012-01-26";"2012-01-27";"21.8024";"81.53";"-0.72";"80";"27.25";"0";"191.2";"26.7402";"312.58";"427.68";"0";"0"
"C";"2012-01-25";"2012-01-26";"21.9936";"82.25";"-0.68";"80";"27.49";"0";"181.4";"26.7402";"312.58";"427.68";"0";"0"
"C";"2012-01-24";"2012-01-25";"22.175";"82.93";"-0.42";"80";"27.72";"0";"112.2";"26.7402";"312.58";"427.68";"0";"0"
"C";"2012-01-23";"2012-01-24";"22.2872";"83.35";"-0.42";"80";"27.86";"0";"113.1";"26.7402";"312.58";"427.68";"0";"0"
"C";"2012-01-22";"2012-01-23";"22.4003";"83.77";"-0.29";"80";"28";"0";"77";"26.7402";"312.58";"427.68";"0";"0"
"C";"2012-01-21";"2012-01-22";"22.4773";"84.06";"-0.3";"80";"28.1";"0";"80.3";"26.7402";"312.58";"427.68";"0";"0"
"C";"2012-01-20";"2012-01-21";"22.5577";"84.36";"-0.46";"80";"28.2";"0";"122.5";"26.7402";"312.58";"427.68";"0";"0"
"C";"2012-01-19";"2012-01-20";"22.6802";"84.82";"-0.47";"80";"28.35";"0";"124.6";"26.7402";"312.58";"427.68";"0";"0"
"C";"2012-01-18";"2012-01-19";"22.8048";"85.28";"-0.53";"80";"28.51";"0";"142.4";"26.7402";"312.58";"427.68";"0";"0"
"C";"2012-01-17";"2012-01-18";"22.9472";"85.82";"-0.89";"80";"28.68";"0";"237.6";"26.7402";"312.58";"427.68";"0";"0"
"C";"2012-01-16";"2012-01-17";"23.1848";"86.7";"-1.08";"80";"28.98";"0";"287.6";"26.7402";"312.58";"427.68";"0";"0"
"C";"2012-01-15";"2012-01-16";"23.4725";"87.78";"-0.83";"80";"29.34";"0";"222.1";"26.7402";"312.58";"427.68";"0";"0"
"C";"2012-01-14";"2012-01-15";"23.6946";"88.61";"-0.67";"80";"29.62";"0";"179.6";"26.7402";"312.58";"427.68";"0";"0"
"C";"2012-01-13";"2012-01-14";"23.8742";"89.28";"-0.51";"80";"29.84";"0";"137.5";"26.7402";"312.58";"427.68";"0";"0"
"C";"2012-01-12";"2012-01-13";"24.0118";"89.8";"-0.7";"80";"30.01";"0";"186.5";"26.7402";"312.58";"427.68";"0";"0"
"C";"2012-01-11";"2012-01-12";"24.1983";"90.49";"-0.77";"80";"30.25";"0";"206.5";"26.7402";"312.58";"427.68";"0";"0"
"C";"2012-01-10";"2012-01-11";"24.4048";"91.27";"-0.66";"80";"30.51";"0";"177.1";"26.7402";"312.58";"427.68";"0";"0"
"C";"2012-01-09";"2012-01-10";"24.5819";"91.93";"-0.66";"80";"30.73";"0";"176.4";"26.7402";"312.58";"427.68";"0";"0"
"C";"2012-01-08";"2012-01-09";"24.7582";"92.59";"-0.61";"80";"30.95";"0";"163.7";"26.7402";"312.58";"427.68";"0";"0"
"C";"2012-01-07";"2012-01-08";"24.922";"93.2";"-0.62";"80";"31.15";"0";"164.6";"26.7402";"312.58";"427.68";"0";"0"
"C";"2012-01-06";"2012-01-07";"25.0865";"93.82";"-0.67";"80";"31.36";"0";"178.3";"26.7402";"312.58";"427.68";"0";"0"
"C";"2012-01-05";"2012-01-06";"25.2648";"94.48";"-0.69";"80";"31.58";"0";"184";"26.7402";"312.58";"427.68";"0";"0"
"C";"2012-01-04";"2012-01-05";"25.4488";"95.17";"-0.6";"80";"31.81";"0";"161.2";"26.7402";"312.58";"427.68";"0";"0"
"C";"2012-01-03";"2012-01-04";"25.61";"95.77";"-0.66";"80";"32.01";"0";"176.6";"26.7402";"312.58";"427.68";"0";"0"
"C";"2012-01-02";"2012-01-03";"25.7865";"96.43";"-0.58";"80";"32.23";"0";"156.4";"26.7402";"312.58";"427.68";"0";"0"
"C";"2012-01-01";"2012-01-02";"25.9429";"97.02";"0";"80";"32.43";"0";"122.3";"26.7402";"312.58";"427.68";"0";"0"
"C";"2011-12-31";"2012-01-01";"26.0652";"97.48";"-0.14";"79";"32.99";"0";"38.5";"26.7402";"312.58";"427.68";"0";"0"
"C";"2011-12-30";"2011-12-31";"26.1037";"97.62";"-0.12";"79";"33.04";"0";"30.7";"26.7402";"312.58";"427.68";"0";"0"
"C";"2011-12-29";"2011-12-30";"26.1345";"97.73";"-0.11";"79";"33.08";"0";"28.4";"26.7402";"312.58";"427.68";"0";"0"
"C";"2011-12-28";"2011-12-29";"26.1629";"97.84";"-0.01";"79";"33.12";"0";"3.8";"26.7402";"312.58";"427.68";"0";"0"
"C";"2011-12-27";"2011-12-28";"26.1667";"97.86";"-0.04";"79";"33.12";"0";"10.7";"26.7402";"312.58";"427.68";"0";"0"
"C";"2011-12-26";"2011-12-27";"26.1775";"97.9";"-0.04";"79";"33.14";"0";"10.8";"26.7402";"312.58";"427.68";"0";"0"
"C";"2011-12-25";"2011-12-26";"26.1882";"97.94";"-0.04";"79";"33.15";"0";"12";"26.7402";"312.58";"427.68";"0";"0"
"C";"2011-12-24";"2011-12-25";"26.2002";"97.98";"-0.07";"79";"33.16";"0";"19.6";"26.7402";"312.58";"427.68";"0";"0"
"C";"2011-12-23";"2011-12-24";"26.2197";"98.05";"-0.08";"79";"33.19";"0";"20.5";"26.7402";"312.58";"427.68";"0";"0"
"C";"2011-12-22";"2011-12-23";"26.2403";"98.13";"-0.23";"79";"33.22";"0";"60.8";"26.7402";"312.58";"427.68";"0";"0"
"C";"2011-12-21";"2011-12-22";"26.3011";"98.36";"-0.27";"79";"33.29";"0";"72.6";"26.7402";"312.58";"427.68";"0";"0"
"C";"2011-12-20";"2011-12-21";"26.3737";"98.63";"-0.24";"79";"33.38";"0";"64.8";"26.7402";"312.58";"427.68";"0";"0"
"C";"2011-12-19";"2011-12-20";"26.4385";"98.87";"-0.25";"79";"33.47";"0";"67.8";"26.7402";"312.58";"427.68";"0";"0"
"C";"2011-12-18";"2011-12-19";"26.5063";"99.12";"-0.18";"79";"33.55";"0";"47.1";"26.7402";"312.58";"427.68";"0";"0"
"C";"2011-12-17";"2011-12-18";"26.5534";"99.3";"-0.17";"79";"33.61";"0";"46.1";"26.7402";"312.58";"427.68";"0";"0"
"C";"2011-12-16";"2011-12-17";"26.5995";"99.47";"-0.3";"79";"33.67";"0";"81.2";"26.7402";"312.58";"427.68";"0";"0"
"C";"2011-12-15";"2011-12-16";"26.6808";"99.78";"5.53";"79";"33.77";"0";"104.1";"26.7402";"312.58";"427.68";"0";"0"
"C";"2011-12-14";"2011-12-15";"25.2008";"94.24";"-0.32";"79";"31.9";"1.56";"86.4";"26.7402";"312.58";"427.68";"0";"0"
"C";"2011-12-13";"2011-12-14";"25.2857";"94.56";"-0.24";"79";"32.01";"0.41";"63.5";"26.7402";"312.58";"427.68";"0";"0"
"C";"2011-12-12";"2011-12-13";"25.3488";"94.8";"-0.25";"79";"32.09";"5.38";"73.4";"26.7402";"312.58";"427.68";"0";"0"
"C";"2011-12-11";"2011-12-12";"25.4168";"95.05";"-0.15";"79";"32.17";"5.25";"45.7";"26.7402";"312.58";"427.68";"0";"0"
"C";"2011-12-10";"2011-12-11";"25.4573";"95.2";"-0.05";"79";"32.22";"5.2";"18.9";"26.7402";"312.58";"427.68";"0";"0"
"C";"2011-12-09";"2011-12-10";"25.471";"95.25";"-0.08";"79";"32.24";"3.8";"25.2";"26.7402";"312.58";"427.68";"0";"0"
"C";"2011-12-08";"2011-12-09";"25.4924";"95.33";"-0.26";"79";"32.27";"0";"68.9";"26.7402";"312.58";"427.68";"0";"0"
"C";"2011-12-07";"2011-12-08";"25.5613";"95.59";"-0.12";"79";"32.36";"0";"31.8";"26.7402";"312.58";"427.68";"0";"0"
"C";"2011-12-06";"2011-12-07";"25.5931";"95.71";"-0.07";"79";"32.4";"0";"19.5";"26.7402";"312.58";"427.68";"0";"0"
"C";"2011-12-05";"2011-12-06";"25.6126";"95.78";"-0.08";"79";"32.42";"0";"22.5";"26.7402";"312.58";"427.68";"0";"0"
"C";"2011-12-04";"2011-12-05";"25.6351";"95.87";"-0.03";"79";"32.45";"0";"8.9";"26.7402";"312.58";"427.68";"0";"0"
"C";"2011-12-03";"2011-12-04";"25.644";"95.9";"0.03";"79";"32.46";"15.73";"8.4";"26.7402";"312.58";"427.68";"0";"0"
"C";"2011-12-02";"2011-12-03";"25.6367";"95.87";"-0.06";"79";"32.45";"0";"16.7";"26.7402";"312.58";"427.68";"0";"0"
"C";"2011-12-01";"2011-12-02";"25.6534";"95.94";"-0.05";"79";"32.47";"0.01";"13.2";"26.7402";"312.58";"427.68";"0";"0"
"C";"2011-11-30";"2011-12-01";"25.6666";"95.98";"-0.07";"79";"32.49";"0";"18.9";"26.7402";"312.58";"427.68";"0";"0"
"C";"2011-11-29";"2011-11-30";"25.6856";"96.06";"-0.12";"79";"32.51";"0";"32.7";"26.7402";"312.58";"427.68";"0";"0"
"C";"2011-11-28";"2011-11-29";"25.7183";"96.18";"-0.07";"79";"32.55";"0";"17.4";"26.7402";"312.58";"427.68";"0";"0"
"C";"2011-11-27";"2011-11-28";"25.7357";"96.24";"-0.01";"79";"32.58";"0";"2.6";"26.7402";"312.58";"427.68";"0";"0"
"C";"2011-11-26";"2011-11-27";"25.7383";"96.25";"-0.03";"79";"32.58";"0";"8.1";"26.7402";"312.58";"427.68";"0";"0"
"C";"2011-11-25";"2011-11-26";"25.7464";"96.28";"-0.07";"79";"32.59";"0";"19.4";"26.7402";"312.58";"427.68";"0";"0"
"C";"2011-11-24";"2011-11-25";"25.7659";"96.36";"-0.08";"79";"32.62";"0";"22.8";"26.7402";"312.58";"427.68";"0";"0"
"C";"2011-11-23";"2011-11-24";"25.7886";"96.44";"-0.06";"79";"32.64";"0";"17.2";"26.7402";"312.58";"427.68";"0";"0"
"C";"2011-11-22";"2011-11-23";"25.8059";"96.51";"-0.07";"79";"32.67";"0";"17.5";"26.7402";"312.58";"427.68";"0";"0"
"C";"2011-11-21";"2011-11-22";"25.8233";"96.57";"-0.04";"79";"32.69";"0";"10.9";"26.7402";"312.58";"427.68";"0";"0"
"C";"2011-11-20";"2011-11-21";"25.8343";"96.61";"0";"79";"32.7";"1.44";"0.1";"26.7402";"312.58";"427.68";"0";"0"
"C";"2011-11-19";"2011-11-20";"25.833";"96.61";"0.05";"79";"32.7";"19.84";"5.7";"26.7402";"312.58";"427.68";"0";"0"
"C";"2011-11-18";"2011-11-19";"25.8188";"96.55";"-0.08";"79";"32.68";"0";"22.1";"26.7402";"312.58";"427.68";"0";"0"
"C";"2011-11-17";"2011-11-18";"25.8409";"96.64";"-0.24";"79";"32.71";"0";"62.9";"26.7402";"312.58";"427.68";"0";"0"
"C";"2011-11-16";"2011-11-17";"25.9038";"96.87";"-0.2";"79";"32.79";"0";"54.2";"26.7402";"312.58";"427.68";"0";"0"
"C";"2011-11-15";"2011-11-16";"25.9581";"97.07";"-0.1";"79";"32.86";"0";"25.8";"26.7402";"312.58";"427.68";"0";"0"
"C";"2011-11-14";"2011-11-15";"25.9839";"97.17";"-0.08";"79";"32.89";"0";"20.7";"26.7402";"312.58";"427.68";"0";"0"
"C";"2011-11-13";"2011-11-14";"26.0046";"97.25";"-0.06";"79";"32.92";"0";"15.9";"26.7402";"312.58";"427.68";"0";"0"
"C";"2011-11-12";"2011-11-13";"26.0205";"97.31";"-0.15";"79";"32.94";"0";"39.6";"26.7402";"312.58";"427.68";"0";"0"
"C";"2011-11-11";"2011-11-12";"26.0601";"97.46";"-0.07";"79";"32.99";"0";"17.6";"26.7402";"312.58";"427.68";"0";"0"
"C";"2011-11-10";"2011-11-11";"26.0777";"97.52";"0.01";"79";"33.01";"2.05";"0";"26.7402";"312.58";"427.68";"0";"0"
"C";"2011-11-09";"2011-11-10";"26.0756";"97.51";"0.02";"79";"33.01";"6.17";"0";"26.7402";"312.58";"427.68";"0";"0"
"C";"2011-11-08";"2011-11-09";"26.0695";"97.49";"0.06";"79";"33";"16";"0";"26.7402";"312.58";"427.68";"0";"0"
"C";"2011-11-07";"2011-11-08";"26.0535";"97.43";"0.08";"79";"32.98";"21.92";"0";"26.7402";"312.58";"427.68";"0";"0"
"C";"2011-11-06";"2011-11-07";"26.0316";"97.35";"0.19";"79";"32.95";"49.7";"0";"26.7402";"312.58";"427.68";"0";"0"
"C";"2011-11-05";"2011-11-06";"25.9819";"97.16";"0.12";"79";"32.89";"33.36";"0";"26.7402";"312.58";"427.68";"0";"0"
"C";"2011-11-04";"2011-11-05";"25.9485";"97.04";"-0.01";"79";"32.85";"0";"3.5";"26.7402";"312.58";"427.68";"0";"0"
"C";"2011-11-03";"2011-11-04";"25.952";"97.05";"-0.12";"79";"32.85";"0";"32.9";"26.7402";"312.58";"427.68";"0";"0"
"C";"2011-11-02";"2011-11-03";"25.9849";"97.18";"-0.08";"79";"32.89";"0";"22.1";"26.7402";"312.58";"427.68";"0";"0"
"C";"2011-11-01";"2011-11-02";"26.007";"97.26";"0.01";"79";"32.92";"17.98";"14.9";"26.7402";"312.58";"427.68";"0";"0"
"C";"2011-10-31";"2011-11-01";"26.004";"97.25";"0.07";"79";"32.92";"18.15";"0.4";"26.7402";"312.58";"427.68";"0";"0"
"C";"2011-10-30";"2011-10-31";"25.9862";"97.18";"0.12";"79";"32.89";"31.07";"0";"26.7402";"312.58";"427.68";"0";"0"
"C";"2011-10-29";"2011-10-30";"25.9551";"97.06";"0.16";"79";"32.85";"43.13";"0";"26.7402";"312.58";"427.68";"0";"0"
"C";"2011-10-28";"2011-10-29";"25.912";"96.9";"0.08";"79";"32.8";"21.61";"0";"26.7402";"312.58";"427.68";"0";"0"
"C";"2011-10-27";"2011-10-28";"25.8904";"96.82";"0.16";"79";"32.77";"46.59";"2.9";"26.7402";"312.58";"427.68";"0";"0"
"C";"2011-10-26";"2011-10-27";"25.8467";"96.66";"0.16";"79";"32.72";"44.39";"1.4";"26.7402";"312.58";"427.68";"0";"0"
"C";"2011-10-25";"2011-10-26";"25.8037";"96.5";"0";"79";"32.66";"0";"0";"26.7402";"312.58";"427.68";"0";"0"
"C";"2011-10-24";"2011-10-25";"25.8037";"96.5";"0";"79";"32.66";"0.01";"0";"26.7402";"312.58";"427.68";"0";"0"
"C";"2011-10-23";"2011-10-24";"25.8036";"96.5";"0";"79";"32.66";"0";"0";"26.7402";"312.58";"427.68";"0";"0"
"C";"2011-10-22";"2011-10-23";"25.8036";"96.5";"0.07";"79";"32.66";"18.91";"0";"26.7402";"312.58";"427.68";"0";"0"
"C";"2011-10-21";"2011-10-22";"25.7847";"96.43";"0.08";"79";"32.64";"21.27";"0";"26.7402";"312.58";"427.68";"0";"0"
"C";"2011-10-20";"2011-10-21";"25.7635";"96.35";"0.11";"79";"32.61";"29.68";"0";"26.7402";"312.58";"427.68";"0";"0"
"C";"2011-10-19";"2011-10-20";"25.7338";"96.24";"0.14";"79";"32.57";"37.96";"0";"26.7402";"312.58";"427.68";"0";"0"
"C";"2011-10-18";"2011-10-19";"25.6958";"96.09";"-0.01";"79";"32.53";"0";"2.7";"26.7402";"312.58";"427.68";"0";"0"
"C";"2011-10-17";"2011-10-18";"25.6985";"96.1";"-0.1";"79";"32.53";"0";"26.3";"26.7402";"312.58";"427.68";"0";"0"
"C";"2011-10-16";"2011-10-17";"25.7247";"96.2";"-0.05";"79";"32.56";"0";"14.1";"26.7402";"312.58";"427.68";"0";"0"
"C";"2011-10-15";"2011-10-16";"25.7388";"96.25";"0.02";"79";"32.58";"6.49";"0";"26.7402";"312.58";"427.68";"0";"0"
"C";"2011-10-14";"2011-10-15";"25.7323";"96.23";"0.09";"79";"32.57";"24.64";"0";"26.7402";"312.58";"427.68";"0";"0"
"C";"2011-10-13";"2011-10-14";"25.7077";"96.14";"0.13";"79";"32.54";"35.88";"0";"26.7402";"312.58";"427.68";"0";"0"
"C";"2011-10-12";"2011-10-13";"25.6718";"96";"0.08";"79";"32.5";"21.49";"0";"26.7402";"312.58";"427.68";"0";"0"
"C";"2011-10-11";"2011-10-12";"25.6503";"95.92";"0.07";"79";"32.47";"19.12";"0";"26.7402";"312.58";"427.68";"0";"0"
"C";"2011-10-10";"2011-10-11";"25.6312";"95.85";"0.07";"79";"32.44";"18.69";"0";"26.7402";"312.58";"427.68";"0";"0"
"C";"2011-10-09";"2011-10-10";"25.6125";"95.78";"0.11";"79";"32.42";"28.71";"0";"26.7402";"312.58";"427.68";"0";"0"
"C";"2011-10-08";"2011-10-09";"25.5838";"95.68";"0.17";"79";"32.38";"45.89";"0";"26.7402";"312.58";"427.68";"0";"0"
"C";"2011-10-07";"2011-10-08";"25.5379";"95.5";"0.14";"79";"32.33";"36.72";"0";"26.7402";"312.58";"427.68";"0";"0"
"C";"2011-10-06";"2011-10-07";"25.5012";"95.37";"0.04";"79";"32.28";"9.57";"0";"26.7402";"312.58";"427.68";"0";"0"
"C";"2011-10-05";"2011-10-06";"25.4916";"95.33";"0.06";"79";"32.27";"17.22";"0";"26.7402";"312.58";"427.68";"0";"0"
"C";"2011-10-04";"2011-10-05";"25.4744";"95.27";"0.08";"79";"32.25";"20.79";"0";"26.7402";"312.58";"427.68";"0";"0"
"C";"2011-10-03";"2011-10-04";"25.4536";"95.19";"0.07";"79";"32.22";"19.94";"0";"26.7402";"312.58";"427.68";"0";"0"
"C";"2011-10-02";"2011-10-03";"25.4337";"95.11";"0.08";"79";"32.19";"21.34";"0";"26.7402";"312.58";"427.68";"0";"0"
"C";"2011-10-01";"2011-10-02";"25.4123";"95.03";"0.02";"79";"32.17";"5.33";"0";"26.7402";"312.58";"427.68";"0";"0"
"C";"2011-09-30";"2011-10-01";"25.407";"95.01";"-0.65";"79";"32.16";"5.48";"0";"26.7402";"312.58";"427.68";"0";"0"
"C";"2011-09-29";"2011-09-30";"25.581";"95.66";"0.02";"79";"32.38";"5.35";"0";"26.7402";"312.58";"427.68";"0";"0"
"C";"2011-09-28";"2011-09-29";"25.5757";"95.64";"0.02";"79";"32.37";"4.42";"0";"26.7402";"312.58";"427.68";"0";"0"
"C";"2011-09-27";"2011-09-28";"25.5713";"95.63";"0";"79";"32.37";"0";"0";"26.7402";"312.58";"427.68";"0";"0"
"C";"2011-09-26";"2011-09-27";"25.5713";"95.63";"0";"79";"32.37";"0";"0";"26.7402";"312.58";"427.68";"0";"0"
"C";"2011-09-25";"2011-09-26";"25.5713";"95.63";"0.04";"79";"32.37";"10.08";"0";"26.7402";"312.58";"427.68";"0";"0"
"C";"2011-09-24";"2011-09-25";"25.5612";"95.59";"0.05";"79";"32.36";"14.16";"0";"26.7402";"312.58";"427.68";"0";"0"
"C";"2011-09-23";"2011-09-24";"25.547";"95.54";"0.05";"79";"32.34";"12.56";"0";"26.7402";"312.58";"427.68";"0";"0"
"C";"2011-09-22";"2011-09-23";"25.5345";"95.49";"0.04";"79";"32.32";"10.65";"0";"26.7402";"312.58";"427.68";"0";"0"
"C";"2011-09-21";"2011-09-22";"25.5238";"95.45";"0.01";"79";"32.31";"3.89";"0";"26.7402";"312.58";"427.68";"0";"0"
"C";"2011-09-20";"2011-09-21";"25.52";"95.44";"0.02";"79";"32.3";"7.14";"0.7";"26.7402";"312.58";"427.68";"0";"0"
"C";"2011-09-19";"2011-09-20";"25.5135";"95.41";"0.04";"79";"32.3";"11.39";"0";"26.7402";"312.58";"427.68";"0";"0"
"C";"2011-09-18";"2011-09-19";"25.5021";"95.37";"0.04";"79";"32.28";"10.45";"0";"26.7402";"312.58";"427.68";"0";"0"
"C";"2011-09-17";"2011-09-18";"25.4916";"95.33";"0.08";"79";"32.27";"21.69";"0";"26.7402";"312.58";"427.68";"0";"0"
"C";"2011-09-16";"2011-09-17";"25.4699";"95.25";"0.05";"79";"32.24";"12.77";"0";"26.7402";"312.58";"427.68";"0";"0"
"C";"2011-09-15";"2011-09-16";"25.4572";"95.2";"0.02";"79";"32.22";"5.48";"0";"26.7402";"312.58";"427.68";"0";"0"
"C";"2011-09-14";"2011-09-15";"25.4517";"95.18";"0.03";"79";"32.22";"8.86";"0";"26.7402";"312.58";"427.68";"0";"0"
"C";"2011-09-13";"2011-09-14";"25.4428";"95.15";"0.05";"79";"32.21";"14.71";"0";"26.7402";"312.58";"427.68";"0";"0"
"C";"2011-09-12";"2011-09-13";"25.4281";"95.09";"0.11";"79";"32.19";"28.76";"0";"26.7402";"312.58";"427.68";"0";"0"
"C";"2011-09-11";"2011-09-12";"25.3994";"94.99";"0.09";"79";"32.15";"22.96";"0";"26.7402";"312.58";"427.68";"0";"0"
"C";"2011-09-10";"2011-09-11";"25.3764";"94.9";"0";"79";"32.12";"0";"0";"26.7402";"312.58";"427.68";"0";"0"
"C";"2011-09-09";"2011-09-10";"25.3764";"94.9";"0.05";"79";"32.12";"13.55";"0";"26.7402";"312.58";"427.68";"0";"0"
"C";"2011-09-08";"2011-09-09";"25.3629";"94.85";"0";"79";"32.1";"0.69";"0";"26.7402";"312.58";"427.68";"0";"0"
"C";"2011-09-07";"2011-09-08";"25.3622";"94.85";"0.09";"79";"32.1";"25.25";"0";"26.7402";"312.58";"427.68";"0";"0"
"C";"2011-09-06";"2011-09-07";"25.3369";"94.75";"0.07";"79";"32.07";"18.51";"0";"26.7402";"312.58";"427.68";"0";"0"
"C";"2011-09-05";"2011-09-06";"25.3184";"94.68";"0.07";"79";"32.05";"19.27";"0";"26.7402";"312.58";"427.68";"0";"0"
"C";"2011-09-04";"2011-09-05";"25.2991";"94.61";"0.07";"79";"32.02";"18.09";"0";"26.7402";"312.58";"427.68";"0";"0"
"C";"2011-09-03";"2011-09-04";"25.281";"94.54";"0.06";"79";"32";"16.6";"0";"26.7402";"312.58";"427.68";"0";"0"
"C";"2011-09-02";"2011-09-03";"25.2644";"94.48";"0.06";"79";"31.98";"16.5";"0";"26.7402";"312.58";"427.68";"0";"0"
"C";"2011-09-01";"2011-09-02";"25.248";"94.42";"0.07";"79";"31.96";"17.33";"0";"26.7402";"312.58";"427.68";"0";"0"
"C";"2011-08-31";"2011-09-01";"25.2306";"94.35";"0.12";"79";"31.94";"31.02";"0";"26.7402";"312.58";"427.68";"0";"0"
"C";"2011-08-30";"2011-08-31";"25.1996";"94.24";"0.12";"79";"31.9";"30.86";"0";"26.7402";"312.58";"427.68";"0";"0"
"C";"2011-08-29";"2011-08-30";"25.1687";"94.12";"0.16";"79";"31.86";"41.78";"0";"26.7402";"312.58";"427.68";"0";"0"
"C";"2011-08-28";"2011-08-29";"25.127";"93.97";"0.08";"79";"31.81";"44.5";"22.9";"26.7402";"312.58";"427.68";"0";"0"
"C";"2011-08-27";"2011-08-28";"25.1054";"93.89";"0.06";"79";"31.78";"44.58";"27.5";"26.7402";"312.58";"427.68";"0";"0"
"C";"2011-08-26";"2011-08-27";"25.0883";"93.82";"0.06";"79";"31.76";"32.85";"15.9";"26.7402";"312.58";"427.68";"0";"0"
"C";"2011-08-25";"2011-08-26";"25.0714";"93.76";"0.07";"79";"31.74";"31.43";"13.5";"26.7402";"312.58";"427.68";"0";"0"
"C";"2011-08-24";"2011-08-25";"25.0534";"93.69";"0.09";"79";"31.71";"36.69";"11.6";"26.7402";"312.58";"427.68";"0";"0"
"C";"2011-08-23";"2011-08-24";"25.0283";"93.6";"0.11";"79";"31.68";"36.51";"6.5";"26.7402";"312.58";"427.68";"0";"0"
"C";"2011-08-22";"2011-08-23";"24.9983";"93.49";"0.04";"79";"31.64";"39.33";"27.8";"26.7402";"312.58";"427.68";"0";"0"
"C";"2011-08-21";"2011-08-22";"24.9868";"93.44";"0.15";"79";"31.63";"39.47";"0";"26.7402";"312.58";"427.68";"0";"0"
"C";"2011-08-20";"2011-08-21";"24.9473";"93.29";"0.15";"79";"31.58";"39.84";"0";"26.7402";"312.58";"427.68";"0";"0"
"C";"2011-08-19";"2011-08-20";"24.9074";"93.15";"0.15";"79";"31.53";"39.19";"0";"26.7402";"312.58";"427.68";"0";"0"
"C";"2011-08-18";"2011-08-19";"24.8683";"93";"0.12";"79";"31.48";"39.08";"6.5";"26.7402";"312.58";"427.68";"0";"0"
"C";"2011-08-17";"2011-08-18";"24.8357";"92.88";"0.04";"79";"31.44";"38.85";"28.6";"26.7402";"312.58";"427.68";"0";"0"
"C";"2011-08-16";"2011-08-17";"24.8254";"92.84";"0.13";"79";"31.42";"34.56";"0";"26.7402";"312.58";"427.68";"0";"0"
"C";"2011-08-15";"2011-08-16";"24.7909";"92.71";"0.13";"79";"31.38";"33.55";"0";"26.7402";"312.58";"427.68";"0";"0"
"C";"2011-08-14";"2011-08-15";"24.7573";"92.58";"0.11";"79";"31.34";"29.58";"0";"26.7402";"312.58";"427.68";"0";"0"
"C";"2011-08-13";"2011-08-14";"24.7278";"92.47";"0.12";"79";"31.3";"31.24";"0";"26.7402";"312.58";"427.68";"0";"0"
"C";"2011-08-12";"2011-08-13";"24.6965";"92.36";"0.11";"79";"31.26";"29.85";"0.7";"26.7402";"312.58";"427.68";"0";"0"
"C";"2011-08-11";"2011-08-12";"24.6674";"92.25";"0.03";"79";"31.22";"31.96";"23.2";"26.7402";"312.58";"427.68";"0";"0"
"C";"2011-08-10";"2011-08-11";"24.6586";"92.22";"-0.01";"79";"31.21";"28.6";"30.5";"26.7402";"312.58";"427.68";"0";"0"
"C";"2011-08-09";"2011-08-10";"24.6605";"92.22";"0.02";"79";"31.22";"30.78";"26.5";"26.7402";"312.58";"427.68";"0";"0"
"C";"2011-08-08";"2011-08-09";"24.6563";"92.21";"0.1";"79";"31.21";"37.66";"10.3";"26.7402";"312.58";"427.68";"0";"0"
"C";"2011-08-07";"2011-08-08";"24.6289";"92.1";"0.11";"79";"31.18";"28.5";"0";"26.7402";"312.58";"427.68";"0";"0"
"C";"2011-08-06";"2011-08-07";"24.6004";"92";"0.08";"79";"31.14";"28.79";"8.6";"26.7402";"312.58";"427.68";"0";"0"
"C";"2011-08-05";"2011-08-06";"24.5802";"91.92";"0.04";"79";"31.11";"35.34";"24.1";"26.7402";"312.58";"427.68";"0";"0"
"C";"2011-08-04";"2011-08-05";"24.569";"91.88";"0.13";"79";"31.1";"33.53";"0";"26.7402";"312.58";"427.68";"0";"0"
"C";"2011-08-03";"2011-08-04";"24.5354";"91.75";"0.03";"79";"31.06";"8.87";"0";"26.7402";"312.58";"427.68";"0";"0"
"C";"2011-08-02";"2011-08-03";"24.5266";"91.72";"0.13";"79";"31.05";"35.67";"0";"26.7402";"312.58";"427.68";"0";"0"
"C";"2011-08-01";"2011-08-02";"24.4909";"91.59";"0.17";"79";"31";"44.32";"0";"26.7402";"312.58";"427.68";"0";"0"
"C";"2011-07-31";"2011-08-01";"24.4466";"91.42";"0.49";"79";"30.95";"131.18";"0";"26.7402";"312.58";"427.68";"0";"0"
"C";"2011-07-30";"2011-07-31";"24.3154";"90.93";"0.47";"79";"30.78";"125.33";"0";"26.7402";"312.58";"427.68";"0";"0"
"C";"2011-07-29";"2011-07-30";"24.1901";"90.46";"0.19";"79";"30.62";"51.94";"0";"26.7402";"312.58";"427.68";"0";"0"
"C";"2011-07-28";"2011-07-29";"24.1381";"90.27";"0.22";"79";"30.55";"59.72";"0";"26.7402";"312.58";"427.68";"0";"0"
"C";"2011-07-27";"2011-07-28";"24.0784";"90.05";"0.22";"79";"30.48";"59.32";"0";"26.7402";"312.58";"427.68";"0";"0"
"C";"2011-07-26";"2011-07-27";"24.0191";"89.82";"0.21";"79";"30.4";"54.93";"0";"26.7402";"312.58";"427.68";"0";"0"
"C";"2011-07-25";"2011-07-26";"23.9641";"89.62";"0.15";"79";"30.33";"39.74";"0";"26.7402";"312.58";"427.68";"0";"0"
"C";"2011-07-24";"2011-07-25";"23.9244";"89.47";"0.23";"79";"30.28";"61.02";"0";"26.7402";"312.58";"427.68";"0";"0"
"C";"2011-07-23";"2011-07-24";"23.8634";"89.24";"0.25";"79";"30.21";"67.48";"0";"26.7402";"312.58";"427.68";"0";"0"
"C";"2011-07-22";"2011-07-23";"23.7959";"88.99";"0.25";"79";"30.12";"68.03";"0";"26.7402";"312.58";"427.68";"0";"0"
"C";"2011-07-21";"2011-07-22";"23.7279";"88.73";"0.28";"79";"30.04";"73.53";"0";"26.7402";"312.58";"427.68";"0";"0"
"C";"2011-07-20";"2011-07-21";"23.6543";"88.46";"0.26";"79";"29.94";"68.91";"0";"26.7402";"312.58";"427.68";"0";"0"
"C";"2011-07-19";"2011-07-20";"23.5854";"88.2";"0.21";"79";"29.85";"56.57";"0";"26.7402";"312.58";"427.68";"0";"0"
"C";"2011-07-18";"2011-07-19";"23.5289";"87.99";"0.45";"79";"29.78";"121.08";"0";"26.7402";"312.58";"427.68";"0";"0"
"C";"2011-07-17";"2011-07-18";"23.4078";"87.54";"0.44";"79";"29.63";"117.6";"0";"26.7402";"312.58";"427.68";"0";"0"
"C";"2011-07-16";"2011-07-17";"23.2902";"87.1";"0.47";"79";"29.48";"124.79";"0";"26.7402";"312.58";"427.68";"0";"0"
"C";"2011-07-15";"2011-07-16";"23.1654";"86.63";"0.42";"79";"29.32";"111.67";"0";"26.7402";"312.58";"427.68";"0";"0"
"C";"2011-07-14";"2011-07-15";"23.0537";"86.21";"0.43";"79";"29.18";"115.79";"0";"26.7402";"312.58";"427.68";"0";"0"
"C";"2011-07-13";"2011-07-14";"22.9379";"85.78";"0.41";"79";"29.04";"108.77";"0";"26.7402";"312.58";"427.68";"0";"0"
"C";"2011-07-12";"2011-07-13";"22.8292";"85.37";"0.4";"79";"28.9";"106.22";"0";"26.7402";"312.58";"427.68";"0";"0"
"C";"2011-07-11";"2011-07-12";"22.723";"84.98";"0.4";"79";"28.76";"107.06";"0";"26.7402";"312.58";"427.68";"0";"0"
"C";"2011-07-10";"2011-07-11";"22.6159";"84.58";"0.4";"79";"28.63";"106.61";"0";"26.7402";"312.58";"427.68";"0";"0"
"C";"2011-07-09";"2011-07-10";"22.5093";"84.18";"0.4";"79";"28.49";"106.91";"0";"26.7402";"312.58";"427.68";"0";"0"
"C";"2011-07-08";"2011-07-09";"22.4024";"83.78";"0.38";"79";"28.36";"101.92";"0";"26.7402";"312.58";"427.68";"0";"0"
"C";"2011-07-07";"2011-07-08";"22.3004";"83.4";"0.4";"79";"28.23";"106.52";"0";"26.7402";"312.58";"427.68";"0";"0"
"C";"2011-07-06";"2011-07-07";"22.1939";"83";"0.41";"79";"28.09";"109.66";"0";"26.7402";"312.58";"427.68";"0";"0"
"C";"2011-07-05";"2011-07-06";"22.0843";"82.59";"0.39";"79";"27.95";"104.78";"0";"26.7402";"312.58";"427.68";"0";"0"
"C";"2011-07-04";"2011-07-05";"21.9795";"82.2";"0.33";"79";"27.82";"87.49";"0";"26.7402";"312.58";"427.68";"0";"0"
"C";"2011-07-03";"2011-07-04";"21.892";"81.87";"0.38";"79";"27.71";"102.21";"0";"26.7402";"312.58";"427.68";"0";"0"
"C";"2011-07-02";"2011-07-03";"21.7898";"81.49";"0.26";"79";"27.58";"70.15";"0";"26.7402";"312.58";"427.68";"0";"0"
"C";"2011-07-01";"2011-07-02";"21.7196";"81.22";"0.17";"79";"27.49";"45.13";"0";"26.7402";"312.58";"427.68";"0";"0"
"C";"2011-06-30";"2011-07-01";"21.6745";"81.06";"0.19";"79";"27.44";"50.46";"0";"26.7402";"312.58";"427.68";"0";"0"
"C";"2011-06-29";"2011-06-30";"21.6241";"80.87";"0.19";"79";"27.37";"50.1";"0";"26.7402";"312.58";"427.68";"0";"0"
"C";"2011-06-28";"2011-06-29";"21.574";"80.68";"0.24";"79";"27.31";"64.11";"0";"26.7402";"312.58";"427.68";"0";"0"
"C";"2011-06-27";"2011-06-28";"21.5098";"80.44";"0.35";"79";"27.23";"94.82";"0";"26.7402";"312.58";"427.68";"0";"0"
"C";"2011-06-26";"2011-06-27";"21.415";"80.09";"0.35";"79";"27.11";"109.8";"17.3";"26.7402";"312.58";"427.68";"0";"0"
"C";"2011-06-25";"2011-06-26";"21.3226";"79.74";"0.24";"79";"26.99";"108.81";"44.5";"26.7402";"312.58";"427.68";"0";"0"
"C";"2011-06-24";"2011-06-25";"21.2583";"79.5";"0.23";"79";"26.91";"112.74";"50.7";"26.7402";"312.58";"427.68";"0";"0"
"C";"2011-06-23";"2011-06-24";"21.1963";"79.27";"0.24";"79";"26.83";"115.54";"50.7";"26.7402";"312.58";"427.68";"0";"0"
"C";"2011-06-22";"2011-06-23";"21.1314";"79.02";"0.26";"79";"26.75";"120.68";"49.8";"26.7402";"312.58";"427.68";"0";"0"
"C";"2011-06-21";"2011-06-22";"21.0606";"78.76";"0.26";"79";"26.66";"119.75";"49.9";"26.7402";"312.58";"427.68";"0";"0"
"C";"2011-06-20";"2011-06-21";"20.9907";"78.5";"0.26";"79";"26.57";"120.33";"50.7";"26.7402";"312.58";"427.68";"0";"0"
"C";"2011-06-19";"2011-06-20";"20.9211";"78.24";"0.27";"79";"26.48";"123.92";"50.7";"26.7402";"312.58";"427.68";"0";"0"
"C";"2011-06-18";"2011-06-19";"20.8479";"77.96";"0.26";"79";"26.39";"120.34";"50.2";"26.7402";"312.58";"427.68";"0";"0"
"C";"2011-06-17";"2011-06-18";"20.7778";"77.7";"0.17";"79";"26.3";"96.26";"52.1";"26.7402";"312.58";"427.68";"0";"0"
"C";"2011-06-16";"2011-06-17";"20.7336";"77.54";"0.24";"79";"26.25";"76.27";"11.8";"26.7402";"312.58";"427.68";"0";"0"
"C";"2011-06-15";"2011-06-16";"20.6691";"77.3";"0.23";"79";"26.16";"65.54";"5.3";"26.7402";"312.58";"427.68";"0";"0"
"C";"2011-06-14";"2011-06-15";"20.6089";"77.07";"0.28";"79";"26.09";"80.1";"5";"26.7402";"312.58";"427.68";"0";"0"
"C";"2011-06-13";"2011-06-14";"20.5338";"76.79";"0.3";"79";"25.99";"80.46";"0.4";"26.7402";"312.58";"427.68";"0";"0"
"C";"2011-06-12";"2011-06-13";"20.4538";"76.49";"0.33";"79";"25.89";"88.32";"0.6";"26.7402";"312.58";"427.68";"0";"0"
"C";"2011-06-11";"2011-06-12";"20.366";"76.16";"0.36";"79";"25.78";"98.43";"1.1";"26.7402";"312.58";"427.68";"0";"0"
"C";"2011-06-10";"2011-06-11";"20.2687";"75.8";"0.3";"79";"25.66";"80.81";"0.7";"26.7402";"312.58";"427.68";"0";"0"
"C";"2011-06-09";"2011-06-10";"20.1886";"75.5";"0.26";"79";"25.56";"69.99";"0.6";"26.7402";"312.58";"427.68";"0";"0"
"C";"2011-06-08";"2011-06-09";"20.1191";"75.24";"0.25";"79";"25.47";"66.26";"0";"26.7402";"312.58";"427.68";"0";"0"
"C";"2011-06-07";"2011-06-08";"20.0529";"74.99";"0.27";"79";"25.38";"73.48";"0";"26.7402";"312.58";"427.68";"0";"0"
"C";"2011-06-06";"2011-06-07";"19.9794";"74.72";"0.37";"79";"25.29";"98.22";"0";"26.7402";"312.58";"427.68";"0";"0"
"C";"2011-06-05";"2011-06-06";"19.8812";"74.35";"0.36";"79";"25.17";"97.55";"0";"26.7402";"312.58";"427.68";"0";"0"
"C";"2011-06-04";"2011-06-05";"19.7836";"73.98";"0.37";"79";"25.04";"99.31";"0";"26.7402";"312.58";"427.68";"0";"0"
"C";"2011-06-03";"2011-06-04";"19.6843";"73.61";"0.41";"79";"24.92";"110.34";"0";"26.7402";"312.58";"427.68";"0";"0"
"C";"2011-06-02";"2011-06-03";"19.574";"73.2";"0.43";"79";"24.78";"116.02";"0";"26.7402";"312.58";"427.68";"0";"0"
"C";"2011-06-01";"2011-06-02";"19.458";"72.77";"0.47";"79";"24.63";"125.37";"0";"26.7402";"312.58";"427.68";"0";"0"
"C";"2011-05-31";"2011-06-01";"19.3326";"72.3";"0.64";"79";"24.47";"171.63";"0";"26.7402";"312.58";"427.68";"0";"0"
"C";"2011-05-30";"2011-05-31";"19.161";"71.66";"0.58";"79";"24.25";"155.46";"0";"26.7402";"312.58";"427.68";"0";"0"
"C";"2011-05-29";"2011-05-30";"19.0055";"71.07";"0.66";"79";"24.06";"175.76";"0";"26.7402";"312.58";"427.68";"0";"0"
"C";"2011-05-28";"2011-05-29";"18.8297";"70.42";"0.6";"79";"23.84";"160.78";"0";"26.7402";"312.58";"427.68";"0";"0"
"C";"2011-05-27";"2011-05-28";"18.669";"69.82";"0.56";"79";"23.63";"149.55";"0";"26.7402";"312.58";"427.68";"0";"0"
"C";"2011-05-26";"2011-05-27";"18.5194";"69.26";"0.47";"79";"23.44";"126.73";"0";"26.7402";"312.58";"427.68";"0";"0"
"C";"2011-05-25";"2011-05-26";"18.3927";"68.78";"0.5";"79";"23.28";"132.71";"0";"26.7402";"312.58";"427.68";"0";"0"
"C";"2011-05-24";"2011-05-25";"18.26";"68.29";"0.54";"79";"23.11";"145.01";"0";"26.7402";"312.58";"427.68";"0";"0"
"C";"2011-05-23";"2011-05-24";"18.115";"67.74";"0.71";"79";"22.93";"188.64";"0";"26.7402";"312.58";"427.68";"0";"0"
"C";"2011-05-22";"2011-05-23";"17.9263";"67.04";"0.64";"79";"22.69";"170.03";"0";"26.7402";"312.58";"427.68";"0";"0"
"C";"2011-05-21";"2011-05-22";"17.7563";"66.4";"0.65";"79";"22.48";"174.22";"0";"26.7402";"312.58";"427.68";"0";"0"
"C";"2011-05-20";"2011-05-21";"17.5821";"65.75";"0.64";"79";"22.26";"169.93";"0";"26.7402";"312.58";"427.68";"0";"0"
"C";"2011-05-19";"2011-05-20";"17.4121";"65.12";"0.64";"79";"22.04";"170.03";"0";"26.7402";"312.58";"427.68";"0";"0"
"C";"2011-05-18";"2011-05-19";"17.2421";"64.48";"0.46";"79";"21.83";"122.02";"0";"26.7402";"312.58";"427.68";"0";"0"
"C";"2011-05-17";"2011-05-18";"17.1201";"64.02";"0.43";"79";"21.67";"114.23";"0";"26.7402";"312.58";"427.68";"0";"0"
"C";"2011-05-16";"2011-05-17";"17.0058";"63.6";"0.4";"79";"21.53";"108.29";"0";"26.7402";"312.58";"427.68";"0";"0"
"C";"2011-05-15";"2011-05-16";"16.8976";"63.19";"0.43";"79";"21.39";"115.75";"0";"26.7402";"312.58";"427.68";"0";"0"
"C";"2011-05-14";"2011-05-15";"16.7818";"62.76";"0.52";"79";"21.24";"138";"0";"26.7402";"312.58";"427.68";"0";"0"
"C";"2011-05-13";"2011-05-14";"16.6438";"62.24";"0.45";"79";"21.07";"120.1";"0";"26.7402";"312.58";"427.68";"0";"0"
"C";"2011-05-12";"2011-05-13";"16.5237";"61.79";"0.46";"79";"20.92";"124.28";"0";"26.7402";"312.58";"427.68";"0";"0"
"C";"2011-05-11";"2011-05-12";"16.3994";"61.33";"0.67";"79";"20.76";"178.26";"0";"26.7402";"312.58";"427.68";"0";"0"
"C";"2011-05-10";"2011-05-11";"16.2212";"60.66";"0.52";"79";"20.53";"138.57";"0";"26.7402";"312.58";"427.68";"0";"0"
"C";"2011-05-09";"2011-05-10";"16.0826";"60.14";"0.46";"79";"20.36";"122.14";"0";"26.7402";"312.58";"427.68";"0";"0"
"C";"2011-05-08";"2011-05-09";"15.9605";"59.69";"0.59";"79";"20.2";"157.66";"0";"26.7402";"312.58";"427.68";"0";"0"
"C";"2011-05-07";"2011-05-08";"15.8028";"59.1";"0.59";"79";"20";"158.47";"0";"26.7402";"312.58";"427.68";"0";"0"
"C";"2011-05-06";"2011-05-07";"15.6443";"58.5";"0.44";"79";"19.8";"117.89";"0";"26.7402";"312.58";"427.68";"0";"0"
"C";"2011-05-05";"2011-05-06";"15.5264";"58.06";"0.37";"79";"19.65";"100.08";"0";"26.7402";"312.58";"427.68";"0";"0"
"C";"2011-05-04";"2011-05-05";"15.4264";"57.69";"0.11";"79";"19.53";"28.11";"0";"26.7402";"312.58";"427.68";"0";"0"
"C";"2011-05-03";"2011-05-04";"15.3983";"57.58";"0.29";"79";"19.49";"77.54";"0";"26.7402";"312.58";"427.68";"0";"0"
"C";"2011-05-02";"2011-05-03";"15.3207";"57.29";"0.42";"79";"19.39";"112.33";"0";"26.7402";"312.58";"427.68";"0";"0"
"C";"2011-05-01";"2011-05-02";"15.2084";"56.87";"0.57";"79";"19.25";"151.58";"0";"26.7402";"312.58";"427.68";"0";"0"
"C";"2011-04-30";"2011-05-01";"15.0568";"56.31";"0.75";"79";"19.06";"200.26";"0";"26.7402";"312.58";"427.68";"0";"0"
"C";"2011-04-29";"2011-04-30";"14.8565";"55.56";"0.71";"79";"18.81";"190.26";"0";"26.7402";"312.58";"427.68";"0";"0"
"C";"2011-04-28";"2011-04-29";"14.6663";"54.85";"0.75";"79";"18.56";"201.3";"0";"26.7402";"312.58";"427.68";"0";"0"
"C";"2011-04-27";"2011-04-28";"14.465";"54.09";"0.79";"79";"18.31";"210.08";"0";"26.7402";"312.58";"427.68";"0";"0"
"C";"2011-04-26";"2011-04-27";"14.2549";"53.31";"0.78";"79";"18.04";"208.47";"0";"26.7402";"312.58";"427.68";"0";"0"
"C";"2011-04-25";"2011-04-26";"14.0464";"52.53";"0.83";"79";"17.78";"221.7";"0";"26.7402";"312.58";"427.68";"0";"0"
"C";"2011-04-24";"2011-04-25";"13.8247";"51.7";"0.9";"79";"17.5";"241.03";"0";"26.7402";"312.58";"427.68";"0";"0"
"C";"2011-04-23";"2011-04-24";"13.5837";"50.8";"0.88";"79";"17.19";"235.24";"0";"26.7402";"312.58";"427.68";"0";"0"
"C";"2011-04-22";"2011-04-23";"13.3485";"49.92";"0.85";"79";"16.9";"228.59";"0";"26.7402";"312.58";"427.68";"0";"0"
"C";"2011-04-21";"2011-04-22";"13.1199";"49.06";"0.68";"79";"16.61";"182.81";"0";"26.7402";"312.58";"427.68";"0";"0"
"C";"2011-04-20";"2011-04-21";"12.9371";"48.38";"0.68";"79";"16.38";"180.45";"0";"26.7402";"312.58";"427.68";"0";"0"
"C";"2011-04-19";"2011-04-20";"12.7566";"47.71";"0.64";"79";"16.15";"172.04";"0";"26.7402";"312.58";"427.68";"0";"0"
"C";"2011-04-18";"2011-04-19";"12.5846";"47.06";"0.62";"79";"15.93";"166.3";"0";"26.7402";"312.58";"427.68";"0";"0"
"C";"2011-04-17";"2011-04-18";"12.4183";"46.44";"0.6";"79";"15.72";"160.74";"0";"26.7402";"312.58";"427.68";"0";"0"
"C";"2011-04-16";"2011-04-17";"12.2575";"45.84";"0.51";"79";"15.52";"136.61";"0";"26.7402";"312.58";"427.68";"0";"0"
"C";"2011-04-15";"2011-04-16";"12.1209";"45.33";"0.42";"79";"15.34";"113.21";"0";"26.7402";"312.58";"427.68";"0";"0"
"C";"2011-04-14";"2011-04-15";"12.0077";"44.91";"0.47";"79";"15.2";"126.83";"0";"26.7402";"312.58";"427.68";"0";"0"
"C";"2011-04-13";"2011-04-14";"11.8809";"44.43";"0.47";"79";"15.04";"126.4";"0";"26.7402";"312.58";"427.68";"0";"0"
"C";"2011-04-12";"2011-04-13";"11.7545";"43.96";"0.48";"79";"14.88";"129.4";"0";"26.7402";"312.58";"427.68";"0";"0"
"C";"2011-04-11";"2011-04-12";"11.6251";"43.47";"0.51";"79";"14.72";"135.46";"0";"26.7402";"312.58";"427.68";"0";"0"
"C";"2011-04-10";"2011-04-11";"11.4896";"42.97";"0.5";"79";"14.54";"134.78";"0";"26.7402";"312.58";"427.68";"0";"0"
"C";"2011-04-09";"2011-04-10";"11.3548";"42.46";"0.55";"79";"14.37";"146.45";"0";"26.7402";"312.58";"427.68";"0";"0"
"C";"2011-04-08";"2011-04-09";"11.2084";"41.92";"0.54";"79";"14.19";"145.18";"0";"26.7402";"312.58";"427.68";"0";"0"
"C";"2011-04-07";"2011-04-08";"11.0632";"41.37";"0.45";"79";"14";"120.86";"0";"26.7402";"312.58";"427.68";"0";"0"
"C";"2011-04-06";"2011-04-07";"10.9424";"40.92";"0.46";"79";"13.85";"121.9";"0";"26.7402";"312.58";"427.68";"0";"0"
"C";"2011-04-05";"2011-04-06";"10.8205";"40.47";"0.38";"79";"13.7";"102.85";"0";"26.7402";"312.58";"427.68";"0";"0"
"C";"2011-04-04";"2011-04-05";"10.7176";"40.08";"0.38";"79";"13.57";"100.86";"0";"26.7402";"312.58";"427.68";"0";"0"
"C";"2011-04-03";"2011-04-04";"10.6167";"39.7";"0.35";"79";"13.44";"93.51";"0";"26.7402";"312.58";"427.68";"0";"0"
"C";"2011-04-02";"2011-04-03";"10.5232";"39.35";"0.42";"79";"13.32";"111.82";"0";"26.7402";"312.58";"427.68";"0";"0"
"C";"2011-04-01";"2011-04-02";"10.4114";"38.94";"0.46";"79";"13.18";"123.33";"0";"26.7402";"312.58";"427.68";"0";"0"
"C";"2011-03-31";"2011-04-01";"10.2881";"40.91";"0.2";"79";"13.02";"49.71";"0";"25.1492";"312.58";"427.68";"0";"0"
"C";"2011-03-30";"2011-03-31";"10.2384";"40.71";"0.17";"79";"12.96";"43.01";"0";"25.1492";"312.58";"427.68";"0";"0"
"C";"2011-03-29";"2011-03-30";"10.1954";"40.54";"0.12";"79";"12.91";"30.18";"0";"25.1492";"312.58";"427.68";"0";"0"
"C";"2011-03-28";"2011-03-29";"10.1652";"40.42";"0.26";"79";"12.87";"64.88";"0";"25.1492";"312.58";"427.68";"0";"0"
"C";"2011-03-27";"2011-03-28";"10.1003";"40.16";"0.15";"79";"12.79";"38.02";"0";"25.1492";"312.58";"427.68";"0";"0"
"C";"2011-03-26";"2011-03-27";"10.0623";"40.01";"0.08";"79";"12.74";"21.17";"0";"25.1492";"312.58";"427.68";"0";"0"
"C";"2011-03-25";"2011-03-26";"10.0411";"39.93";"0.04";"79";"12.71";"10.89";"0";"25.1492";"312.58";"427.68";"0";"0"
"C";"2011-03-24";"2011-03-25";"10.0302";"39.88";"0.04";"79";"12.7";"10.69";"0";"25.1492";"312.58";"427.68";"0";"0"
"C";"2011-03-23";"2011-03-24";"10.0195";"39.84";"0.08";"79";"12.68";"20.91";"0.1";"25.1492";"312.58";"427.68";"0";"0"
"C";"2011-03-22";"2011-03-23";"9.9987";"39.76";"0.04";"79";"12.66";"15.96";"5.5";"25.1492";"312.58";"427.68";"0";"0"
"C";"2011-03-21";"2011-03-22";"9.9883";"39.72";"-0.11";"79";"12.64";"0";"27.6";"25.1492";"312.58";"427.68";"0";"0"
"C";"2011-03-20";"2011-03-21";"10.0159";"39.83";"-0.04";"79";"12.68";"0";"10.3";"25.1492";"312.58";"427.68";"0";"0"
"C";"2011-03-19";"2011-03-20";"10.0262";"39.87";"-0.13";"79";"12.69";"0";"33.1";"25.1492";"312.58";"427.68";"0";"0"
"C";"2011-03-18";"2011-03-19";"10.0593";"40";"-0.11";"79";"12.73";"0";"27.1";"25.1492";"312.58";"427.68";"0";"0"
"C";"2011-03-17";"2011-03-18";"10.0865";"40.11";"0";"79";"12.77";"0";"0";"25.1492";"312.58";"427.68";"0";"0"
"C";"2011-03-16";"2011-03-17";"10.0865";"40.11";"0";"79";"12.77";"0";"0.8";"25.1492";"312.58";"427.68";"0";"0"
"C";"2011-03-15";"2011-03-16";"10.0873";"40.11";"-0.04";"79";"12.77";"0";"9.2";"25.1492";"312.58";"427.68";"0";"0"
"C";"2011-03-14";"2011-03-15";"10.0965";"40.15";"-0.04";"79";"12.78";"0";"9.3";"25.1492";"312.58";"427.68";"0";"0"
"C";"2011-03-13";"2011-03-14";"10.1058";"40.18";"-0.04";"79";"12.79";"0";"9.5";"25.1492";"312.58";"427.68";"0";"0"
"C";"2011-03-12";"2011-03-13";"10.1153";"40.22";"-0.04";"79";"12.8";"0";"9.4";"25.1492";"312.58";"427.68";"0";"0"
"C";"2011-03-11";"2011-03-12";"10.1247";"40.26";"-0.1";"79";"12.82";"0";"24.2";"25.1492";"312.58";"427.68";"0";"0"
"C";"2011-03-10";"2011-03-11";"10.1488";"40.35";"-0.01";"79";"12.85";"0";"1.4";"25.1492";"312.58";"427.68";"0";"0"
"C";"2011-03-09";"2011-03-10";"10.1502";"40.36";"-0.09";"79";"12.85";"0";"23";"25.1492";"312.58";"427.68";"0";"0"
"C";"2011-03-08";"2011-03-09";"10.1732";"40.45";"-0.34";"79";"12.88";"0";"84.2";"25.1492";"312.58";"427.68";"0";"0"
"C";"2011-03-07";"2011-03-08";"10.2575";"40.79";"-0.21";"79";"12.98";"0";"52";"25.1492";"312.58";"427.68";"0";"0"
"C";"2011-03-06";"2011-03-07";"10.3094";"40.99";"-0.06";"79";"13.05";"0";"14.4";"25.1492";"312.58";"427.68";"0";"0"
"C";"2011-03-05";"2011-03-06";"10.3239";"41.05";"-0.08";"79";"13.07";"0";"19.9";"25.1492";"312.58";"427.68";"0";"0"
"C";"2011-03-04";"2011-03-05";"10.3438";"41.13";"-0.17";"79";"13.09";"0";"42.4";"25.1492";"312.58";"427.68";"0";"0"
"C";"2011-03-03";"2011-03-04";"10.3862";"41.3";"-0.33";"79";"13.15";"0";"83";"25.1492";"312.58";"427.68";"0";"0"
"C";"2011-03-02";"2011-03-03";"10.4692";"41.63";"-0.27";"79";"13.25";"0";"69.1";"25.1492";"312.58";"427.68";"0";"0"
"C";"2011-03-01";"2011-03-02";"10.5383";"41.9";"-0.25";"79";"13.34";"0.2";"62.7";"25.1492";"312.58";"427.68";"0";"0"
"C";"2011-02-28";"2011-03-01";"10.6008";"42.15";"-0.12";"79";"13.42";"13.83";"44.2";"25.1492";"312.58";"427.68";"0";"0"
"C";"2011-02-27";"2011-02-28";"10.6311";"42.27";"-0.11";"79";"13.46";"30.29";"57";"25.1492";"312.58";"427.68";"0";"0"
"C";"2011-02-26";"2011-02-27";"10.6578";"42.38";"-0.36";"79";"13.49";"0";"90.1";"25.1492";"312.58";"427.68";"0";"0"
"C";"2011-02-25";"2011-02-26";"10.7479";"42.74";"-0.51";"79";"13.6";"0";"127.2";"25.1492";"312.58";"427.68";"0";"0"
"C";"2011-02-24";"2011-02-25";"10.8751";"43.24";"-0.79";"79";"13.77";"0";"197.9";"25.1492";"312.58";"427.68";"0";"0"
"C";"2011-02-23";"2011-02-24";"11.073";"44.03";"-0.64";"79";"14.02";"0";"161.6";"25.1492";"312.58";"427.68";"0";"0"
"C";"2011-02-22";"2011-02-23";"11.2346";"44.67";"-0.65";"79";"14.22";"0";"163.3";"25.1492";"312.58";"427.68";"0";"0"
"C";"2011-02-21";"2011-02-22";"11.3979";"45.32";"-0.63";"79";"14.43";"0";"159.5";"25.1492";"312.58";"427.68";"0";"0"
"C";"2011-02-20";"2011-02-21";"11.5574";"45.96";"-0.25";"79";"14.63";"0";"63";"25.1492";"312.58";"427.68";"0";"0"
"C";"2011-02-19";"2011-02-20";"11.6204";"46.21";"-0.1";"79";"14.71";"0";"25.2";"25.1492";"312.58";"427.68";"0";"0"
"C";"2011-02-18";"2011-02-19";"11.6456";"46.31";"-0.19";"79";"14.74";"0";"48.9";"25.1492";"312.58";"427.68";"0";"0"
"C";"2011-02-17";"2011-02-18";"11.6946";"46.5";"-0.19";"79";"14.8";"0";"49";"25.1492";"312.58";"427.68";"0";"0"
"C";"2011-02-16";"2011-02-17";"11.7436";"46.7";"-0.16";"79";"14.87";"0";"39";"25.1492";"312.58";"427.68";"0";"0"
"C";"2011-02-15";"2011-02-16";"11.7826";"46.85";"-0.17";"79";"14.91";"0";"43.7";"25.1492";"312.58";"427.68";"0";"0"
"C";"2011-02-14";"2011-02-15";"11.8262";"47.02";"-0.34";"79";"14.97";"0";"85.2";"25.1492";"312.58";"427.68";"0";"0"
"C";"2011-02-13";"2011-02-14";"11.9114";"47.36";"-0.34";"79";"15.08";"0";"86.3";"25.1492";"312.58";"427.68";"0";"0"
"C";"2011-02-12";"2011-02-13";"11.9977";"47.71";"-0.11";"79";"15.19";"0";"26.9";"25.1492";"312.58";"427.68";"0";"0"
"C";"2011-02-11";"2011-02-12";"12.0246";"47.81";"-0.11";"79";"15.22";"0";"27.5";"25.1492";"312.58";"427.68";"0";"0"
"C";"2011-02-10";"2011-02-11";"12.0521";"47.92";"-0.19";"79";"15.26";"0";"48.6";"25.1492";"312.58";"427.68";"0";"0"
"C";"2011-02-09";"2011-02-10";"12.1007";"48.12";"-0.17";"79";"15.32";"0";"42.5";"25.1492";"312.58";"427.68";"0";"0"
"C";"2011-02-08";"2011-02-09";"12.1431";"48.28";"-0.14";"79";"15.37";"0";"35.8";"25.1492";"312.58";"427.68";"0";"0"
"C";"2011-02-07";"2011-02-08";"12.179";"48.43";"-0.12";"79";"15.42";"0";"29.7";"25.1492";"312.58";"427.68";"0";"0"
"C";"2011-02-06";"2011-02-07";"12.2087";"48.55";"0.03";"79";"15.45";"12.26";"4.6";"25.1492";"312.58";"427.68";"0";"0"
"C";"2011-02-05";"2011-02-06";"12.2011";"48.51";"-0.03";"79";"15.44";"0";"8.8";"25.1492";"312.58";"427.68";"0";"0"
"C";"2011-02-04";"2011-02-05";"12.2098";"48.55";"-0.33";"79";"15.46";"0";"83.9";"25.1492";"312.58";"427.68";"0";"0"
"C";"2011-02-03";"2011-02-04";"12.2938";"48.88";"-0.41";"79";"15.56";"0";"103";"25.1492";"312.58";"427.68";"0";"0"
"C";"2011-02-02";"2011-02-03";"12.3968";"49.29";"-0.71";"79";"15.69";"0";"178.6";"25.1492";"312.58";"427.68";"0";"0"
"C";"2011-02-01";"2011-02-02";"12.5754";"50";"-0.64";"79";"15.92";"0";"159.8";"25.1492";"312.58";"427.68";"0";"0"
"C";"2011-01-31";"2011-02-01";"12.7351";"50.64";"-0.94";"79";"16.12";"0";"237.3";"25.1492";"312.58";"427.68";"0";"0"
"C";"2011-01-30";"2011-01-31";"12.9724";"51.58";"-0.63";"79";"16.42";"0";"157.8";"25.1492";"312.58";"427.68";"0";"0"
"C";"2011-01-29";"2011-01-30";"13.1302";"52.21";"-0.64";"79";"16.62";"0";"160.3";"25.1492";"312.58";"427.68";"0";"0"
"C";"2011-01-28";"2011-01-29";"13.2905";"52.85";"-0.57";"79";"16.82";"0";"143.7";"25.1492";"312.58";"427.68";"0";"0"
"C";"2011-01-27";"2011-01-28";"13.4342";"53.42";"-0.53";"79";"17.01";"0";"133.1";"25.1492";"312.58";"427.68";"0";"0"
"C";"2011-01-26";"2011-01-27";"13.5673";"53.95";"-0.38";"79";"17.17";"0";"94.6";"25.1492";"312.58";"427.68";"0";"0"
"C";"2011-01-25";"2011-01-26";"13.6619";"54.32";"-0.44";"79";"17.29";"0";"109.4";"25.1492";"312.58";"427.68";"0";"0"
"C";"2011-01-24";"2011-01-25";"13.7713";"54.76";"-0.55";"79";"17.43";"0";"138.8";"25.1492";"312.58";"427.68";"0";"0"
"C";"2011-01-23";"2011-01-24";"13.9101";"55.31";"-0.39";"79";"17.61";"0";"96.9";"25.1492";"312.58";"427.68";"0";"0"
"C";"2011-01-22";"2011-01-23";"14.007";"55.7";"-0.41";"79";"17.73";"0";"103.1";"25.1492";"312.58";"427.68";"0";"0"
"C";"2011-01-21";"2011-01-22";"14.1101";"56.11";"-0.39";"79";"17.86";"0";"97.2";"25.1492";"312.58";"427.68";"0";"0"
"C";"2011-01-20";"2011-01-21";"14.2072";"56.49";"-0.31";"79";"17.98";"3.12";"80.5";"25.1492";"312.58";"427.68";"0";"0"
"C";"2011-01-19";"2011-01-20";"14.2846";"56.8";"-0.08";"79";"18.08";"16.27";"35.6";"25.1492";"312.58";"427.68";"0";"0"
"C";"2011-01-18";"2011-01-19";"14.3039";"56.88";"-0.25";"79";"18.11";"0";"63.1";"25.1492";"312.58";"427.68";"0";"0"
"C";"2011-01-17";"2011-01-18";"14.367";"57.13";"-0.25";"79";"18.19";"15.93";"79";"25.1492";"312.58";"427.68";"0";"0"
"C";"2011-01-16";"2011-01-17";"14.4301";"57.38";"-0.02";"79";"18.27";"31.01";"35.9";"25.1492";"312.58";"427.68";"0";"0"
"C";"2011-01-15";"2011-01-16";"14.4351";"57.4";"-0.01";"79";"18.27";"30.84";"32.7";"25.1492";"312.58";"427.68";"0";"0"
"C";"2011-01-14";"2011-01-15";"14.437";"57.41";"-0.03";"79";"18.27";"30.58";"38";"25.1492";"312.58";"427.68";"0";"0"
"C";"2011-01-13";"2011-01-14";"14.4444";"57.43";"-0.06";"79";"18.28";"30.74";"46.1";"25.1492";"312.58";"427.68";"0";"0"
"C";"2011-01-12";"2011-01-13";"14.4597";"57.5";"-0.08";"79";"18.3";"32.25";"52.2";"25.1492";"312.58";"427.68";"0";"0"
"C";"2011-01-11";"2011-01-12";"14.4797";"57.58";"-0.13";"79";"18.33";"30.41";"64.1";"25.1492";"312.58";"427.68";"0";"0"
"C";"2011-01-10";"2011-01-11";"14.5134";"57.71";"-0.05";"79";"18.37";"12.92";"25.3";"25.1492";"312.58";"427.68";"0";"0"
"C";"2011-01-09";"2011-01-10";"14.5258";"57.76";"0.02";"79";"18.39";"14.72";"10.4";"25.1492";"312.58";"427.68";"0";"0"
"C";"2011-01-08";"2011-01-09";"14.5215";"57.74";"0.02";"79";"18.38";"21.06";"15";"25.1492";"312.58";"427.68";"0";"0"
"C";"2011-01-07";"2011-01-08";"14.5155";"57.72";"-0.33";"79";"18.37";"0";"84.1";"25.1492";"312.58";"427.68";"0";"0"
"C";"2011-01-06";"2011-01-07";"14.5996";"58.05";"-0.6";"79";"18.48";"0";"150.9";"25.1492";"312.58";"427.68";"0";"0"
"C";"2011-01-05";"2011-01-06";"14.7505";"58.65";"-0.65";"79";"18.67";"0";"162.9";"25.1492";"312.58";"427.68";"0";"0"
"C";"2011-01-04";"2011-01-05";"14.9134";"59.3";"-0.63";"79";"18.88";"0";"158.5";"25.1492";"312.58";"427.68";"0";"0"
"C";"2011-01-03";"2011-01-04";"15.0719";"59.93";"-0.67";"79";"19.08";"0";"168.8";"25.1492";"312.58";"427.68";"0";"0"
"C";"2011-01-02";"2011-01-03";"15.2407";"60.6";"-0.28";"79";"19.29";"0";"70.8";"25.1492";"312.58";"427.68";"0";"0"
"C";"2011-01-01";"2011-01-02";"15.3114";"60.88";"0";"79";"19.38";"0";"72.4";"25.1492";"312.58";"427.68";"0";"0"